student_id,gender,age,study_hours,attendance,previous_score,assignments_completed,sleep_hours,internet_access,parent_education,extra_activities,family_income,class_participation,study_method,stress_level,final_score,performance
10001,Female,19,2.1,82.8,66.5,4,6.8,Yes,Graduate,No,Medium,3,Self Study,5,71.0,Good
10002,Male,20,4.6,87.1,80.5,6,4.7,Yes,Graduate,No,Medium,2,Self Study,8,70.7,Good
10003,Female,16,2.8,88.4,68.9,4,7.0,No,Graduate,Yes,Medium,1,Self Study,3,73.7,Good
10004,Female,17,1.2,83.2,51.9,10,,Yes,Graduate,No,Low,2,Online,8,55.2,Average
10005,Male,21,3.3,62.2,79.5,4,7.7,Yes,Graduate,No,Medium,10,Self Study,7,77.7,Good
10006,Female,20,5.9,94.8,45.1,4,6.7,Yes,School,No,Low,5,Self Study,6,63.6,Average
10007,Female,17,4.5,86.1,72.0,11,9.2,Yes,Postgraduate,Yes,Low,4,Coaching,3,99.5,Excellent
10008,Female,16,7.0,70.0,62.6,2,6.7,Yes,Graduate,No,Medium,5,Coaching,4,69.2,Good
10009,Male,17,4.1,74.1,61.7,8,7.5,Yes,Graduate,Yes,Low,6,Coaching,3,87.5,Excellent
10010,Male,18,7.7,84.3,70.4,11,6.8,No,Graduate,Yes,Medium,2,Self Study,3,99.8,Excellent
10011,Male,18,4.1,88.8,58.1,8,5.2,Yes,School,No,Medium,10,Online,5,93.5,Excellent
10012,Female,16,3.8,77.1,75.2,2,6.8,Yes,Graduate,No,Low,5,Self Study,3,77.1,Good
10013,Female,15,1.8,90.3,68.8,4,7.8,Yes,Graduate,Yes,Medium,6,Self Study,5,73.2,Good
10014,Female,18,5.6,64.1,59.4,15,7.7,Yes,Postgraduate,Yes,Medium,6,Online,2,94.5,Excellent
10015,Male,20,3.0,71.6,86.7,12,6.7,Yes,School,No,Low,10,Online,6,88.6,Excellent
10016,Male,16,2.8,61.4,70.9,6,5.4,Yes,Postgraduate,No,Medium,10,Online,8,72.2,Good
10017,Female,17,5.8,73.0,76.8,14,7.7,Yes,Postgraduate,No,Low,2,Self Study,8,77.8,Good
10018,Male,16,5.7,97.1,87.8,2,7.5,Yes,Postgraduate,Yes,High,8,Online,2,100.0,Excellent
10019,Female,16,5.6,100.0,87.6,2,7.9,No,Graduate,No,Medium,2,Self Study,3,92.5,Excellent
10020,Female,19,3.2,84.3,76.1,14,6.7,Yes,Graduate,No,Medium,1,Online,5,77.6,Good
10021,Female,17,3.7,75.6,63.8,11,5.1,Yes,Graduate,Yes,High,6,Coaching,6,72.0,Good
10022,Male,16,3.7,79.8,48.0,10,7.6,Yes,School,No,Medium,5,Self Study,4,87.3,Excellent
10023,Female,21,5.1,86.7,70.9,6,7.0,Yes,Graduate,No,Medium,5,Self Study,6,87.6,Excellent
10024,Female,16,6.3,66.4,83.3,13,8.5,Yes,Graduate,No,Medium,1,Coaching,5,96.7,Excellent
10025,Female,16,4.4,76.3,73.0,10,7.0,Yes,School,No,Medium,7,Self Study,2,88.6,Excellent
10026,Male,21,7.0,96.3,25.0,8,6.9,No,Graduate,Yes,Medium,6,Online,4,83.3,Excellent
10027,Male,18,5.2,71.5,80.2,7,7.5,Yes,School,No,Medium,1,Online,2,80.9,Excellent
10028,Male,15,3.4,74.5,81.0,6,6.3,Yes,Graduate,No,High,4,Coaching,4,85.7,Excellent
10029,Male,17,5.1,82.1,63.8,10,6.3,Yes,Graduate,No,High,2,Self Study,4,85.2,Excellent
10030,Female,18,6.5,84.8,81.8,11,6.9,No,Postgraduate,Yes,Low,10,Coaching,5,96.4,Excellent
10031,Female,16,7.0,75.7,76.8,13,6.0,No,School,Yes,High,8,Coaching,4,99.7,Excellent
10032,Female,18,5.7,82.8,58.4,7,6.7,Yes,School,No,Low,5,Self Study,4,76.7,Good
10033,Male,19,3.8,88.1,85.8,5,9.1,Yes,Graduate,No,High,1,Self Study,8,77.3,Good
10034,Male,16,3.5,100.0,50.3,9,8.1,Yes,Graduate,Yes,Medium,9,Coaching,3,85.8,Excellent
10035,Male,20,4.7,80.7,67.2,10,7.3,Yes,School,Yes,Medium,4,Self Study,5,72.6,Good
10036,Male,18,6.5,81.6,65.8,5,8.7,Yes,Graduate,Yes,Medium,6,Self Study,5,94.8,Excellent
10037,Male,21,4.5,97.3,56.4,3,6.1,Yes,Postgraduate,Yes,Low,8,Self Study,5,88.3,Excellent
10038,Male,15,4.5,76.5,72.3,6,9.7,No,Graduate,Yes,High,4,Self Study,3,83.0,Excellent
10039,Male,17,3.9,68.8,86.3,2,6.5,Yes,School,No,Low,10,Self Study,3,89.9,Excellent
10040,Female,20,3.3,84.5,85.5,3,9.2,Yes,School,No,Medium,3,Self Study,6,78.9,Good
10041,Male,21,3.5,92.8,78.1,15,9.2,Yes,Graduate,Yes,High,4,Coaching,6,95.4,Excellent
10042,Female,16,4.0,85.6,44.3,12,5.1,Yes,Graduate,No,Medium,2,Online,5,64.2,Average
10043,Female,21,6.5,81.0,49.3,2,8.6,Yes,Postgraduate,No,Medium,4,Coaching,2,82.9,Excellent
10044,Male,16,3.4,67.5,70.3,6,6.7,Yes,School,No,High,8,Self Study,5,80.7,Excellent
10045,Female,17,3.9,81.4,67.5,5,6.4,No,Graduate,No,Low,5,Self Study,8,63.2,Average
10046,Female,17,2.4,94.3,61.0,15,7.6,Yes,Postgraduate,Yes,Medium,9,Self Study,3,87.6,Excellent
10047,Male,17,4.9,69.7,94.7,8,5.9,Yes,School,No,Low,9,Coaching,4,90.5,Excellent
10048,Male,21,6.0,79.6,69.5,5,7.6,Yes,Postgraduate,Yes,Low,4,Online,4,68.6,Good
10049,Female,20,6.4,78.1,75.6,10,6.0,Yes,,No,Low,8,Online,6,92.4,Excellent
10050,Male,20,4.1,75.0,81.8,8,7.2,Yes,Graduate,No,Medium,5,Self Study,4,90.2,Excellent
10051,Male,16,4.7,84.5,68.8,4,8.5,Yes,Graduate,No,Medium,5,Self Study,5,84.5,Excellent
10052,Male,21,3.6,86.4,100.0,6,7.4,Yes,Postgraduate,Yes,Medium,3,Coaching,7,95.8,Excellent
10053,Female,18,4.6,86.3,54.8,3,6.6,Yes,Postgraduate,Yes,Medium,1,Online,2,76.2,Good
10054,Female,19,4.3,72.2,59.5,11,7.6,Yes,School,Yes,Medium,5,Online,2,94.1,Excellent
10055,Female,19,3.9,65.5,54.8,15,5.5,Yes,Graduate,Yes,Medium,7,Online,5,74.4,Good
10056,Female,19,4.0,84.6,89.9,13,6.1,Yes,School,Yes,Low,9,Self Study,7,88.5,Excellent
10057,Male,19,4.5,76.9,79.2,7,6.5,No,School,Yes,Medium,5,Online,5,80.6,Excellent
10058,Female,18,3.3,100.0,60.4,8,7.9,Yes,Graduate,No,Medium,2,Self Study,7,75.5,Good
10059,Male,19,3.4,100.0,55.9,2,7.4,No,Graduate,Yes,High,5,Self Study,2,79.4,Good
10060,Male,21,6.5,100.0,87.4,7,7.6,No,Graduate,No,Medium,3,Coaching,5,97.5,Excellent
10061,Female,17,8.1,72.6,73.1,2,7.0,Yes,School,No,Medium,10,Self Study,1,94.5,Excellent
10062,Male,18,1.9,87.7,87.7,12,6.1,Yes,School,Yes,Medium,7,Self Study,8,78.4,Good
10063,Female,16,1.8,90.7,67.2,14,8.6,Yes,School,No,Medium,10,Self Study,7,69.5,Good
10064,Female,17,2.3,89.6,75.2,4,6.2,Yes,School,No,Medium,4,Self Study,5,77.5,Good
10065,Female,20,3.6,78.5,72.2,11,7.5,Yes,School,No,Medium,5,Self Study,1,82.4,Excellent
10066,Female,19,5.2,94.8,59.3,10,6.9,Yes,Postgraduate,No,Medium,1,Coaching,4,83.8,Excellent
10067,Female,16,4.7,82.0,66.0,7,7.6,Yes,School,No,High,2,Self Study,6,71.6,Good
10068,Male,18,4.1,83.3,51.4,12,6.3,Yes,Postgraduate,No,Low,4,Coaching,6,79.2,Good
10069,Male,20,4.6,66.6,74.9,11,8.2,Yes,School,No,High,4,Coaching,8,78.4,Good
10070,Male,15,2.7,88.4,78.7,5,,Yes,Graduate,No,High,7,Self Study,4,74.2,Good
10071,Male,15,3.4,79.4,81.9,13,8.1,Yes,School,No,Low,3,Online,8,80.2,Excellent
10072,Male,17,3.8,86.6,77.3,11,7.2,Yes,School,Yes,Low,10,Self Study,1,91.7,Excellent
10073,Female,19,1.3,84.4,66.2,6,6.5,Yes,Graduate,Yes,Medium,8,Online,4,76.8,Good
10074,Male,17,1.9,83.8,89.7,12,10.0,Yes,Graduate,No,Low,9,Online,3,100.0,Excellent
10075,Male,20,2.0,81.5,80.5,10,5.9,Yes,Graduate,No,Low,4,Online,7,68.8,Good
10076,Male,20,5.0,89.9,87.4,3,8.0,Yes,Graduate,No,Medium,6,Self Study,2,96.2,Excellent
10077,Male,18,4.2,80.0,88.3,4,7.4,No,Graduate,Yes,Medium,6,Coaching,6,82.5,Excellent
10078,Female,17,4.8,67.4,66.2,6,6.9,Yes,Graduate,Yes,Low,8,Self Study,6,,
10079,Female,15,0.9,87.7,73.4,2,7.2,Yes,School,No,High,9,Online,6,74.3,Good
10080,Female,20,1.4,73.9,78.8,7,6.4,Yes,School,No,Low,6,Self Study,5,70.7,Good
10081,Female,21,4.9,68.8,51.9,8,7.5,Yes,Graduate,Yes,Low,10,Coaching,3,77.4,Good
10082,Male,18,0.5,71.8,52.2,12,7.3,Yes,Postgraduate,No,Low,5,Self Study,7,65.6,Good
10083,Female,18,5.8,84.8,49.8,4,9.9,Yes,School,No,High,3,Coaching,3,88.6,Excellent
10084,Male,20,0.9,81.0,66.5,9,8.2,Yes,Graduate,No,High,2,Coaching,7,66.3,Good
10085,Male,19,5.1,60.7,63.3,11,,Yes,Graduate,No,Low,4,Self Study,7,75.0,Good
10086,Male,15,2.4,78.2,47.9,8,7.6,Yes,Postgraduate,Yes,Medium,3,Self Study,5,71.8,Good
10087,Female,19,5.5,93.7,70.1,14,9.0,Yes,School,Yes,Low,3,Coaching,6,100.0,Excellent
10088,Male,21,8.9,77.5,66.7,6,5.9,Yes,Postgraduate,Yes,Low,5,Online,4,96.3,Excellent
10089,Male,20,0.5,80.3,84.6,7,6.8,Yes,Graduate,Yes,Low,3,Self Study,7,68.6,Good
10090,Male,18,4.9,92.4,96.2,2,4.9,No,Graduate,Yes,High,10,Coaching,3,100.0,Excellent
10091,Male,18,0.9,90.0,74.4,7,7.6,Yes,Graduate,No,Medium,4,Self Study,4,75.8,Good
10092,Female,16,4.5,92.2,58.2,2,7.9,Yes,Graduate,No,Medium,7,Self Study,3,87.0,Excellent
10093,Male,19,3.5,54.3,77.1,15,5.9,Yes,School,Yes,Low,8,Self Study,7,72.1,Good
10094,Male,16,4.0,99.3,68.1,5,8.6,Yes,School,No,High,10,Coaching,4,98.1,Excellent
10095,Male,17,2.3,88.4,64.6,13,6.2,Yes,Graduate,No,High,7,Self Study,6,72.4,Good
10096,Female,16,5.0,100.0,55.9,3,6.6,Yes,Graduate,No,Low,3,Online,4,81.3,Excellent
10097,Male,17,1.5,74.2,61.5,5,7.1,Yes,Graduate,No,Medium,6,Self Study,5,73.2,Good
10098,Male,17,5.8,64.4,65.5,3,8.8,No,Graduate,Yes,Medium,1,Coaching,1,88.3,Excellent
10099,Male,15,3.1,82.1,79.3,7,6.1,Yes,Postgraduate,Yes,High,3,Self Study,2,89.5,Excellent
10100,Female,20,1.6,79.2,75.2,10,7.3,Yes,Graduate,No,Medium,10,Coaching,5,86.7,Excellent
10101,Female,18,6.4,88.5,93.6,7,7.9,Yes,Graduate,Yes,Low,1,Self Study,4,93.8,Excellent
10102,Female,21,3.7,92.7,77.4,10,7.6,Yes,School,No,Medium,4,Self Study,3,82.2,Excellent
10103,Male,16,6.9,81.1,73.9,13,7.7,Yes,Postgraduate,Yes,Medium,1,Self Study,4,,
10104,Female,19,5.8,79.6,63.7,2,7.8,Yes,School,No,Medium,6,Coaching,8,76.8,Good
10105,Female,16,,87.2,53.5,7,6.4,Yes,Graduate,No,Low,8,Coaching,8,73.4,Good
10106,Female,18,3.7,79.4,60.0,10,8.9,Yes,Graduate,No,High,1,Self Study,4,79.0,Good
10107,Male,18,4.0,78.6,58.2,9,6.9,Yes,Graduate,Yes,High,2,Self Study,5,77.6,Good
10108,Male,18,6.2,92.4,32.1,4,6.7,Yes,School,No,Medium,9,Self Study,5,76.2,Good
10109,Male,19,4.5,94.6,53.9,4,8.5,Yes,Graduate,No,Medium,3,Self Study,5,79.6,Good
10110,Female,20,4.1,92.8,90.4,7,6.3,Yes,School,No,Medium,1,Self Study,6,87.9,Excellent
10111,Male,17,3.5,80.3,73.2,11,7.4,Yes,Graduate,No,Medium,1,Self Study,5,74.4,Good
10112,Male,20,3.7,60.6,62.7,15,6.2,Yes,Graduate,No,Low,10,Self Study,5,84.3,Excellent
10113,Male,16,5.9,80.5,73.6,7,9.8,No,Graduate,No,Medium,10,Self Study,3,96.8,Excellent
10114,Female,17,3.8,74.4,40.7,9,9.5,Yes,School,No,Medium,2,Self Study,5,70.4,Good
10115,Male,17,3.2,80.7,71.9,6,6.9,No,Graduate,No,High,3,Coaching,1,93.4,Excellent
10116,Female,21,,75.3,85.9,2,7.6,Yes,School,No,Low,2,Coaching,5,62.4,Average
10117,Female,15,2.9,81.8,66.3,7,7.0,Yes,Graduate,No,Medium,5,Coaching,1,91.5,Excellent
10118,Female,17,1.6,71.6,43.2,6,6.6,Yes,Postgraduate,Yes,Medium,9,Self Study,6,63.8,Average
10119,Male,17,2.6,69.2,62.2,4,7.1,Yes,School,Yes,High,8,Self Study,3,71.2,Good
10120,Female,20,6.2,94.2,85.9,11,7.0,Yes,Graduate,No,Medium,4,Self Study,6,94.0,Excellent
10121,Female,18,3.5,72.3,71.6,5,5.3,Yes,School,No,Medium,7,Coaching,5,70.6,Good
10122,Female,21,4.9,82.0,48.1,5,7.3,No,Graduate,Yes,Medium,3,Online,4,76.8,Good
10123,Male,20,0.5,91.5,100.0,7,7.0,Yes,Graduate,No,Medium,10,Coaching,6,83.4,Excellent
10124,Male,19,4.7,91.1,50.4,15,7.3,Yes,Graduate,Yes,Medium,6,Online,3,96.6,Excellent
10125,Male,20,3.5,89.9,64.6,10,6.9,Yes,Graduate,Yes,Medium,10,Self Study,7,87.3,Excellent
10126,Male,16,3.0,85.0,53.5,7,6.6,No,Postgraduate,No,Medium,3,Self Study,6,69.2,Good
10127,Male,18,4.1,89.2,53.5,13,8.0,Yes,Postgraduate,No,Medium,10,Self Study,4,79.1,Good
10128,Male,19,3.0,95.7,61.7,2,7.6,Yes,Postgraduate,No,Low,3,Self Study,3,68.2,Good
10129,Male,16,0.5,86.3,76.9,6,8.5,Yes,School,No,Medium,7,Self Study,5,74.5,Good
10130,Female,15,5.3,63.6,86.1,9,7.5,Yes,Postgraduate,No,High,1,Online,4,90.9,Excellent
10131,Male,15,4.2,76.7,62.6,8,6.8,Yes,Graduate,No,Medium,3,Self Study,3,84.5,Excellent
10132,Female,20,3.3,89.0,53.9,11,7.7,Yes,School,No,High,6,Online,4,65.6,Good
10133,Female,19,2.3,75.7,74.7,11,4.8,No,Graduate,Yes,Medium,6,Online,4,75.3,Good
10134,Male,16,,98.2,75.1,8,9.3,Yes,School,Yes,Medium,2,Coaching,4,86.1,Excellent
10135,Female,20,4.2,81.4,71.4,15,7.3,Yes,Graduate,Yes,Medium,1,Online,4,85.8,Excellent
10136,Male,19,6.4,82.9,71.9,14,9.4,Yes,School,Yes,High,9,Self Study,4,100.0,Excellent
10137,Female,20,4.1,93.2,66.4,8,6.0,Yes,Graduate,Yes,Low,3,Online,5,70.7,Good
10138,Male,21,1.6,,69.4,14,5.8,Yes,School,Yes,Low,8,Coaching,6,82.7,Excellent
10139,Female,21,4.2,83.8,65.5,10,7.4,No,School,Yes,Low,2,Coaching,5,74.4,Good
10140,Male,16,3.7,,83.0,3,7.4,Yes,Postgraduate,No,Medium,3,Coaching,4,93.5,Excellent
10141,Male,20,5.2,67.3,99.2,3,7.4,Yes,Graduate,Yes,Medium,1,Online,5,95.6,Excellent
10142,Male,17,4.8,79.1,70.5,3,7.2,Yes,Graduate,Yes,Medium,6,Online,1,96.8,Excellent
10143,Female,17,0.5,90.3,67.9,4,6.3,No,Graduate,Yes,Low,6,Self Study,5,66.3,Good
10144,Female,19,4.7,82.7,71.6,6,5.4,Yes,Postgraduate,Yes,Medium,6,Self Study,4,83.3,Excellent
10145,Male,19,2.2,96.7,58.8,2,7.3,Yes,Graduate,No,Low,8,Self Study,5,68.9,Good
10146,Male,17,1.5,66.2,78.7,10,5.6,Yes,School,No,Medium,7,Coaching,4,88.2,Excellent
10147,Male,21,3.5,65.1,74.2,7,5.5,Yes,Postgraduate,No,Medium,3,Self Study,6,72.0,Good
10148,Female,16,4.5,89.7,62.1,10,6.6,Yes,Graduate,No,Medium,5,Coaching,6,88.8,Excellent
10149,Male,15,1.2,90.7,80.6,9,7.5,Yes,School,No,Medium,1,Self Study,3,80.5,Excellent
10150,Male,15,4.9,80.1,68.3,5,9.2,Yes,School,No,Medium,7,Online,4,84.0,Excellent
10151,Female,20,5.0,86.0,54.4,10,8.1,Yes,School,Yes,Medium,4,Online,2,84.8,Excellent
10152,Female,17,3.9,89.5,72.9,15,8.6,Yes,Postgraduate,Yes,High,2,Self Study,5,99.0,Excellent
10153,Male,18,2.4,73.9,71.3,6,7.7,Yes,Postgraduate,No,Medium,9,Self Study,4,82.2,Excellent
10154,Female,19,2.2,74.9,81.4,6,7.4,Yes,Graduate,No,Medium,5,Online,4,78.1,Good
10155,Male,18,5.4,83.9,79.6,9,9.8,Yes,Graduate,No,Medium,1,Self Study,1,92.3,Excellent
10156,Female,19,1.4,91.0,66.5,13,5.5,Yes,Postgraduate,Yes,Medium,1,Self Study,5,76.4,Good
10157,Male,15,5.5,70.3,61.4,9,6.5,Yes,Graduate,No,Medium,3,Online,2,81.6,Excellent
10158,Female,16,3.5,80.0,68.0,13,6.6,Yes,Graduate,No,Medium,10,Coaching,2,97.5,Excellent
10159,Female,21,3.6,79.6,73.1,3,8.0,No,Postgraduate,No,Medium,1,Online,5,89.4,Excellent
10160,Female,18,1.1,86.2,74.8,3,5.9,Yes,School,No,Medium,5,Self Study,7,68.0,Good
10161,Male,16,3.6,81.9,72.2,7,7.8,Yes,School,Yes,High,4,Coaching,5,93.1,Excellent
10162,Female,17,4.8,76.5,66.7,5,7.6,No,Graduate,Yes,Low,7,Online,2,81.4,Excellent
10163,Male,17,1.7,94.5,82.0,2,7.9,Yes,Graduate,Yes,Medium,6,Coaching,5,86.1,Excellent
10164,Male,16,4.6,76.6,58.6,5,7.9,No,School,Yes,Medium,5,Online,5,81.9,Excellent
10165,Female,17,3.9,79.1,100.0,5,8.7,Yes,Graduate,No,Low,9,Online,4,100.0,Excellent
10166,Male,20,2.8,66.1,78.7,14,6.9,Yes,Graduate,Yes,Low,1,Self Study,5,84.0,Excellent
10167,Female,15,5.2,74.9,52.2,12,7.6,Yes,Graduate,Yes,Medium,4,Self Study,3,83.8,Excellent
10168,Female,17,0.5,87.2,70.6,6,6.2,No,Postgraduate,Yes,Low,1,Coaching,5,71.6,Good
10169,Male,18,4.4,85.2,78.8,15,5.9,Yes,Postgraduate,No,High,4,Online,4,90.3,Excellent
10170,Female,18,6.4,88.0,63.1,13,8.9,Yes,Graduate,Yes,Medium,3,Coaching,5,100.0,Excellent
10171,Male,21,6.1,87.5,47.1,5,6.1,Yes,Graduate,Yes,Medium,9,Self Study,5,76.6,Good
10172,Male,21,4.4,100.0,53.5,8,7.7,Yes,Graduate,No,Medium,7,Coaching,3,95.6,Excellent
10173,Male,17,3.3,74.5,75.6,14,7.6,Yes,School,Yes,Low,3,Coaching,6,86.0,Excellent
10174,Female,18,2.8,65.8,43.4,8,8.3,Yes,Graduate,No,Low,7,Self Study,2,76.6,Good
10175,Male,15,3.3,71.5,47.7,7,5.2,Yes,Graduate,Yes,Medium,9,Coaching,5,83.9,Excellent
10176,Male,19,4.7,75.0,75.5,14,8.0,Yes,Postgraduate,No,Medium,2,Online,2,100.0,Excellent
10177,Male,16,2.5,72.3,64.9,11,6.9,Yes,Postgraduate,No,Medium,6,Self Study,3,73.7,Good
10178,Female,15,5.0,82.9,58.3,8,6.3,Yes,School,Yes,Medium,5,Self Study,2,86.6,Excellent
10179,Female,19,7.2,94.5,61.1,14,6.7,Yes,Postgraduate,No,Medium,10,Self Study,3,94.2,Excellent
10180,Female,16,3.7,97.4,47.4,12,8.1,Yes,Graduate,Yes,High,4,Self Study,6,79.4,Good
10181,Female,18,1.6,87.0,74.8,6,7.8,Yes,School,Yes,Medium,7,Coaching,5,77.2,Good
10182,Female,15,1.6,100.0,56.7,7,6.9,No,Graduate,No,Medium,6,Online,4,78.1,Good
10183,Male,20,5.0,78.4,60.5,2,5.7,Yes,Postgraduate,No,Low,4,Coaching,4,71.8,Good
10184,Male,20,3.7,65.7,72.9,3,5.8,Yes,Graduate,Yes,Medium,4,Online,1,76.2,Good
10185,Female,19,5.2,92.5,64.4,15,7.8,Yes,Graduate,No,Medium,9,Coaching,5,100.0,Excellent
10186,Female,20,2.9,63.6,58.1,2,5.6,Yes,Graduate,Yes,Medium,9,Self Study,1,81.6,Excellent
10187,Male,18,5.1,74.4,40.1,13,6.9,Yes,Graduate,Yes,Low,3,Self Study,3,75.7,Good
10188,Male,16,3.5,87.2,73.1,4,9.9,Yes,Graduate,Yes,Low,5,Self Study,4,96.1,Excellent
10189,Female,16,2.6,81.0,69.1,9,7.5,Yes,Graduate,No,Medium,2,Self Study,6,71.5,Good
10190,Male,16,3.2,80.1,60.8,12,7.8,Yes,Postgraduate,No,Medium,5,Self Study,5,84.4,Excellent
10191,Female,16,1.9,70.2,53.5,15,,Yes,Graduate,No,Medium,9,Coaching,5,78.1,Good
10192,Male,17,7.0,81.9,68.2,7,5.6,Yes,School,No,Medium,8,Self Study,7,83.1,Excellent
10193,Male,16,3.6,92.0,74.7,14,7.9,Yes,Graduate,No,Low,5,Self Study,8,90.0,Excellent
10194,Female,19,4.8,82.2,69.4,8,6.7,Yes,Graduate,Yes,Medium,8,Self Study,4,84.0,Excellent
10195,Male,16,2.9,73.7,90.9,14,8.3,No,Graduate,Yes,Medium,6,Online,4,82.0,Excellent
10196,Male,19,2.1,69.5,77.9,3,7.2,Yes,Graduate,No,Low,5,Self Study,5,69.9,Good
10197,Female,17,3.4,73.9,66.5,5,10.0,Yes,School,Yes,Low,1,Coaching,3,74.8,Good
10198,Female,19,5.6,85.9,78.3,10,6.5,Yes,Graduate,Yes,Medium,2,Self Study,5,94.9,Excellent
10199,Male,18,3.0,85.4,68.7,11,7.4,Yes,Postgraduate,Yes,Medium,6,Self Study,7,74.6,Good
10200,Male,21,2.4,74.0,68.6,13,6.1,Yes,Graduate,Yes,Medium,1,Self Study,1,83.6,Excellent
10201,Female,18,4.0,59.9,86.1,7,8.2,Yes,Graduate,No,Low,1,Self Study,4,81.4,Excellent
10202,Female,17,4.6,86.2,55.4,10,7.6,Yes,Graduate,No,Medium,4,Self Study,7,78.3,Good
10203,Male,19,6.4,73.0,68.3,10,6.1,No,Graduate,No,Medium,6,Self Study,5,91.8,Excellent
10204,Male,19,4.4,88.9,84.7,15,6.8,Yes,Graduate,No,High,8,Coaching,5,100.0,Excellent
10205,Male,18,4.8,74.4,72.3,3,8.6,Yes,Graduate,No,Medium,10,Self Study,1,93.4,Excellent
10206,Male,18,5.0,72.1,62.8,2,8.5,Yes,Graduate,Yes,Low,7,Self Study,5,80.2,Excellent
10207,Male,18,2.0,83.5,44.1,10,5.6,Yes,Graduate,No,High,10,Self Study,7,68.9,Good
10208,Female,17,2.3,100.0,36.2,2,6.6,Yes,Graduate,Yes,Medium,3,Online,5,54.9,Average
10209,Male,17,2.1,89.5,97.1,4,9.1,Yes,Graduate,No,High,7,Self Study,4,90.8,Excellent
10210,Male,21,1.7,83.4,72.3,9,6.9,Yes,School,No,Medium,1,Coaching,6,69.3,Good
10211,Female,19,5.1,85.6,59.8,5,7.3,Yes,Graduate,Yes,Medium,2,Coaching,3,80.0,Good
10212,Female,15,4.3,64.5,72.9,5,8.2,Yes,Graduate,No,Medium,7,Self Study,2,84.2,Excellent
10213,Male,21,3.9,70.8,54.7,6,5.6,Yes,School,No,Low,4,Self Study,6,64.1,Average
10214,Female,19,0.5,56.9,63.4,11,6.1,Yes,School,No,Medium,6,Coaching,8,58.6,Average
10215,Female,15,7.1,99.3,54.8,7,6.8,Yes,Graduate,Yes,Low,10,Online,3,100.0,Excellent
10216,Female,20,2.4,97.3,48.2,13,8.4,Yes,Graduate,Yes,Low,8,Online,3,88.2,Excellent
10217,Male,19,7.1,85.9,38.5,4,8.2,Yes,Graduate,No,Medium,4,Self Study,2,69.2,Good
10218,Male,21,1.5,83.4,45.6,3,7.9,Yes,Graduate,No,High,7,Self Study,5,58.5,Average
10219,Female,18,2.5,66.5,82.3,4,7.0,Yes,Postgraduate,Yes,High,10,Self Study,3,74.8,Good
10220,Male,18,0.5,79.8,54.2,14,8.4,Yes,School,No,Medium,3,Self Study,7,61.8,Average
10221,Male,17,4.4,99.9,75.5,5,6.9,Yes,Graduate,No,Medium,6,Online,4,88.2,Excellent
10222,Male,17,2.0,83.3,81.4,2,7.7,Yes,Graduate,Yes,Low,8,Self Study,6,77.4,Good
10223,Female,19,2.1,76.4,68.2,6,8.1,Yes,Graduate,Yes,Medium,7,Self Study,4,82.9,Excellent
10224,Female,20,1.6,64.4,63.8,11,9.0,No,Postgraduate,Yes,High,5,Self Study,6,73.6,Good
10225,Male,21,5.0,95.8,69.9,7,7.0,Yes,Postgraduate,Yes,Medium,5,Online,5,86.8,Excellent
10226,Female,20,4.9,81.3,62.2,7,6.7,Yes,School,Yes,Medium,6,Self Study,2,84.9,Excellent
10227,Male,19,6.7,64.4,84.9,3,8.5,Yes,School,Yes,Medium,5,Self Study,2,90.7,Excellent
10228,Female,18,2.7,72.8,94.3,11,8.6,Yes,Postgraduate,No,Medium,4,Self Study,4,83.1,Excellent
10229,Female,17,4.2,69.2,88.3,5,6.5,Yes,School,No,High,9,Self Study,4,94.4,Excellent
10230,Male,20,1.7,80.7,37.9,3,5.9,Yes,Postgraduate,No,High,8,Self Study,7,62.5,Average
10231,Male,17,3.3,84.1,61.9,12,8.5,Yes,School,Yes,Medium,7,Online,3,94.8,Excellent
10232,Male,16,3.0,77.0,68.1,15,5.3,Yes,Graduate,No,Low,2,Coaching,6,68.4,Good
10233,Female,21,4.5,89.8,74.5,10,5.2,Yes,School,Yes,High,6,Coaching,6,79.0,Good
10234,Female,19,5.4,82.8,43.8,15,6.8,Yes,Graduate,No,Medium,3,Self Study,4,75.5,Good
10235,Female,17,5.4,92.6,43.6,7,7.1,Yes,School,Yes,Low,2,Self Study,6,71.7,Good
10236,Female,21,2.5,78.4,86.3,9,5.8,Yes,Graduate,No,Low,3,Coaching,3,87.9,Excellent
10237,Male,21,5.4,100.0,60.2,7,7.2,Yes,Postgraduate,No,Medium,2,Self Study,4,87.2,Excellent
10238,Female,17,3.7,76.4,47.2,9,7.3,Yes,School,No,High,8,Coaching,3,81.0,Excellent
10239,Male,18,3.3,73.0,52.5,14,6.5,Yes,Graduate,No,High,6,Coaching,5,84.4,Excellent
10240,Male,18,2.7,71.7,73.5,10,9.2,Yes,School,No,High,8,Self Study,4,83.0,Excellent
10241,Female,19,2.9,79.9,56.5,2,7.5,Yes,Graduate,No,Medium,10,Self Study,5,79.6,Good
10242,Female,21,6.6,64.8,71.4,10,8.2,Yes,School,Yes,High,3,Online,4,100.0,Excellent
10243,Male,18,4.3,84.9,54.3,7,5.4,Yes,Graduate,No,Low,2,Online,5,64.6,Average
10244,Female,20,4.1,62.9,43.6,9,5.4,Yes,Graduate,Yes,Low,2,Self Study,5,60.8,Average
10245,Female,19,3.4,83.6,87.9,9,7.5,Yes,Postgraduate,Yes,Low,1,Self Study,6,75.2,Good
10246,Female,21,7.7,68.5,73.6,10,9.0,Yes,Postgraduate,No,Medium,1,Coaching,1,95.9,Excellent
10247,Female,17,5.9,78.2,63.3,14,5.9,Yes,School,No,High,6,Coaching,5,92.2,Excellent
10248,Male,17,2.6,88.0,60.7,14,7.2,Yes,School,Yes,High,7,Self Study,2,78.5,Good
10249,Male,17,3.4,100.0,88.5,15,5.6,Yes,School,No,High,3,Online,1,95.8,Excellent
10250,Male,21,3.5,71.2,,10,6.2,Yes,Graduate,Yes,Medium,6,Online,8,84.1,Excellent
10251,Female,19,4.0,80.5,,5,7.2,No,School,No,Medium,3,Self Study,3,83.7,Excellent
10252,Female,16,,74.8,59.8,4,6.5,Yes,Postgraduate,No,Medium,8,Self Study,4,79.0,Good
10253,Male,15,4.5,73.3,68.7,13,5.6,Yes,Postgraduate,Yes,Medium,8,Self Study,2,86.0,Excellent
10254,Male,18,6.1,74.9,73.6,14,5.5,Yes,School,Yes,Medium,8,Online,4,95.2,Excellent
10255,Male,20,1.7,90.2,,2,4.9,No,School,No,Medium,6,Coaching,6,73.9,Good
10256,Female,18,2.0,77.1,66.7,5,7.5,Yes,Graduate,Yes,Low,9,Online,5,71.7,Good
10257,Female,18,3.0,100.0,59.8,11,7.7,Yes,,No,Medium,1,Coaching,3,80.4,Excellent
10258,Male,20,3.1,86.2,73.6,4,7.7,Yes,Graduate,No,High,5,Coaching,4,87.9,Excellent
10259,Male,18,7.0,71.9,49.5,2,6.0,No,School,Yes,Medium,1,Self Study,5,,
10260,Female,21,5.4,78.3,76.0,15,8.1,No,Postgraduate,No,Medium,9,Self Study,4,100.0,Excellent
10261,Male,19,5.3,74.0,72.3,3,7.8,Yes,Graduate,No,High,1,Online,4,72.6,Good
10262,Female,20,3.4,90.0,65.2,4,7.0,Yes,School,Yes,Medium,5,Self Study,6,60.4,Average
10263,Male,20,3.3,65.6,74.3,15,6.8,Yes,School,No,Medium,2,Online,5,,
10264,Male,19,1.5,68.6,62.9,3,6.3,Yes,Graduate,Yes,Medium,8,Self Study,8,57.1,Average
10265,Female,15,5.1,76.1,58.6,13,7.2,Yes,School,Yes,Medium,5,Coaching,4,82.6,Excellent
10266,Male,17,4.6,88.8,75.6,9,8.8,No,Postgraduate,No,Medium,6,Coaching,5,97.7,Excellent
10267,Male,15,5.9,94.3,76.2,9,8.3,Yes,Graduate,No,Medium,10,Self Study,5,100.0,Excellent
10268,Male,18,3.5,95.8,60.9,13,6.7,Yes,Postgraduate,No,Medium,10,Self Study,2,87.9,Excellent
10269,Male,16,3.6,87.3,59.7,2,7.6,Yes,Graduate,No,Medium,5,Online,5,77.7,Good
10270,Male,18,4.1,81.2,65.4,2,5.8,Yes,Postgraduate,No,Low,4,Self Study,4,72.5,Good
10271,Male,17,5.2,89.9,60.3,4,7.8,Yes,Graduate,Yes,High,3,Self Study,2,89.3,Excellent
10272,Male,15,1.4,70.6,89.4,8,6.1,Yes,Graduate,No,Medium,7,Coaching,5,81.4,Excellent
10273,Male,15,5.0,63.6,72.4,15,7.8,Yes,School,No,High,10,Coaching,4,88.0,Excellent
10274,Female,18,3.8,86.4,68.2,2,10.0,Yes,Graduate,No,Medium,6,Online,1,85.2,Excellent
10275,Female,15,2.1,71.9,54.9,7,6.4,Yes,Graduate,No,Low,6,Self Study,5,52.1,Average
10276,Male,20,0.5,81.3,78.3,8,10.0,Yes,Graduate,No,Medium,10,Self Study,5,83.7,Excellent
10277,Male,20,3.6,83.2,59.4,4,7.5,Yes,Graduate,No,Medium,2,Self Study,6,71.7,Good
10278,Male,19,6.1,84.5,58.9,6,6.2,Yes,School,Yes,Medium,1,Online,3,77.0,Good
10279,Female,16,6.5,91.4,78.8,4,6.1,Yes,Graduate,Yes,Medium,1,Online,6,85.8,Excellent
10280,Female,20,4.4,90.3,73.4,3,9.6,Yes,School,No,Medium,6,Coaching,5,80.9,Excellent
10281,Male,19,6.9,84.0,33.0,9,7.5,Yes,Graduate,Yes,Medium,9,Self Study,4,91.4,Excellent
10282,Male,17,3.7,77.6,65.8,15,6.4,Yes,Graduate,Yes,Medium,3,Online,7,71.9,Good
10283,Male,15,5.3,83.1,69.8,7,6.8,No,Postgraduate,No,High,8,Self Study,8,82.8,Excellent
10284,Male,18,3.1,76.0,63.2,10,7.5,Yes,Graduate,Yes,Medium,9,Self Study,4,76.4,Good
10285,Female,20,3.0,80.0,70.2,11,7.0,Yes,Postgraduate,Yes,Medium,10,Self Study,4,90.7,Excellent
10286,Male,15,2.7,100.0,42.7,13,7.4,Yes,Postgraduate,No,Low,8,Coaching,6,84.0,Excellent
10287,Male,15,0.5,83.8,28.4,13,9.0,Yes,School,Yes,Low,4,Self Study,3,49.6,Poor
10288,Male,17,5.9,86.5,54.3,14,5.8,Yes,Graduate,Yes,Medium,7,Self Study,2,96.8,Excellent
10289,Female,18,2.8,74.9,72.0,13,7.7,No,School,Yes,Medium,6,Coaching,7,87.6,Excellent
10290,Male,18,2.5,92.2,25.0,15,6.9,Yes,Postgraduate,No,High,5,Coaching,6,71.8,Good
10291,Female,17,1.9,,,15,6.5,Yes,Graduate,No,Medium,8,Self Study,4,77.3,Good
10292,Male,16,3.5,89.7,41.1,12,8.2,Yes,School,Yes,Medium,7,Self Study,10,67.3,Good
10293,Female,15,6.6,,64.6,8,5.4,Yes,School,No,Medium,9,Coaching,2,91.9,Excellent
10294,Male,15,7.2,92.3,95.4,6,4.4,Yes,Graduate,Yes,High,6,Self Study,5,100.0,Excellent
10295,Female,15,,94.7,,9,7.2,Yes,School,No,High,7,Self Study,4,83.0,Excellent
10296,Female,19,3.2,84.8,66.5,13,6.8,Yes,Graduate,Yes,Medium,3,Online,8,81.6,Excellent
10297,Female,20,2.1,80.9,79.7,12,5.5,Yes,Postgraduate,No,Medium,5,Coaching,4,97.5,Excellent
10298,Female,18,5.4,90.9,68.3,9,5.1,No,School,No,High,9,Self Study,4,97.1,Excellent
10299,Female,15,4.3,73.0,65.0,3,9.1,Yes,Graduate,No,Low,8,Coaching,1,86.5,Excellent
10300,Female,17,2.8,74.8,81.0,5,7.5,Yes,Graduate,Yes,Medium,6,Coaching,8,77.7,Good
10301,Female,21,3.9,81.5,74.6,10,7.0,Yes,Graduate,No,High,6,Self Study,4,100.0,Excellent
10302,Male,16,3.0,64.6,72.0,7,9.4,Yes,School,Yes,Medium,3,Coaching,5,72.3,Good
10303,Female,18,6.4,90.3,66.1,8,8.1,Yes,School,No,High,4,Coaching,4,92.2,Excellent
10304,Male,18,4.7,72.4,63.2,6,8.9,Yes,Postgraduate,No,Medium,7,Self Study,3,81.1,Excellent
10305,Female,17,4.9,77.3,80.8,3,5.7,Yes,,No,Medium,2,Self Study,1,75.8,Good
10306,Male,18,0.5,79.9,63.3,8,5.7,No,Graduate,No,Medium,1,Self Study,5,56.1,Average
10307,Male,18,3.7,82.4,,8,7.7,No,Postgraduate,No,Medium,6,Coaching,4,87.3,Excellent
10308,Female,18,7.1,78.6,53.3,12,7.5,Yes,School,No,High,8,Coaching,4,90.6,Excellent
10309,Male,20,5.9,81.3,88.1,3,8.4,Yes,School,Yes,Medium,10,Coaching,7,97.7,Excellent
10310,Male,19,0.8,81.4,74.6,8,,Yes,School,Yes,High,5,Self Study,7,68.7,Good
10311,Male,15,3.3,77.5,54.4,13,7.8,Yes,Graduate,No,Medium,2,Coaching,6,80.1,Excellent
10312,Male,15,1.9,,75.1,5,8.1,Yes,Graduate,No,High,7,Coaching,4,83.1,Excellent
10313,Male,17,6.5,92.8,58.9,6,8.0,Yes,Graduate,No,Medium,4,Self Study,2,92.0,Excellent
10314,Male,21,4.2,61.0,68.5,3,6.6,No,School,No,Low,2,Online,4,65.3,Good
10315,Male,15,2.6,79.9,61.2,10,7.6,Yes,Graduate,No,Medium,7,Self Study,4,90.2,Excellent
10316,Male,15,3.9,77.3,66.1,13,6.1,Yes,Postgraduate,Yes,Low,8,Self Study,5,82.4,Excellent
10317,Male,19,0.5,86.2,81.2,8,6.7,Yes,Graduate,Yes,Low,1,Online,5,76.7,Good
10318,Female,18,2.1,67.5,75.3,7,5.9,Yes,School,No,High,8,Coaching,2,76.2,Good
10319,Male,16,3.9,77.0,52.2,12,6.2,Yes,Graduate,Yes,High,6,Self Study,7,74.5,Good
10320,Female,16,5.2,81.0,53.0,8,6.7,Yes,School,Yes,Low,8,Self Study,4,90.6,Excellent
10321,Female,19,0.7,92.7,71.8,7,6.5,No,School,No,Low,7,Coaching,5,75.6,Good
10322,Male,18,3.2,85.3,72.8,12,6.2,Yes,Graduate,Yes,Medium,5,Self Study,3,79.5,Good
10323,Male,19,,70.2,58.6,5,5.6,Yes,Graduate,No,High,4,Coaching,4,73.9,Good
10324,Female,16,1.5,77.1,90.3,13,9.2,Yes,Postgraduate,No,Medium,7,Coaching,3,100.0,Excellent
10325,Female,18,4.2,90.9,79.4,5,6.4,Yes,School,No,Medium,2,Self Study,3,83.6,Excellent
10326,Female,21,3.9,70.0,59.2,9,7.4,Yes,School,No,Medium,6,Coaching,5,75.2,Good
10327,Female,17,6.5,81.2,57.9,5,5.1,Yes,Graduate,No,High,8,Self Study,4,82.2,Excellent
10328,Female,17,3.4,81.9,64.8,10,8.5,Yes,Graduate,No,Medium,3,Coaching,6,77.6,Good
10329,Female,16,3.5,78.1,63.4,8,7.2,Yes,Graduate,No,Low,1,Self Study,4,80.4,Excellent
10330,Male,19,5.2,100.0,85.6,5,6.5,Yes,Graduate,Yes,Medium,1,Self Study,5,85.1,Excellent
10331,Female,15,1.7,77.9,81.8,12,6.5,Yes,School,Yes,High,6,Self Study,5,79.1,Good
10332,Male,16,3.4,86.5,68.5,15,8.0,Yes,Graduate,No,Medium,5,Self Study,5,89.9,Excellent
10333,Female,19,3.1,,77.5,2,4.0,Yes,Postgraduate,No,High,7,Coaching,4,75.4,Good
10334,Female,15,3.6,87.3,79.5,9,6.1,Yes,School,Yes,High,9,Self Study,6,82.7,Excellent
10335,Male,21,5.2,90.7,68.8,12,6.9,Yes,Graduate,Yes,Low,10,Self Study,2,98.4,Excellent
10336,Female,17,4.7,76.1,73.6,12,6.9,Yes,School,Yes,Medium,4,Online,5,85.6,Excellent
10337,Male,17,2.6,81.5,76.3,5,9.8,Yes,Graduate,Yes,High,2,Self Study,2,81.2,Excellent
10338,Female,18,4.0,73.0,74.8,3,6.6,Yes,Graduate,Yes,Low,8,Self Study,4,83.3,Excellent
10339,Male,19,6.2,70.6,57.1,9,8.1,Yes,Graduate,No,Medium,1,Self Study,5,80.0,Good
10340,Female,18,2.5,92.4,58.5,10,9.0,Yes,School,No,Medium,7,Coaching,6,68.3,Good
10341,Male,21,4.0,76.5,64.0,6,7.7,Yes,Graduate,No,High,3,Self Study,6,80.0,Good
10342,Female,21,3.5,57.9,58.1,7,6.3,Yes,School,No,Low,4,Self Study,4,62.2,Average
10343,Female,16,3.7,99.7,47.4,9,5.6,Yes,Graduate,Yes,Medium,2,Online,7,74.8,Good
10344,Female,19,1.2,74.0,77.5,8,7.8,Yes,Graduate,No,Medium,1,Self Study,4,84.3,Excellent
10345,Female,17,6.1,79.5,72.8,8,8.8,Yes,School,No,Medium,2,Online,3,89.5,Excellent
10346,Female,21,2.6,98.4,49.2,11,7.6,Yes,Graduate,No,Low,5,Self Study,5,70.5,Good
10347,Female,16,5.4,80.6,64.6,15,8.4,Yes,Graduate,Yes,Low,3,Self Study,5,94.7,Excellent
10348,Male,17,2.8,80.4,65.4,13,9.9,Yes,Postgraduate,No,High,4,Coaching,3,86.4,Excellent
10349,Female,19,2.8,69.7,70.5,2,7.9,Yes,School,No,High,2,Self Study,6,77.7,Good
10350,Male,20,5.7,65.7,52.9,6,,Yes,Graduate,Yes,Medium,2,Self Study,5,68.9,Good
10351,Female,15,5.4,80.3,49.0,2,7.1,Yes,School,No,Low,8,Self Study,5,68.6,Good
10352,Male,18,4.1,85.6,75.3,14,8.5,Yes,School,Yes,Medium,9,Self Study,3,100.0,Excellent
10353,Female,17,5.0,85.1,46.5,11,6.7,Yes,School,No,Medium,8,Online,4,83.9,Excellent
10354,Female,19,3.3,77.2,,5,8.7,Yes,Graduate,No,Medium,10,Online,4,92.8,Excellent
10355,Male,18,3.8,82.2,63.4,13,6.9,Yes,School,Yes,Low,8,Self Study,5,81.8,Excellent
10356,Female,21,2.7,63.6,66.3,9,7.4,Yes,Postgraduate,No,Low,2,Self Study,3,72.8,Good
10357,Female,21,5.2,86.6,71.5,2,6.6,Yes,Graduate,No,Low,8,Online,2,72.8,Good
10358,Female,19,2.7,83.6,90.4,4,7.2,Yes,Postgraduate,No,Medium,3,Coaching,1,96.8,Excellent
10359,Male,19,6.2,100.0,45.6,13,7.2,Yes,School,No,Medium,8,Coaching,5,91.9,Excellent
10360,Female,21,3.3,82.1,80.3,6,5.2,Yes,Graduate,Yes,Medium,7,Coaching,7,80.5,Excellent
10361,Female,16,3.8,72.6,32.8,9,6.5,Yes,Graduate,No,Medium,9,Self Study,1,78.9,Good
10362,Male,20,5.0,81.5,87.5,14,,Yes,Graduate,No,Medium,10,Self Study,5,99.1,Excellent
10363,Male,20,3.8,78.7,39.4,6,6.6,Yes,Graduate,Yes,Medium,7,Online,4,66.9,Good
10364,Male,15,3.3,86.3,100.0,2,6.1,Yes,Postgraduate,Yes,Medium,10,Self Study,7,92.1,Excellent
10365,Female,21,3.8,82.3,62.5,3,8.1,Yes,Graduate,No,Low,6,Coaching,4,77.4,Good
10366,Male,19,5.2,69.4,86.1,14,8.1,No,Postgraduate,No,Low,10,Online,5,100.0,Excellent
10367,Female,17,2.7,65.6,83.2,10,7.6,Yes,School,No,Medium,1,Self Study,4,75.4,Good
10368,Female,18,3.6,84.6,61.9,6,5.6,Yes,Graduate,No,Medium,5,Online,4,74.8,Good
10369,Male,18,3.8,95.8,63.0,3,6.9,Yes,Graduate,No,Medium,8,Self Study,6,75.8,Good
10370,Female,21,5.2,82.8,56.3,11,5.5,Yes,Graduate,Yes,Medium,10,Online,6,80.8,Excellent
10371,Female,21,3.6,90.1,79.0,2,6.8,No,Graduate,Yes,Low,9,Self Study,3,82.6,Excellent
10372,Male,20,6.7,92.1,62.1,3,7.7,Yes,Graduate,Yes,Low,4,Self Study,6,84.4,Excellent
10373,Male,19,3.5,84.7,56.5,10,8.1,Yes,Postgraduate,Yes,Medium,7,Coaching,3,83.9,Excellent
10374,Male,15,3.4,73.9,75.5,10,7.5,Yes,School,Yes,Medium,1,Online,1,78.3,Good
10375,Male,21,3.5,84.0,55.4,9,8.4,Yes,School,No,Medium,2,Coaching,4,80.4,Excellent
10376,Male,15,1.7,94.1,63.4,14,7.3,Yes,School,Yes,Low,8,Coaching,6,79.0,Good
10377,Female,16,2.1,87.3,69.5,5,6.7,No,School,No,High,4,Online,3,80.3,Excellent
10378,Male,15,3.0,89.5,59.0,9,8.0,Yes,Graduate,No,Medium,6,Coaching,1,86.5,Excellent
10379,Male,21,5.6,77.4,61.1,6,8.0,Yes,Graduate,Yes,Medium,3,Online,3,81.7,Excellent
10380,Female,18,3.7,80.0,89.5,7,6.4,No,Graduate,Yes,Medium,8,Self Study,4,80.6,Excellent
10381,Female,16,3.0,80.8,65.1,4,7.4,Yes,Postgraduate,Yes,Medium,1,Self Study,7,62.6,Average
10382,Female,15,5.8,81.5,63.0,13,6.7,Yes,Postgraduate,No,Medium,7,Self Study,4,88.0,Excellent
10383,Female,17,6.3,93.7,65.5,11,4.8,Yes,Graduate,No,Low,7,Online,6,89.8,Excellent
10384,Male,20,5.8,58.5,74.4,11,,Yes,Graduate,No,Low,9,Self Study,4,89.4,Excellent
10385,Male,21,2.4,82.3,53.5,3,5.6,Yes,School,No,Low,3,Self Study,8,48.4,Poor
10386,Female,18,3.0,81.2,74.0,3,7.4,Yes,Graduate,No,High,4,Self Study,3,65.7,Good
10387,Female,19,6.7,68.3,71.6,12,5.3,No,Graduate,No,High,6,Self Study,4,93.9,Excellent
10388,Female,20,4.2,88.7,43.0,11,6.2,Yes,School,No,Medium,3,Coaching,2,82.6,Excellent
10389,Male,21,3.4,74.8,93.1,2,6.5,Yes,Graduate,No,Medium,8,Self Study,6,88.4,Excellent
10390,Female,16,4.9,78.4,88.5,11,8.3,Yes,Graduate,No,Low,8,Online,6,89.3,Excellent
10391,Female,21,5.4,100.0,56.8,15,6.4,Yes,School,Yes,High,8,Online,6,98.0,Excellent
10392,Male,18,2.9,92.1,52.3,12,5.8,Yes,Graduate,No,Low,5,Coaching,5,78.4,Good
10393,Female,21,4.2,87.7,71.2,5,7.4,Yes,Graduate,No,Medium,7,Self Study,2,92.3,Excellent
10394,Female,15,5.3,,48.0,6,6.8,Yes,Graduate,No,High,2,Online,4,74.5,Good
10395,Male,15,1.9,80.4,87.1,12,7.9,Yes,School,No,Medium,2,Self Study,4,81.4,Excellent
10396,Male,21,3.8,100.0,61.4,7,5.9,Yes,School,Yes,High,4,Self Study,6,87.7,Excellent
10397,Female,19,2.0,90.0,90.7,12,7.2,Yes,Graduate,No,Medium,3,Self Study,4,97.3,Excellent
10398,Male,16,2.2,74.5,56.5,15,9.7,Yes,Graduate,No,High,9,Self Study,4,85.3,Excellent
10399,Male,21,2.9,68.0,66.4,7,6.7,Yes,School,No,Medium,3,Coaching,9,64.9,Average
10400,Male,15,4.6,87.7,85.7,10,7.2,Yes,Postgraduate,Yes,Medium,10,Self Study,6,85.8,Excellent
10401,Male,19,3.3,81.4,63.5,8,5.2,Yes,Postgraduate,Yes,Medium,5,Coaching,7,82.2,Excellent
10402,Female,16,2.8,67.7,71.8,9,6.1,No,Graduate,Yes,High,8,Coaching,4,87.2,Excellent
10403,Female,15,3.9,86.3,83.3,3,7.5,Yes,Postgraduate,Yes,Medium,1,Self Study,3,87.7,Excellent
10404,Male,20,2.0,79.3,60.2,15,6.6,No,Graduate,No,High,8,Self Study,7,72.8,Good
10405,Female,20,4.5,87.3,50.3,9,7.7,Yes,School,Yes,High,5,Coaching,7,78.1,Good
10406,Female,15,5.6,86.4,47.6,5,7.5,Yes,Graduate,No,Medium,9,Self Study,2,94.3,Excellent
10407,Male,15,3.7,75.9,76.2,10,5.6,Yes,Graduate,No,High,2,Self Study,4,84.2,Excellent
10408,Female,19,3.5,88.3,73.4,7,8.1,Yes,Graduate,No,Medium,3,Coaching,3,100.0,Excellent
10409,Male,15,4.4,77.0,82.9,13,5.6,Yes,Postgraduate,No,High,9,Self Study,6,98.9,Excellent
10410,Female,20,0.6,77.7,64.2,12,6.2,Yes,Graduate,No,High,6,Self Study,7,64.8,Average
10411,Female,21,4.7,76.7,48.0,7,7.3,Yes,School,No,Low,6,Self Study,4,70.2,Good
10412,Female,20,8.8,93.3,35.1,11,8.7,Yes,School,Yes,Medium,6,Coaching,2,92.5,Excellent
10413,Male,16,3.6,79.2,100.0,2,5.9,Yes,Postgraduate,No,Medium,4,Self Study,2,95.6,Excellent
10414,Female,16,3.6,95.7,75.4,15,7.2,Yes,School,No,High,10,Coaching,3,100.0,Excellent
10415,Male,19,5.0,99.8,69.9,9,7.2,No,Postgraduate,Yes,Low,6,Self Study,7,95.2,Excellent
10416,Male,15,6.4,74.6,71.9,11,7.7,Yes,School,No,Medium,1,Self Study,5,83.1,Excellent
10417,Male,18,5.4,52.8,48.0,11,8.3,Yes,Graduate,No,Medium,3,Online,6,74.6,Good
10418,Female,18,0.5,92.4,56.9,6,6.6,Yes,School,Yes,Medium,10,Coaching,5,79.2,Good
10419,Male,20,4.7,78.6,92.4,11,8.1,Yes,School,No,High,5,Online,4,100.0,Excellent
10420,Female,16,7.9,73.3,77.2,7,8.5,No,School,Yes,Medium,8,Self Study,3,92.0,Excellent
10421,Female,20,4.8,76.1,57.3,11,9.0,Yes,School,No,Medium,1,Self Study,5,79.9,Good
10422,Male,19,2.0,77.9,50.8,3,7.6,No,School,Yes,High,1,Coaching,7,51.7,Average
10423,Male,16,4.3,95.0,60.8,4,7.2,Yes,School,Yes,Low,3,Online,3,74.9,Good
10424,Male,17,1.8,83.6,63.6,14,6.5,Yes,Graduate,Yes,Medium,6,Coaching,5,73.4,Good
10425,Female,15,5.8,94.8,96.7,12,5.4,Yes,Graduate,No,Medium,7,Coaching,3,100.0,Excellent
10426,Female,18,2.3,86.9,65.4,3,6.7,Yes,School,Yes,High,1,Coaching,2,67.6,Good
10427,Male,16,3.9,78.9,,4,7.1,Yes,Graduate,Yes,High,10,Self Study,6,70.2,Good
10428,Female,15,2.4,78.1,67.2,9,6.9,Yes,Graduate,Yes,Medium,7,Coaching,8,70.2,Good
10429,Male,18,2.9,87.6,71.7,2,7.7,No,Postgraduate,Yes,Medium,4,Coaching,6,78.2,Good
10430,Female,18,6.2,90.2,50.1,7,5.4,Yes,Graduate,No,Medium,5,Self Study,5,79.9,Good
10431,Female,15,4.0,92.0,73.6,6,6.8,Yes,Graduate,Yes,Medium,6,Self Study,8,71.0,Good
10432,Female,16,2.9,79.4,84.9,3,9.2,Yes,Postgraduate,No,Medium,8,Self Study,5,100.0,Excellent
10433,Female,15,2.0,83.8,69.9,6,8.1,Yes,Postgraduate,No,Medium,1,Self Study,6,68.8,Good
10434,Female,19,0.8,87.8,56.8,6,7.7,No,Postgraduate,Yes,Low,6,Self Study,5,60.0,Average
10435,Male,17,1.8,78.2,60.6,2,7.4,Yes,Graduate,No,High,6,Self Study,6,71.0,Good
10436,Male,15,4.0,70.7,44.8,10,6.6,Yes,Graduate,No,Medium,8,Coaching,4,77.2,Good
10437,Male,16,5.4,73.9,66.1,5,5.1,Yes,Postgraduate,No,Low,4,Self Study,6,70.3,Good
10438,Male,21,2.9,79.6,72.4,2,7.5,Yes,Graduate,No,High,4,Self Study,3,81.3,Excellent
10439,Female,16,6.3,88.6,55.4,2,4.3,No,School,Yes,Medium,9,Coaching,5,76.2,Good
10440,Female,19,2.7,94.6,95.2,15,6.6,Yes,Postgraduate,No,Medium,9,Self Study,4,100.0,Excellent
10441,Female,18,3.4,68.4,79.1,3,7.0,Yes,Postgraduate,No,Low,9,Self Study,6,86.3,Excellent
10442,Male,16,2.1,76.0,42.9,14,6.5,Yes,School,No,High,9,Online,9,67.0,Good
10443,Female,17,5.4,78.4,43.2,4,9.4,Yes,School,No,Low,2,Coaching,5,73.0,Good
10444,Male,15,7.2,89.9,54.2,3,9.0,Yes,Postgraduate,No,High,7,Coaching,5,90.2,Excellent
10445,Male,20,1.0,76.7,90.0,9,8.1,Yes,Graduate,No,Medium,7,Coaching,7,82.5,Excellent
10446,Female,17,3.2,77.7,80.5,14,6.0,Yes,Graduate,Yes,Low,3,Self Study,1,84.8,Excellent
10447,Female,18,5.8,67.9,90.7,3,9.1,Yes,School,No,Low,5,Self Study,4,83.7,Excellent
10448,Female,16,1.5,86.8,68.1,6,7.7,Yes,School,No,High,10,Self Study,6,74.7,Good
10449,Male,20,4.7,80.4,65.1,12,6.0,Yes,Graduate,No,Low,2,Self Study,1,81.2,Excellent
10450,Female,16,5.8,75.5,50.5,2,7.0,Yes,Postgraduate,No,Low,9,Online,4,85.5,Excellent
10451,Male,18,3.9,79.4,72.9,4,8.1,Yes,Graduate,No,Medium,4,Coaching,4,86.0,Excellent
10452,Female,21,4.7,93.3,65.3,6,6.3,Yes,School,No,Low,9,Coaching,2,76.5,Good
10453,Female,19,6.6,72.0,64.7,13,7.2,Yes,School,No,Medium,6,Coaching,2,100.0,Excellent
10454,Male,19,6.9,73.6,90.7,13,7.3,Yes,,Yes,Medium,1,Coaching,6,99.0,Excellent
10455,Male,21,3.7,94.5,66.2,11,5.8,Yes,Postgraduate,No,Low,2,Self Study,1,92.4,Excellent
10456,Male,16,2.9,82.8,86.6,11,6.7,Yes,Graduate,Yes,Medium,9,Online,5,91.5,Excellent
10457,Female,21,2.3,88.7,45.8,2,5.9,Yes,Postgraduate,Yes,Low,8,Coaching,7,56.6,Average
10458,Male,18,5.4,86.0,100.0,5,8.0,No,Postgraduate,Yes,High,3,Coaching,4,94.2,Excellent
10459,Female,17,1.6,81.6,62.8,14,6.0,Yes,Graduate,No,Low,7,Self Study,8,79.1,Good
10460,Female,16,3.4,78.5,77.9,12,7.3,Yes,School,No,Medium,6,Self Study,4,77.1,Good
10461,Female,20,4.0,90.3,80.1,5,5.5,Yes,Postgraduate,No,Medium,1,Self Study,3,76.1,Good
10462,Male,21,3.0,93.6,61.0,11,5.8,Yes,School,No,Medium,8,Self Study,5,77.1,Good
10463,Female,19,4.2,92.8,79.5,12,5.7,Yes,Postgraduate,Yes,Medium,2,Coaching,4,84.9,Excellent
10464,Male,15,7.9,70.1,80.2,12,6.7,No,Graduate,Yes,Low,5,Online,3,100.0,Excellent
10465,Female,18,3.6,95.0,58.0,15,7.2,Yes,Graduate,No,Medium,1,Coaching,4,87.2,Excellent
10466,Female,20,3.1,78.4,58.2,9,7.4,Yes,Graduate,No,Medium,3,Self Study,3,78.5,Good
10467,Female,17,5.4,74.4,68.6,2,5.1,Yes,Graduate,No,Medium,10,Self Study,3,81.8,Excellent
10468,Female,20,4.2,80.3,66.4,13,6.8,Yes,Graduate,Yes,Low,6,Self Study,3,88.7,Excellent
10469,Male,19,6.1,90.3,87.5,2,6.2,Yes,Graduate,No,Medium,8,Self Study,5,,
10470,Male,15,4.1,87.4,77.8,10,7.6,Yes,School,No,Low,3,Self Study,3,77.7,Good
10471,Male,18,3.4,79.4,67.0,13,6.7,Yes,Graduate,No,Medium,1,Self Study,3,87.0,Excellent
10472,Male,16,0.9,90.4,76.5,3,6.9,Yes,Graduate,No,Medium,7,Self Study,4,80.8,Excellent
10473,Male,18,1.2,83.4,39.3,13,6.2,Yes,Postgraduate,Yes,Low,3,Self Study,6,60.6,Average
10474,Male,17,0.9,76.3,59.4,13,8.9,Yes,Postgraduate,No,High,2,Self Study,6,72.7,Good
10475,Male,20,4.4,74.9,72.0,11,5.6,Yes,Graduate,No,Medium,5,Online,6,83.8,Excellent
10476,Male,21,1.6,86.1,83.6,6,6.6,Yes,Postgraduate,No,Low,5,Online,6,71.9,Good
10477,Male,18,5.8,81.2,70.8,4,7.1,Yes,Graduate,Yes,Low,2,Coaching,5,73.0,Good
10478,Female,18,3.8,68.2,88.4,11,6.7,Yes,School,Yes,Medium,6,Self Study,5,91.6,Excellent
10479,Female,19,3.4,90.5,80.2,4,6.2,Yes,School,No,High,5,Self Study,6,73.0,Good
10480,Male,19,2.4,77.2,61.2,11,5.0,Yes,Postgraduate,No,Low,10,Coaching,6,71.0,Good
10481,Male,19,4.8,97.9,66.0,4,6.2,Yes,Graduate,No,Medium,1,Coaching,3,80.5,Excellent
10482,Male,20,2.5,68.0,73.7,6,,Yes,Postgraduate,No,Medium,5,Coaching,3,81.0,Excellent
10483,Female,21,2.2,80.2,61.7,9,8.8,Yes,Graduate,Yes,Medium,8,Coaching,7,75.2,Good
10484,Male,20,5.7,75.0,89.4,4,9.5,No,School,Yes,Medium,5,Self Study,4,87.5,Excellent
10485,Male,15,4.4,72.2,52.5,13,6.9,No,Graduate,Yes,Medium,3,Online,6,79.4,Good
10486,Male,18,3.4,77.1,72.4,11,5.5,Yes,Graduate,No,Medium,10,Coaching,3,88.6,Excellent
10487,Male,18,4.8,99.7,78.3,2,7.8,Yes,Graduate,No,Low,4,Self Study,4,81.8,Excellent
10488,Male,18,3.8,83.4,63.6,13,5.9,No,Postgraduate,No,Medium,10,Self Study,3,91.8,Excellent
10489,Female,18,4.4,74.1,60.5,12,6.4,Yes,Graduate,No,Low,9,Coaching,6,82.3,Excellent
10490,Female,20,2.5,63.7,66.9,13,6.3,Yes,Graduate,No,Low,7,Self Study,4,76.6,Good
10491,Female,17,7.1,64.8,79.4,10,6.4,No,Graduate,Yes,High,8,Self Study,3,100.0,Excellent
10492,Female,16,2.9,76.6,61.0,10,6.6,Yes,Graduate,No,Low,6,Coaching,8,69.8,Good
10493,Female,18,6.3,,53.0,7,5.6,Yes,Postgraduate,Yes,Low,7,Coaching,5,87.1,Excellent
10494,Male,20,3.5,79.8,84.1,5,6.2,No,School,No,High,3,Online,6,69.6,Good
10495,Female,17,5.1,59.3,73.6,5,8.1,Yes,Graduate,Yes,High,1,Self Study,2,91.0,Excellent
10496,Female,15,5.0,81.1,82.1,6,7.0,Yes,Graduate,Yes,High,7,Online,1,95.0,Excellent
10497,Male,21,5.6,92.3,78.6,6,7.1,Yes,School,No,Low,9,Self Study,6,79.8,Good
10498,Female,16,2.5,,98.5,12,4.5,Yes,Graduate,Yes,Medium,9,Online,2,98.0,Excellent
10499,Male,19,5.5,63.1,83.6,9,8.0,Yes,Graduate,No,Medium,8,Self Study,3,93.5,Excellent
10500,Male,20,6.8,74.0,57.9,7,6.2,Yes,Graduate,Yes,Medium,10,Self Study,3,87.0,Excellent
10501,Female,16,3.4,73.5,74.6,12,8.2,Yes,Graduate,No,Low,6,Online,3,82.1,Excellent
10502,Female,17,3.9,83.5,60.2,12,7.2,Yes,School,Yes,Medium,2,Self Study,4,84.1,Excellent
10503,Female,16,3.0,69.8,61.6,15,6.4,No,School,No,Medium,3,Online,3,71.3,Good
10504,Male,16,3.2,98.8,48.2,6,5.2,Yes,Graduate,No,Medium,3,Self Study,3,59.9,Average
10505,Female,16,6.5,82.4,64.0,5,9.4,Yes,Graduate,Yes,Medium,10,Self Study,4,93.1,Excellent
10506,Female,16,2.2,80.8,75.6,2,7.9,Yes,Graduate,Yes,Medium,9,Coaching,7,89.2,Excellent
10507,Male,18,2.3,97.9,67.1,4,7.9,No,School,Yes,Medium,8,Self Study,2,76.5,Good
10508,Female,18,6.4,81.8,52.6,10,9.0,Yes,Graduate,No,High,9,Coaching,4,90.7,Excellent
10509,Male,15,4.8,86.0,46.7,13,7.2,Yes,Graduate,Yes,High,4,Self Study,5,79.5,Good
10510,Male,20,7.2,74.5,97.6,10,8.5,Yes,Postgraduate,Yes,Medium,8,Coaching,4,100.0,Excellent
10511,Male,19,3.1,68.3,72.6,15,6.5,Yes,Graduate,No,Low,2,Coaching,5,76.5,Good
10512,Female,15,4.0,75.9,56.5,10,7.8,Yes,Graduate,No,High,2,Self Study,3,74.3,Good
10513,Male,20,2.7,100.0,74.5,14,6.3,Yes,Graduate,No,Low,7,Self Study,6,87.3,Excellent
10514,Male,15,4.0,88.3,98.6,5,6.4,Yes,Graduate,Yes,Low,8,Coaching,5,96.2,Excellent
10515,Male,18,1.0,84.7,76.7,6,7.1,Yes,Postgraduate,No,Medium,6,Self Study,2,84.6,Excellent
10516,Male,18,4.9,72.2,29.0,13,5.6,Yes,,Yes,Medium,5,Coaching,4,65.2,Good
10517,Male,18,4.3,91.1,100.0,11,7.4,Yes,Graduate,No,Low,7,Online,5,96.5,Excellent
10518,Female,21,3.7,68.4,42.1,8,6.7,Yes,School,Yes,Medium,4,Self Study,3,74.1,Good
10519,Male,21,3.2,66.3,65.1,15,4.8,Yes,School,No,Low,3,Self Study,5,72.7,Good
10520,Female,16,2.4,76.4,52.1,12,6.5,Yes,School,No,Medium,3,Online,6,70.9,Good
10521,Female,19,5.0,100.0,57.6,6,6.6,Yes,School,No,Medium,4,Online,3,82.9,Excellent
10522,Male,21,1.9,100.0,72.0,10,7.9,Yes,School,No,Medium,4,Self Study,5,85.4,Excellent
10523,Male,20,4.6,77.5,39.0,7,7.3,Yes,School,No,Medium,2,Coaching,3,72.2,Good
10524,Female,21,7.1,75.3,66.7,7,8.6,Yes,School,No,High,6,Self Study,1,94.2,Excellent
10525,Male,18,,65.6,84.1,13,7.6,Yes,School,No,Medium,5,Coaching,5,98.5,Excellent
10526,Male,16,1.4,82.8,56.2,11,6.4,Yes,School,No,Medium,2,Self Study,7,57.0,Average
10527,Female,18,2.9,83.6,48.5,2,6.9,Yes,Graduate,Yes,Medium,10,Self Study,3,83.5,Excellent
10528,Female,20,4.5,89.9,66.0,10,6.6,Yes,Postgraduate,No,Medium,6,Self Study,6,90.6,Excellent
10529,Female,21,3.7,91.1,63.3,11,7.5,Yes,Graduate,No,Medium,2,Self Study,5,78.3,Good
10530,Male,19,1.6,80.0,59.7,9,7.1,Yes,School,No,Low,1,Self Study,1,,
10531,Female,19,4.4,87.6,51.4,6,6.3,Yes,Graduate,No,High,1,Self Study,2,78.4,Good
10532,Female,18,3.8,75.0,75.3,11,7.0,Yes,Graduate,No,Medium,5,Online,6,82.0,Excellent
10533,Male,17,6.9,87.4,76.3,15,7.5,Yes,School,No,High,3,Self Study,1,100.0,Excellent
10534,Female,17,3.4,,53.1,3,5.9,Yes,Graduate,No,Medium,10,Coaching,4,72.9,Good
10535,Male,18,5.7,86.6,55.0,10,7.3,Yes,Graduate,No,Medium,5,Self Study,4,77.2,Good
10536,Male,20,1.8,85.8,69.9,14,5.3,Yes,Graduate,Yes,Low,8,Online,6,77.9,Good
10537,Female,18,2.2,82.7,54.5,7,8.2,Yes,,Yes,Medium,3,Self Study,5,74.0,Good
10538,Male,20,5.0,89.9,70.5,6,7.6,Yes,Graduate,No,Medium,1,Self Study,7,83.9,Excellent
10539,Male,15,5.5,66.3,88.6,5,8.8,Yes,School,Yes,High,4,Coaching,2,97.1,Excellent
10540,Female,20,2.3,71.4,67.2,5,5.8,No,School,No,High,7,Self Study,5,66.4,Good
10541,Female,18,3.8,79.3,51.0,7,8.2,Yes,Postgraduate,No,Medium,8,Self Study,5,78.1,Good
10542,Female,21,1.6,67.6,73.5,12,8.0,Yes,Graduate,Yes,High,2,Self Study,6,71.2,Good
10543,Female,18,3.5,77.9,65.5,4,6.8,Yes,Graduate,No,High,3,Self Study,7,58.1,Average
10544,Female,18,5.1,78.3,65.9,5,6.6,No,Postgraduate,No,High,5,Self Study,4,78.8,Good
10545,Male,15,3.1,95.1,74.7,15,5.8,Yes,Graduate,No,Medium,4,Coaching,6,89.4,Excellent
10546,Male,20,3.4,83.4,77.7,15,5.5,Yes,School,Yes,Low,3,Self Study,3,83.1,Excellent
10547,Male,19,2.0,92.3,68.5,5,6.2,Yes,Graduate,No,High,10,Self Study,5,,
10548,Male,21,2.8,85.0,67.2,7,5.6,Yes,School,No,Medium,10,Self Study,6,82.5,Excellent
10549,Female,15,6.6,76.6,96.9,7,8.8,Yes,Graduate,No,Medium,4,Self Study,5,93.5,Excellent
10550,Male,16,3.9,83.3,84.8,6,5.3,Yes,Graduate,No,Medium,1,Self Study,6,73.1,Good
10551,Male,21,2.2,89.3,79.7,4,7.2,Yes,School,No,Low,4,Self Study,5,75.5,Good
10552,Male,15,3.3,93.9,69.8,2,7.5,Yes,School,Yes,Low,9,Self Study,5,75.0,Good
10553,Male,18,1.2,80.7,53.9,10,7.4,Yes,Graduate,No,Medium,9,Online,6,68.1,Good
10554,Female,17,2.2,65.5,83.8,2,7.5,Yes,Graduate,No,Medium,8,Self Study,9,78.6,Good
10555,Male,21,6.0,64.8,70.0,10,8.0,Yes,School,Yes,Medium,7,Self Study,5,81.4,Excellent
10556,Male,20,3.6,78.7,59.9,3,6.5,Yes,School,No,Medium,4,Coaching,5,66.4,Good
10557,Male,21,6.8,58.6,64.6,4,7.1,Yes,Graduate,No,Low,5,Self Study,2,85.4,Excellent
10558,Male,17,,100.0,54.5,2,6.7,No,Postgraduate,No,Low,9,Self Study,3,78.7,Good
10559,Female,19,3.7,88.0,82.8,7,8.4,Yes,Postgraduate,No,Medium,3,Online,4,82.4,Excellent
10560,Male,19,4.8,75.6,77.6,6,9.3,Yes,Graduate,Yes,Low,5,Coaching,5,97.3,Excellent
10561,Male,21,0.5,70.9,70.5,6,5.7,Yes,Graduate,No,High,9,Self Study,4,69.1,Good
10562,Male,15,4.1,92.3,67.4,6,4.8,Yes,Graduate,No,Medium,7,Self Study,6,77.9,Good
10563,Female,21,3.7,70.9,58.5,15,7.6,Yes,School,No,Medium,2,Coaching,5,79.2,Good
10564,Female,17,6.2,71.8,38.2,8,8.2,Yes,School,No,Medium,8,Self Study,4,89.8,Excellent
10565,Female,15,5.3,74.3,48.2,13,9.2,Yes,School,Yes,Medium,1,Online,3,78.8,Good
10566,Female,19,2.0,83.1,57.6,5,7.8,Yes,Postgraduate,No,Low,3,Self Study,4,63.9,Average
10567,Female,20,5.8,88.2,,8,8.5,Yes,Graduate,Yes,Medium,10,Self Study,2,98.2,Excellent
10568,Male,15,3.4,93.9,72.1,2,8.8,Yes,School,Yes,Low,1,Self Study,5,85.1,Excellent
10569,Male,15,2.4,92.4,79.4,5,8.6,Yes,Graduate,No,Medium,2,Coaching,5,82.0,Excellent
10570,Female,21,4.1,82.0,66.2,2,8.0,Yes,School,Yes,Medium,9,Online,3,82.7,Excellent
10571,Male,21,3.5,92.2,87.7,2,5.6,Yes,Graduate,Yes,Medium,7,Coaching,5,89.8,Excellent
10572,Female,16,6.3,75.3,57.0,4,7.0,Yes,Graduate,Yes,Medium,3,Self Study,10,57.9,Average
10573,Male,21,4.3,63.8,66.1,4,7.3,Yes,Postgraduate,No,High,4,Coaching,4,77.1,Good
10574,Female,21,4.1,75.3,67.3,6,6.9,Yes,Graduate,Yes,Medium,10,Online,7,71.1,Good
10575,Female,21,5.2,73.9,83.3,12,7.0,Yes,Postgraduate,Yes,Low,7,Self Study,1,98.5,Excellent
10576,Male,16,5.5,75.7,69.5,4,8.7,Yes,School,Yes,Medium,4,Self Study,3,81.9,Excellent
10577,Female,19,5.1,72.4,69.9,10,6.2,No,Graduate,No,Medium,2,Self Study,6,62.5,Average
10578,Female,21,6.1,77.4,44.8,7,7.9,Yes,Postgraduate,Yes,Medium,5,Coaching,4,84.6,Excellent
10579,Female,21,4.8,88.2,55.4,7,7.3,Yes,Graduate,No,Medium,4,Self Study,3,85.2,Excellent
10580,Male,19,4.1,99.2,83.3,14,6.1,Yes,Postgraduate,No,Medium,5,Self Study,5,94.5,Excellent
10581,Male,16,5.8,64.7,38.9,8,5.8,Yes,Postgraduate,No,Medium,1,Coaching,6,59.3,Average
10582,Female,15,,69.1,86.8,5,5.1,No,Graduate,Yes,Medium,5,Coaching,9,81.1,Excellent
10583,Male,16,3.9,74.1,75.0,5,7.5,Yes,School,No,High,3,Self Study,6,86.5,Excellent
10584,Male,15,6.6,89.7,57.5,4,6.9,Yes,School,Yes,Medium,10,Coaching,3,94.6,Excellent
10585,Female,16,6.4,80.0,56.4,13,6.1,No,Graduate,No,Medium,3,Coaching,4,84.1,Excellent
10586,Female,15,3.8,74.8,94.5,11,4.9,Yes,Postgraduate,No,Low,3,Self Study,5,84.0,Excellent
10587,Male,20,3.1,89.2,87.8,5,7.5,Yes,School,Yes,Low,4,Self Study,3,87.1,Excellent
10588,Male,19,6.1,91.6,66.3,8,6.8,Yes,Graduate,Yes,Low,7,Self Study,4,91.3,Excellent
10589,Male,18,5.1,81.8,69.9,9,6.2,Yes,School,Yes,Medium,8,Coaching,4,92.4,Excellent
10590,Male,20,4.3,73.8,59.0,2,5.9,Yes,Graduate,Yes,Low,3,Coaching,3,75.3,Good
10591,Female,17,3.3,84.7,69.9,14,6.7,Yes,Graduate,Yes,Medium,7,Online,6,82.2,Excellent
10592,Male,17,4.3,79.7,58.6,13,7.5,Yes,Graduate,Yes,Medium,2,Self Study,5,75.2,Good
10593,Male,16,3.8,79.6,66.9,9,6.6,Yes,Graduate,No,Low,2,Self Study,4,74.7,Good
10594,Female,18,2.7,76.9,93.3,12,5.7,No,Graduate,Yes,Medium,3,Self Study,5,86.7,Excellent
10595,Male,16,4.0,,66.7,3,6.9,Yes,Graduate,Yes,Medium,7,Self Study,3,76.1,Good
10596,Male,19,4.2,84.5,53.3,15,8.2,Yes,Graduate,No,Medium,6,Coaching,3,88.2,Excellent
10597,Female,21,3.2,92.4,48.9,10,7.0,Yes,School,No,High,5,Online,6,74.0,Good
10598,Female,18,5.2,95.4,69.8,15,7.1,Yes,School,No,High,7,Self Study,5,92.7,Excellent
10599,Female,17,5.9,86.6,57.3,14,6.6,Yes,Postgraduate,No,High,2,Coaching,3,100.0,Excellent
10600,Female,19,5.4,76.9,71.5,10,6.0,No,Graduate,Yes,Medium,3,Self Study,5,89.6,Excellent
10601,Male,20,3.4,92.4,45.3,6,6.0,Yes,School,Yes,High,8,Coaching,5,78.0,Good
10602,Female,18,5.0,86.7,77.7,11,5.2,Yes,Graduate,No,Medium,10,Coaching,3,100.0,Excellent
10603,Female,16,3.9,100.0,53.2,9,8.3,Yes,Graduate,No,Medium,1,Coaching,4,85.7,Excellent
10604,Female,19,1.8,85.1,68.6,7,7.5,Yes,School,No,Low,4,Online,6,70.0,Good
10605,Female,16,4.9,89.0,63.3,11,7.1,Yes,Graduate,No,Low,9,Online,5,86.0,Excellent
10606,Female,21,4.0,84.9,92.1,14,7.3,Yes,School,No,High,9,Self Study,2,100.0,Excellent
10607,Female,17,7.9,81.0,70.4,4,7.4,Yes,Postgraduate,Yes,Medium,3,Online,4,,
10608,Male,17,6.1,79.4,95.2,9,6.2,Yes,Graduate,Yes,Low,1,Coaching,4,93.1,Excellent
10609,Female,20,4.9,84.9,75.9,12,6.6,Yes,Postgraduate,No,Low,6,Self Study,1,88.6,Excellent
10610,Male,15,4.2,87.2,88.0,6,6.5,No,Graduate,Yes,Medium,7,Self Study,3,90.6,Excellent
10611,Female,16,4.1,93.5,65.1,6,9.8,No,Postgraduate,Yes,High,3,Online,5,91.8,Excellent
10612,Female,15,2.2,85.1,72.8,2,8.1,Yes,Graduate,No,High,4,Online,7,59.1,Average
10613,Female,17,1.0,77.4,85.1,6,7.2,Yes,School,No,Low,7,Self Study,3,85.1,Excellent
10614,Female,18,2.4,78.7,80.7,10,8.5,Yes,Postgraduate,No,Low,6,Self Study,6,85.3,Excellent
10615,Male,16,3.7,68.8,75.4,15,8.4,Yes,Postgraduate,Yes,Low,3,Self Study,1,90.5,Excellent
10616,Female,17,0.5,98.6,63.4,9,5.5,Yes,Postgraduate,No,Medium,9,Self Study,8,73.1,Good
10617,Female,20,2.9,76.6,65.8,6,6.8,Yes,Postgraduate,Yes,Medium,10,Coaching,5,88.3,Excellent
10618,Male,21,3.4,91.7,83.9,13,7.0,Yes,Graduate,Yes,Medium,8,Self Study,4,96.6,Excellent
10619,Male,15,3.5,84.8,86.8,4,7.7,Yes,Graduate,No,Medium,10,Coaching,5,97.1,Excellent
10620,Male,19,2.7,85.0,59.7,4,6.8,Yes,Postgraduate,No,Low,4,Self Study,3,77.7,Good
10621,Female,15,3.3,80.8,57.6,9,6.9,Yes,School,Yes,Medium,2,Coaching,6,72.2,Good
10622,Male,18,,,55.3,13,6.5,No,Postgraduate,Yes,Medium,8,Coaching,4,86.6,Excellent
10623,Female,21,4.9,72.3,79.6,4,8.2,Yes,Postgraduate,Yes,Medium,6,Online,1,94.8,Excellent
10624,Male,20,2.9,99.3,55.0,2,5.4,Yes,Graduate,Yes,Medium,5,Self Study,4,61.2,Average
10625,Female,16,3.7,83.1,79.4,12,6.5,Yes,Graduate,No,High,3,Self Study,5,89.3,Excellent
10626,Male,16,3.8,93.3,75.6,10,5.0,Yes,Graduate,No,Low,1,Self Study,7,72.9,Good
10627,Female,20,2.6,95.8,,11,5.9,Yes,Postgraduate,No,High,2,Online,6,74.1,Good
10628,Male,20,2.6,77.9,89.9,7,7.3,Yes,School,No,Low,7,Online,7,82.8,Excellent
10629,Female,16,5.4,86.2,47.5,3,7.4,Yes,Graduate,No,Medium,3,Self Study,3,69.3,Good
10630,Female,15,3.1,82.5,91.2,6,6.7,No,,No,Low,10,Self Study,6,85.6,Excellent
10631,Female,18,2.0,70.4,72.5,8,8.2,Yes,Postgraduate,Yes,Medium,5,Coaching,6,76.1,Good
10632,Female,19,3.7,80.1,39.0,8,8.5,Yes,Graduate,Yes,Low,1,Coaching,2,71.1,Good
10633,Male,18,4.0,87.9,90.3,14,6.9,Yes,Graduate,No,Low,7,Coaching,6,96.8,Excellent
10634,Male,21,0.6,77.0,81.6,5,7.3,Yes,School,No,Medium,7,Self Study,6,81.1,Excellent
10635,Male,20,3.7,78.8,62.0,6,6.5,Yes,Graduate,Yes,Medium,2,Online,4,77.5,Good
10636,Male,20,5.2,80.3,54.5,4,7.7,Yes,Postgraduate,No,Medium,9,Self Study,4,91.4,Excellent
10637,Female,15,4.5,100.0,46.0,9,5.7,Yes,Graduate,No,High,8,Coaching,3,95.1,Excellent
10638,Female,20,7.4,63.7,100.0,13,9.0,Yes,Graduate,No,Medium,6,Self Study,4,100.0,Excellent
10639,Female,20,5.8,87.0,55.1,14,8.3,Yes,Graduate,No,High,2,Self Study,4,79.0,Good
10640,Female,17,6.1,79.5,50.3,5,5.7,Yes,Graduate,Yes,Low,5,Self Study,5,73.5,Good
10641,Female,19,8.3,75.6,71.8,8,6.1,Yes,Graduate,No,High,10,Self Study,4,95.3,Excellent
10642,Female,20,5.0,79.2,45.1,12,7.5,Yes,Graduate,No,Medium,3,Online,5,92.8,Excellent
10643,Male,21,4.1,88.7,54.3,2,6.6,Yes,Graduate,No,Medium,10,Coaching,4,75.5,Good
10644,Male,18,5.4,89.2,81.9,11,7.6,Yes,Graduate,Yes,Medium,2,Online,6,,
10645,Female,15,2.9,83.9,74.5,3,6.6,Yes,Graduate,No,Low,7,Coaching,6,61.2,Average
10646,Female,19,4.0,92.9,62.6,2,,Yes,Postgraduate,No,Low,4,Self Study,5,71.5,Good
10647,Male,19,2.8,94.7,68.3,3,7.0,Yes,School,Yes,Medium,1,Coaching,5,73.8,Good
10648,Male,15,4.4,90.2,61.8,14,9.7,Yes,School,Yes,Medium,7,Coaching,1,100.0,Excellent
10649,Female,20,2.8,76.5,67.1,11,7.7,Yes,Graduate,Yes,High,5,Online,1,83.4,Excellent
10650,Male,16,2.7,86.9,57.3,13,5.5,Yes,Postgraduate,Yes,Low,4,Self Study,5,81.6,Excellent
10651,Male,21,4.5,87.0,59.9,11,9.3,Yes,Graduate,No,Medium,3,Self Study,6,81.3,Excellent
10652,Female,18,3.6,73.8,59.5,13,8.2,Yes,Graduate,Yes,Medium,5,Coaching,3,83.3,Excellent
10653,Female,17,0.7,66.3,57.8,8,7.4,Yes,Graduate,No,Medium,2,Coaching,4,65.7,Good
10654,Male,15,1.5,61.8,82.6,13,7.7,Yes,School,Yes,Medium,6,Self Study,3,90.0,Excellent
10655,Female,15,2.0,82.7,78.8,2,5.7,No,Postgraduate,No,Medium,1,Self Study,3,72.7,Good
10656,Male,20,2.4,85.0,54.9,10,5.0,Yes,Graduate,Yes,Medium,3,Self Study,4,65.2,Good
10657,Female,17,4.5,70.2,51.3,12,7.0,Yes,Graduate,No,Low,6,Online,5,78.7,Good
10658,Male,20,4.2,92.5,65.8,15,8.5,No,Postgraduate,Yes,Low,8,Self Study,3,97.3,Excellent
10659,Female,16,5.5,83.5,98.2,7,7.4,Yes,Graduate,No,Low,4,Coaching,3,98.2,Excellent
10660,Male,21,5.0,95.5,53.6,4,8.9,Yes,School,Yes,Medium,7,Self Study,3,90.4,Excellent
10661,Male,21,5.5,85.7,65.7,12,8.5,No,School,No,Medium,10,Self Study,4,,
10662,Female,15,4.8,71.3,69.2,3,7.0,Yes,School,Yes,Medium,6,Self Study,5,79.3,Good
10663,Male,19,4.1,86.6,66.5,12,8.3,Yes,Postgraduate,Yes,High,8,Self Study,1,100.0,Excellent
10664,Male,21,5.6,88.7,61.6,11,8.7,Yes,Postgraduate,No,Medium,5,Self Study,3,85.8,Excellent
10665,Male,17,5.3,76.5,84.2,11,6.9,No,Graduate,Yes,Low,3,Coaching,4,82.6,Excellent
10666,Female,15,4.4,67.6,74.4,6,6.8,Yes,,No,Low,4,Self Study,5,83.5,Excellent
10667,Female,21,5.8,83.0,79.8,3,7.2,Yes,School,No,High,4,Self Study,4,94.5,Excellent
10668,Female,18,0.5,72.0,76.3,10,4.3,Yes,School,Yes,Medium,6,Coaching,7,75.4,Good
10669,Male,15,3.3,93.2,80.5,7,7.3,Yes,School,No,High,2,Self Study,2,83.8,Excellent
10670,Male,20,,77.9,90.2,7,7.8,Yes,Postgraduate,Yes,High,8,Self Study,5,94.8,Excellent
10671,Male,19,5.6,99.2,86.6,4,7.2,No,School,No,High,2,Coaching,8,87.9,Excellent
10672,Female,15,6.3,60.8,100.0,6,7.4,Yes,School,Yes,High,8,Self Study,4,,
10673,Female,16,1.5,83.3,85.0,13,7.0,Yes,School,No,Medium,5,Self Study,5,82.6,Excellent
10674,Female,15,6.1,96.3,58.6,14,4.8,Yes,Graduate,No,Medium,8,Self Study,5,92.3,Excellent
10675,Female,21,1.9,73.1,79.9,6,8.8,Yes,Graduate,Yes,High,2,Self Study,4,83.3,Excellent
10676,Male,15,2.0,80.4,77.9,3,6.6,Yes,School,No,Medium,3,Self Study,4,68.5,Good
10677,Female,20,3.4,78.0,94.9,2,6.3,Yes,Postgraduate,Yes,Medium,3,Online,5,91.2,Excellent
10678,Male,18,3.3,75.2,54.5,4,8.5,No,Postgraduate,No,High,8,Self Study,2,81.4,Excellent
10679,Male,19,1.3,84.4,75.8,2,8.1,Yes,School,Yes,Medium,3,Coaching,6,79.5,Good
10680,Male,20,4.8,69.0,58.5,11,7.3,Yes,Postgraduate,Yes,Medium,4,Coaching,5,86.7,Excellent
10681,Male,21,4.9,80.9,75.2,10,7.8,Yes,Postgraduate,Yes,Medium,2,Self Study,1,96.1,Excellent
10682,Male,15,5.5,87.2,65.0,12,5.7,Yes,Postgraduate,No,Medium,3,Self Study,5,79.7,Good
10683,Male,15,3.1,79.8,74.7,6,6.9,Yes,School,No,Low,9,Self Study,4,73.0,Good
10684,Male,15,3.7,72.0,48.3,13,8.4,Yes,Postgraduate,No,Medium,2,Self Study,7,79.5,Good
10685,Female,19,3.8,92.3,79.1,4,6.3,Yes,Graduate,No,High,10,Online,7,92.3,Excellent
10686,Male,18,6.5,89.3,70.9,5,5.9,Yes,School,No,High,9,Self Study,6,88.2,Excellent
10687,Male,15,0.5,71.6,70.1,14,,Yes,Graduate,No,Low,10,Self Study,8,69.0,Good
10688,Female,16,2.3,69.1,95.3,14,7.1,No,School,No,High,7,Self Study,4,91.3,Excellent
10689,Female,18,3.8,72.5,62.6,10,7.7,Yes,Postgraduate,Yes,Low,7,Coaching,5,75.3,Good
10690,Female,20,2.1,87.5,72.8,10,5.5,Yes,Graduate,No,Medium,9,Self Study,5,79.2,Good
10691,Male,17,3.4,84.8,69.4,11,4.2,Yes,Graduate,Yes,High,8,Self Study,4,89.9,Excellent
10692,Female,21,3.6,89.9,70.8,13,8.0,Yes,School,No,High,6,Self Study,5,92.4,Excellent
10693,Male,21,2.7,78.7,99.1,5,5.8,Yes,Postgraduate,Yes,Medium,5,Online,5,85.6,Excellent
10694,Male,20,3.9,72.8,68.9,2,6.3,Yes,School,Yes,Medium,9,Self Study,4,86.8,Excellent
10695,Female,18,4.8,91.2,60.1,4,4.6,Yes,Postgraduate,No,Medium,4,Self Study,5,82.6,Excellent
10696,Female,21,3.4,76.5,94.2,6,8.1,Yes,Graduate,Yes,Medium,6,Coaching,5,87.1,Excellent
10697,Female,20,3.1,83.9,,5,7.4,No,School,No,Low,1,Coaching,6,58.9,Average
10698,Female,18,3.5,66.5,45.5,9,7.3,Yes,Graduate,No,Low,7,Self Study,4,73.4,Good
10699,Female,18,3.8,76.3,57.6,3,7.3,Yes,Postgraduate,No,High,2,Online,2,75.7,Good
10700,Male,20,1.0,92.1,50.5,10,4.7,Yes,Postgraduate,No,Low,1,Self Study,7,54.7,Average
10701,Male,18,,74.8,42.8,11,5.9,Yes,School,Yes,Medium,3,Online,6,69.4,Good
10702,Male,16,3.1,90.1,62.9,3,6.5,Yes,School,No,Medium,7,Online,6,76.8,Good
10703,Male,21,5.8,58.7,67.0,6,6.2,Yes,School,No,Low,9,Self Study,2,87.7,Excellent
10704,Female,15,4.7,76.4,84.5,9,6.7,Yes,Graduate,Yes,Low,6,Self Study,4,90.1,Excellent
10705,Male,19,5.7,80.3,76.8,2,7.3,Yes,School,Yes,Low,7,Self Study,5,70.9,Good
10706,Female,19,2.2,99.4,76.2,11,8.1,Yes,School,Yes,Low,3,Self Study,3,89.3,Excellent
10707,Female,19,3.2,70.3,55.5,12,5.4,Yes,Graduate,No,Medium,2,Self Study,4,66.4,Good
10708,Female,15,1.8,88.7,80.4,7,7.0,Yes,Postgraduate,No,Medium,2,Online,5,80.8,Excellent
10709,Male,18,2.7,92.6,87.5,2,7.8,Yes,Graduate,Yes,Medium,1,Self Study,7,75.8,Good
10710,Male,21,5.8,74.8,73.5,9,6.0,Yes,Graduate,Yes,High,4,Self Study,5,100.0,Excellent
10711,Female,16,6.2,78.3,73.9,14,6.8,Yes,School,No,Medium,8,Self Study,3,100.0,Excellent
10712,Female,19,2.0,83.4,50.3,6,7.5,Yes,Graduate,Yes,Medium,1,Self Study,5,61.7,Average
10713,Female,21,3.1,67.2,82.8,13,7.0,Yes,Graduate,Yes,Medium,4,Self Study,4,78.3,Good
10714,Female,21,3.7,77.4,92.9,14,7.7,Yes,,Yes,Medium,7,Online,4,93.7,Excellent
10715,Female,18,4.7,94.8,72.5,5,7.1,Yes,Graduate,No,Low,1,Self Study,6,79.1,Good
10716,Male,17,1.0,,59.7,10,6.7,Yes,School,Yes,Medium,6,Self Study,2,72.8,Good
10717,Female,19,1.2,80.4,65.7,2,5.7,No,Graduate,Yes,Medium,4,Self Study,8,52.2,Average
10718,Male,18,4.6,83.1,62.1,9,7.3,Yes,School,No,Medium,10,Self Study,8,76.7,Good
10719,Female,19,0.7,87.8,63.0,14,7.1,Yes,School,Yes,Medium,5,Self Study,6,74.5,Good
10720,Female,20,3.1,89.7,77.1,15,5.9,Yes,Postgraduate,No,High,6,Self Study,4,92.9,Excellent
10721,Male,19,4.1,76.4,71.9,4,7.6,Yes,Graduate,No,Low,9,Self Study,6,76.7,Good
10722,Male,16,4.5,97.3,82.1,11,8.4,Yes,Postgraduate,No,Medium,8,Self Study,5,97.5,Excellent
10723,Male,20,3.6,95.2,73.2,2,6.3,Yes,School,No,Low,6,Self Study,4,76.9,Good
10724,Female,18,3.2,88.8,55.9,5,6.2,Yes,Postgraduate,Yes,High,7,Coaching,3,85.0,Excellent
10725,Male,21,5.2,73.6,61.0,13,6.2,Yes,Postgraduate,No,Medium,5,Coaching,4,89.4,Excellent
10726,Male,19,4.3,71.8,60.1,10,5.2,Yes,Graduate,Yes,Medium,7,Self Study,5,69.5,Good
10727,Male,21,2.8,78.7,65.4,7,9.2,Yes,School,No,Medium,4,Coaching,6,75.6,Good
10728,Male,21,3.9,82.6,93.1,15,6.5,Yes,Postgraduate,Yes,Low,4,Self Study,5,92.1,Excellent
10729,Male,21,4.4,64.3,95.4,12,6.1,Yes,Postgraduate,No,Medium,9,Self Study,5,90.3,Excellent
10730,Male,20,6.5,86.9,79.7,2,5.8,Yes,School,Yes,High,5,Coaching,4,90.3,Excellent
10731,Male,19,5.1,94.9,69.7,3,6.6,Yes,Postgraduate,No,Medium,6,Coaching,6,92.5,Excellent
10732,Male,15,5.7,87.8,48.9,10,6.2,No,Postgraduate,Yes,Medium,2,Self Study,4,84.4,Excellent
10733,Male,17,2.8,75.2,71.1,14,8.6,No,School,Yes,Medium,4,Self Study,8,75.0,Good
10734,Male,18,3.0,74.1,,4,5.6,Yes,Graduate,No,Medium,7,Self Study,4,65.9,Good
10735,Male,20,3.4,85.0,90.8,9,5.3,Yes,Graduate,No,High,6,Self Study,6,80.8,Excellent
10736,Female,19,3.6,80.5,45.5,13,7.6,Yes,Graduate,No,Low,4,Self Study,8,61.9,Average
10737,Male,18,2.2,86.4,73.4,14,6.9,Yes,Postgraduate,Yes,High,1,Coaching,7,81.7,Excellent
10738,Male,16,5.8,88.0,55.8,10,6.8,Yes,Postgraduate,Yes,High,6,Self Study,5,89.6,Excellent
10739,Male,20,5.2,92.9,67.9,15,7.6,Yes,School,No,Medium,4,Coaching,5,88.1,Excellent
10740,Male,18,3.3,70.7,77.3,15,7.2,Yes,Graduate,Yes,Medium,10,Online,5,96.8,Excellent
10741,Male,15,4.8,84.2,82.3,13,6.9,No,Graduate,No,Medium,1,Self Study,4,91.0,Excellent
10742,Male,16,4.2,78.4,67.2,11,5.5,Yes,Graduate,Yes,Low,7,Self Study,4,68.7,Good
10743,Female,21,5.0,81.0,78.7,15,5.2,Yes,Graduate,No,Medium,4,Self Study,2,95.4,Excellent
10744,Male,15,1.6,90.6,58.7,2,6.2,Yes,Graduate,No,Low,3,Coaching,6,66.9,Good
10745,Male,17,3.6,91.7,71.4,3,5.8,Yes,School,Yes,Low,8,Online,2,84.8,Excellent
10746,Male,18,3.7,96.0,82.0,9,7.3,Yes,,Yes,Medium,6,Online,6,93.7,Excellent
10747,Male,15,4.8,86.3,72.6,11,5.0,Yes,Postgraduate,No,High,1,Self Study,4,85.5,Excellent
10748,Male,16,2.8,80.9,60.6,14,6.5,Yes,Graduate,No,Low,7,Coaching,3,83.1,Excellent
10749,Female,21,0.5,79.5,64.1,11,6.8,Yes,Graduate,Yes,Low,2,Self Study,8,60.7,Average
10750,Female,19,2.1,64.7,82.2,5,7.0,Yes,Postgraduate,No,Low,9,Coaching,3,84.3,Excellent
10751,Male,16,3.7,95.4,52.7,14,,Yes,Postgraduate,No,Low,3,Online,3,,
10752,Male,16,3.9,78.8,54.8,3,6.6,Yes,Graduate,No,High,8,Coaching,4,85.2,Excellent
10753,Male,17,6.5,87.1,76.4,3,6.3,Yes,Graduate,No,Medium,4,Self Study,4,96.5,Excellent
10754,Male,20,4.7,88.8,61.9,12,8.4,Yes,Graduate,No,Medium,4,Self Study,3,86.2,Excellent
10755,Female,20,3.9,69.5,47.7,15,6.6,Yes,Graduate,No,Medium,1,Coaching,7,63.0,Average
10756,Male,16,3.7,72.8,86.9,9,8.6,Yes,Graduate,Yes,High,10,Self Study,2,93.2,Excellent
10757,Male,20,5.6,97.5,52.6,3,6.6,Yes,School,Yes,Medium,6,Self Study,10,72.4,Good
10758,Female,21,2.9,84.9,65.2,2,7.0,No,Graduate,Yes,High,2,Coaching,3,79.5,Good
10759,Male,16,3.6,76.2,59.3,15,6.8,Yes,Graduate,Yes,Medium,1,Coaching,10,72.6,Good
10760,Male,15,2.1,80.7,63.8,5,7.3,Yes,Postgraduate,Yes,High,3,Coaching,7,74.9,Good
10761,Female,21,6.1,92.9,55.6,10,6.5,Yes,Graduate,No,Medium,5,Self Study,4,84.2,Excellent
10762,Male,18,4.4,91.3,78.0,6,7.1,Yes,School,Yes,High,1,Coaching,5,74.3,Good
10763,Male,20,2.7,67.3,69.6,5,8.7,Yes,Graduate,No,Medium,4,Coaching,4,74.0,Good
10764,Male,17,3.6,98.3,81.8,11,8.2,Yes,Graduate,Yes,Medium,4,Self Study,5,100.0,Excellent
10765,Female,17,4.6,91.7,59.5,12,8.2,Yes,Graduate,Yes,Medium,9,Self Study,3,95.6,Excellent
10766,Male,16,3.4,80.5,97.9,8,5.5,Yes,School,Yes,Medium,5,Coaching,6,89.6,Excellent
10767,Male,16,2.9,70.1,41.3,9,5.7,Yes,Postgraduate,No,Medium,2,Self Study,5,67.4,Good
10768,Male,18,2.8,92.5,45.8,8,7.2,Yes,Postgraduate,Yes,Low,3,Self Study,3,68.4,Good
10769,Male,15,4.3,86.8,92.5,10,7.8,Yes,Postgraduate,Yes,High,9,Self Study,5,100.0,Excellent
10770,Female,20,3.2,67.4,74.6,13,6.4,No,Graduate,No,Medium,1,Coaching,6,78.3,Good
10771,Male,18,3.1,79.7,72.8,11,6.2,Yes,Postgraduate,Yes,Low,2,Self Study,4,74.6,Good
10772,Female,21,1.7,100.0,74.0,5,8.5,Yes,Graduate,Yes,Medium,1,Self Study,4,80.2,Excellent
10773,Female,18,3.9,82.2,76.0,5,7.8,Yes,Graduate,Yes,Medium,1,Self Study,5,86.2,Excellent
10774,Female,17,3.5,74.6,72.2,11,8.2,No,School,Yes,Low,10,Self Study,6,79.3,Good
10775,Male,18,3.3,71.9,54.5,11,6.5,Yes,School,Yes,Medium,10,Self Study,5,67.3,Good
10776,Female,16,4.1,99.7,79.5,7,6.4,Yes,School,Yes,Medium,8,Self Study,6,88.9,Excellent
10777,Female,20,5.0,90.5,77.2,13,8.0,Yes,Postgraduate,No,High,1,Self Study,6,88.3,Excellent
10778,Male,20,4.9,96.1,88.0,7,6.7,Yes,Graduate,No,Medium,7,Self Study,7,92.7,Excellent
10779,Female,16,4.7,84.5,92.7,6,6.3,Yes,Postgraduate,No,Medium,8,Self Study,5,90.3,Excellent
10780,Female,19,3.4,94.5,72.6,9,6.0,Yes,Graduate,No,Medium,8,Self Study,3,89.8,Excellent
10781,Male,18,2.9,73.5,50.8,4,6.4,Yes,School,Yes,Low,8,Self Study,7,68.5,Good
10782,Female,16,2.1,83.6,92.8,11,8.0,Yes,Graduate,Yes,High,7,Self Study,5,93.0,Excellent
10783,Male,15,2.9,84.9,53.7,14,5.3,No,School,No,Medium,5,Self Study,6,60.9,Average
10784,Female,20,3.8,95.8,72.7,15,7.7,Yes,Postgraduate,Yes,High,1,Self Study,3,96.9,Excellent
10785,Female,16,2.5,85.2,64.4,8,6.2,Yes,School,No,Medium,9,Self Study,4,78.5,Good
10786,Male,18,4.0,75.7,62.0,5,6.8,Yes,School,No,Low,10,Self Study,3,80.2,Excellent
10787,Female,16,2.3,82.6,78.7,8,6.8,Yes,Graduate,No,Medium,6,Self Study,3,89.4,Excellent
10788,Male,19,1.1,65.2,71.4,3,6.8,Yes,Postgraduate,Yes,Low,5,Online,4,65.8,Good
10789,Female,15,5.1,58.8,75.2,11,6.7,Yes,Graduate,Yes,Medium,10,Self Study,3,91.2,Excellent
10790,Female,17,3.0,90.3,56.6,8,6.5,Yes,School,Yes,Medium,5,Coaching,6,,
10791,Male,18,2.5,78.3,65.6,3,6.4,Yes,Graduate,Yes,Medium,4,Self Study,3,74.3,Good
10792,Male,18,2.0,79.4,57.2,9,8.5,Yes,School,Yes,Medium,9,Self Study,4,78.1,Good
10793,Male,19,4.5,90.3,65.2,12,7.0,Yes,Graduate,No,Medium,10,Self Study,4,91.3,Excellent
10794,Male,16,6.0,96.0,66.3,5,6.9,Yes,Graduate,Yes,Low,3,Self Study,7,84.4,Excellent
10795,Male,18,3.2,87.3,93.8,7,6.3,Yes,School,Yes,Medium,3,Coaching,4,82.6,Excellent
10796,Male,20,3.5,100.0,64.4,14,6.6,Yes,Graduate,Yes,Medium,4,Self Study,2,91.5,Excellent
10797,Male,17,5.5,87.0,38.2,11,6.3,Yes,School,No,Medium,2,Coaching,2,81.9,Excellent
10798,Male,16,0.9,85.0,87.5,13,7.8,No,School,Yes,Medium,9,Coaching,4,86.3,Excellent
10799,Female,20,6.9,84.4,74.3,8,6.2,Yes,Graduate,Yes,Medium,10,Coaching,3,95.1,Excellent
10800,Female,20,7.7,69.1,66.2,8,4.5,Yes,School,No,High,6,Self Study,8,71.9,Good
10801,Female,19,0.5,91.6,61.9,8,7.1,Yes,School,Yes,High,8,Self Study,7,71.4,Good
10802,Male,20,3.6,57.5,54.7,8,6.7,Yes,Graduate,Yes,Low,5,Coaching,4,80.6,Excellent
10803,Female,20,2.6,76.1,95.1,4,6.4,Yes,Graduate,Yes,Medium,10,Self Study,8,79.2,Good
10804,Female,20,3.4,82.2,68.7,2,8.0,Yes,Postgraduate,No,Medium,10,Coaching,4,88.7,Excellent
10805,Male,18,3.1,74.1,43.7,13,4.0,Yes,Postgraduate,No,Medium,8,Self Study,5,58.4,Average
10806,Male,15,5.1,77.5,72.6,9,8.7,Yes,Graduate,No,Low,9,Coaching,3,97.1,Excellent
10807,Female,19,3.6,100.0,84.9,9,8.2,Yes,Graduate,No,High,2,Coaching,6,85.5,Excellent
10808,Male,16,2.3,93.0,70.2,10,6.3,Yes,Graduate,No,High,9,Self Study,5,83.4,Excellent
10809,Male,20,3.5,75.1,55.4,7,6.5,Yes,Postgraduate,Yes,High,5,Online,7,74.0,Good
10810,Female,18,4.6,77.3,54.1,14,7.6,Yes,Graduate,No,Low,3,Coaching,5,70.3,Good
10811,Male,21,1.9,69.2,55.2,8,7.6,Yes,Postgraduate,No,Medium,10,Self Study,7,87.9,Excellent
10812,Male,19,1.2,89.0,89.3,9,6.3,Yes,Graduate,Yes,Medium,9,Self Study,2,88.5,Excellent
10813,Female,18,7.0,79.5,67.0,9,5.2,Yes,Graduate,No,Medium,2,Coaching,1,96.6,Excellent
10814,Female,21,2.8,62.3,,4,,Yes,Postgraduate,Yes,Low,7,Coaching,2,81.3,Excellent
10815,Male,18,3.6,83.0,73.4,4,8.1,Yes,School,Yes,Low,9,Online,4,85.3,Excellent
10816,Female,17,3.2,86.4,70.0,4,7.2,Yes,Postgraduate,Yes,High,7,Coaching,2,84.0,Excellent
10817,Female,17,4.7,91.6,61.7,5,7.2,Yes,Graduate,Yes,Medium,5,Self Study,6,80.3,Excellent
10818,Female,21,6.6,81.3,53.7,4,7.7,No,Graduate,No,Medium,1,Self Study,3,68.6,Good
10819,Female,20,4.7,78.3,53.1,5,7.8,Yes,Graduate,No,Medium,5,Self Study,5,73.3,Good
10820,Male,16,1.4,100.0,83.2,15,4.7,Yes,School,Yes,High,6,Self Study,5,96.2,Excellent
10821,Male,18,1.6,82.1,71.5,7,6.6,No,Graduate,No,High,9,Online,7,68.0,Good
10822,Female,17,3.2,89.2,74.7,13,6.5,Yes,Graduate,No,Medium,3,Coaching,2,86.2,Excellent
10823,Male,19,3.4,76.6,71.4,7,6.8,Yes,Graduate,Yes,Medium,3,Online,5,88.1,Excellent
10824,Female,15,1.0,88.9,72.6,13,7.8,Yes,School,No,Low,10,Coaching,6,80.1,Excellent
10825,Female,19,5.1,67.4,61.4,12,5.0,Yes,Postgraduate,No,Medium,9,Coaching,6,79.8,Good
10826,Male,20,2.1,77.4,65.1,13,5.5,Yes,Postgraduate,Yes,High,6,Coaching,5,84.4,Excellent
10827,Female,16,6.2,69.9,84.3,6,6.3,Yes,School,No,High,5,Coaching,1,94.8,Excellent
10828,Male,16,6.7,76.0,87.8,3,7.2,Yes,Postgraduate,No,Low,7,Self Study,6,76.4,Good
10829,Female,19,3.4,94.5,50.9,6,7.9,Yes,Postgraduate,No,Medium,2,Online,4,68.5,Good
10830,Male,16,4.5,75.9,65.1,11,8.8,Yes,School,No,Medium,3,Self Study,4,93.3,Excellent
10831,Female,21,1.8,89.2,79.7,11,6.7,Yes,Postgraduate,No,Medium,6,Online,9,80.6,Excellent
10832,Female,20,4.8,97.2,94.3,11,7.9,Yes,School,Yes,Medium,5,Coaching,4,100.0,Excellent
10833,Male,21,3.0,81.7,92.9,15,7.8,Yes,Postgraduate,No,Medium,2,Self Study,4,87.9,Excellent
10834,Female,18,2.1,91.9,56.9,5,7.6,Yes,Graduate,No,High,6,Self Study,4,75.9,Good
10835,Female,21,3.3,87.3,85.9,8,7.0,No,Postgraduate,Yes,Low,7,Self Study,6,84.8,Excellent
10836,Female,15,3.1,83.2,68.8,8,6.6,Yes,Graduate,No,Medium,9,Coaching,4,82.9,Excellent
10837,Female,17,3.3,89.5,82.6,4,5.8,Yes,Graduate,No,Medium,7,Self Study,6,82.9,Excellent
10838,Female,15,5.3,100.0,79.0,11,5.8,Yes,Postgraduate,No,High,7,Self Study,6,91.3,Excellent
10839,Male,19,2.5,75.6,50.3,2,7.4,Yes,Graduate,Yes,High,6,Self Study,5,74.6,Good
10840,Male,18,6.6,72.4,75.7,14,6.9,No,Graduate,Yes,High,2,Self Study,6,92.9,Excellent
10841,Male,17,1.7,71.8,82.1,3,6.5,Yes,,No,Medium,4,Online,5,71.7,Good
10842,Female,17,6.4,91.9,67.7,3,7.7,Yes,Graduate,No,Low,5,Coaching,3,91.3,Excellent
10843,Female,19,2.2,93.3,64.6,4,6.8,Yes,School,Yes,Medium,6,Self Study,2,76.6,Good
10844,Male,16,3.8,76.6,46.0,14,6.0,Yes,School,Yes,High,3,Online,5,64.3,Average
10845,Male,18,3.0,60.6,77.6,14,6.7,Yes,School,No,Medium,8,Self Study,5,76.4,Good
10846,Female,19,3.3,75.3,70.9,14,7.9,Yes,School,Yes,Low,6,Online,6,80.0,Good
10847,Male,16,5.1,87.5,55.1,13,5.9,Yes,Postgraduate,No,Low,4,Online,6,78.7,Good
10848,Female,16,6.2,81.3,63.4,14,7.2,Yes,Graduate,No,Medium,5,Coaching,8,90.7,Excellent
10849,Male,17,5.7,83.8,70.2,8,6.9,No,Graduate,Yes,Medium,8,Self Study,3,95.8,Excellent
10850,Female,19,3.2,76.8,60.2,2,6.2,No,School,No,Low,1,Online,6,55.5,Average
10851,Male,16,4.1,92.1,68.0,8,6.7,Yes,Postgraduate,No,Low,4,Self Study,3,79.6,Good
10852,Male,17,2.5,85.4,43.5,5,5.3,Yes,School,Yes,Medium,3,Self Study,7,61.0,Average
10853,Female,18,2.2,87.9,86.9,5,7.1,Yes,School,Yes,Medium,4,Self Study,3,84.0,Excellent
10854,Female,16,2.0,83.6,68.2,11,5.5,Yes,Postgraduate,No,Low,7,Self Study,7,70.3,Good
10855,Male,18,3.1,87.2,52.6,4,8.2,Yes,School,No,Medium,3,Self Study,3,64.9,Average
10856,Male,15,4.2,86.6,33.6,6,6.9,Yes,Postgraduate,No,Low,6,Online,6,63.8,Average
10857,Female,15,0.7,72.7,82.4,7,6.4,No,Graduate,No,Low,4,Self Study,8,65.4,Good
10858,Female,16,3.7,85.7,75.8,2,8.3,Yes,Graduate,Yes,Medium,1,Self Study,2,91.9,Excellent
10859,Male,17,6.2,89.9,70.9,11,5.9,No,School,No,Medium,9,Self Study,2,95.6,Excellent
10860,Male,15,5.6,93.6,80.1,12,6.2,No,Graduate,No,Low,6,Self Study,5,87.7,Excellent
10861,Female,21,2.9,86.2,80.1,9,5.0,Yes,Graduate,Yes,Low,3,Online,5,91.0,Excellent
10862,Female,17,1.6,72.3,70.7,2,8.4,No,Graduate,Yes,Low,6,Online,4,68.6,Good
10863,Female,20,4.5,73.9,64.4,13,9.1,Yes,Postgraduate,Yes,Medium,10,Coaching,3,93.7,Excellent
10864,Female,21,0.5,77.6,62.2,8,5.2,Yes,School,No,High,2,Coaching,4,63.4,Average
10865,Male,20,5.6,83.9,73.9,5,6.1,Yes,Graduate,No,Low,9,Coaching,5,86.4,Excellent
10866,Female,20,3.5,80.8,87.6,15,7.1,Yes,School,No,Medium,1,Self Study,3,96.2,Excellent
10867,Female,15,6.7,70.8,66.6,14,6.4,Yes,Postgraduate,Yes,Low,9,Self Study,5,84.8,Excellent
10868,Female,17,1.0,70.7,,8,7.0,Yes,Postgraduate,Yes,High,4,Self Study,4,85.4,Excellent
10869,Male,20,5.3,61.0,73.2,8,6.9,Yes,School,No,Medium,3,Self Study,4,79.6,Good
10870,Male,19,3.6,50.8,73.3,14,7.4,Yes,School,No,Low,8,Online,7,73.2,Good
10871,Female,15,3.3,80.7,100.0,4,5.9,Yes,Postgraduate,No,Medium,2,Coaching,7,81.5,Excellent
10872,Male,18,1.6,100.0,91.1,7,7.2,Yes,Postgraduate,Yes,Low,2,Self Study,3,85.1,Excellent
10873,Female,20,4.8,100.0,91.5,9,5.8,No,Graduate,Yes,Low,5,Self Study,3,96.6,Excellent
10874,Male,20,4.9,72.2,56.8,6,,Yes,Graduate,Yes,Medium,10,Coaching,6,78.6,Good
10875,Female,17,6.7,83.5,98.7,6,5.1,Yes,Graduate,No,Medium,4,Online,2,100.0,Excellent
10876,Female,16,5.4,67.4,66.8,3,6.6,No,School,Yes,Low,6,Online,7,66.7,Good
10877,Male,17,2.8,68.9,64.8,5,6.4,Yes,Postgraduate,Yes,Medium,4,Coaching,5,85.4,Excellent
10878,Male,17,2.2,70.0,37.8,7,8.0,Yes,Postgraduate,No,High,8,Coaching,4,77.5,Good
10879,Female,17,1.6,79.7,72.6,13,6.9,Yes,Postgraduate,Yes,Medium,9,Self Study,5,87.4,Excellent
10880,Female,17,6.2,80.2,52.8,6,7.1,No,Postgraduate,No,Low,10,Self Study,6,78.7,Good
10881,Male,18,2.6,84.5,73.7,4,7.0,Yes,Postgraduate,No,Medium,3,Self Study,1,87.1,Excellent
10882,Female,15,6.2,,51.7,13,4.7,Yes,School,Yes,Low,3,Coaching,6,80.4,Excellent
10883,Female,16,4.6,78.6,93.2,6,4.8,Yes,Postgraduate,Yes,High,10,Online,7,94.8,Excellent
10884,Male,17,4.3,82.4,75.7,14,6.6,Yes,School,No,Low,6,Online,4,85.5,Excellent
10885,Male,16,3.3,71.1,99.9,3,7.3,Yes,Graduate,No,Low,4,Self Study,5,83.5,Excellent
10886,Male,21,4.9,68.6,53.7,2,6.7,Yes,Graduate,No,High,4,Self Study,5,80.5,Excellent
10887,Male,19,3.8,67.0,89.7,14,6.0,Yes,School,No,High,2,Self Study,6,84.2,Excellent
10888,Male,21,3.2,88.5,42.8,3,6.7,No,Graduate,No,Medium,1,Self Study,4,60.9,Average
10889,Male,18,4.9,78.6,70.9,2,6.6,Yes,Graduate,No,Low,4,Coaching,4,80.1,Excellent
10890,Female,15,3.6,63.3,59.2,11,7.9,Yes,School,Yes,Medium,8,Coaching,4,81.2,Excellent
10891,Male,21,2.5,81.4,61.7,6,7.8,No,Graduate,Yes,High,7,Online,6,72.8,Good
10892,Female,18,4.8,69.5,60.8,8,6.4,Yes,Graduate,No,Medium,1,Self Study,9,62.1,Average
10893,Male,19,3.7,98.6,55.2,7,6.9,Yes,Graduate,Yes,High,1,Coaching,3,86.4,Excellent
10894,Male,17,4.6,76.2,50.4,6,7.3,Yes,Graduate,No,Medium,9,Online,5,85.1,Excellent
10895,Female,18,3.1,88.8,61.8,8,7.5,Yes,Graduate,No,High,8,Coaching,3,100.0,Excellent
10896,Female,18,1.9,92.9,69.6,5,8.8,Yes,Postgraduate,Yes,Low,8,Self Study,4,84.9,Excellent
10897,Male,16,6.6,72.5,84.3,5,7.0,Yes,Graduate,No,High,9,Self Study,2,,
10898,Male,18,6.3,82.8,72.1,5,,Yes,School,No,High,7,Self Study,1,100.0,Excellent
10899,Male,20,5.2,87.5,84.3,3,5.7,Yes,Graduate,Yes,Medium,4,Self Study,7,77.9,Good
10900,Female,15,3.2,83.2,47.3,9,6.3,Yes,Graduate,No,High,6,Self Study,6,75.5,Good
10901,Male,15,3.3,85.6,61.9,9,4.7,No,School,No,Medium,7,Coaching,5,81.4,Excellent
10902,Male,20,,68.7,78.0,2,7.2,Yes,Postgraduate,No,Medium,9,Self Study,3,97.9,Excellent
10903,Male,18,3.2,87.5,72.8,8,7.7,Yes,School,Yes,Medium,6,Self Study,5,91.2,Excellent
10904,Male,21,2.8,77.1,55.9,12,4.2,Yes,Postgraduate,No,High,1,Self Study,3,70.8,Good
10905,Female,19,6.8,85.5,81.1,2,7.2,Yes,School,No,Medium,7,Online,4,90.7,Excellent
10906,Female,19,3.7,91.2,60.6,6,7.7,Yes,Graduate,Yes,Medium,8,Self Study,5,81.0,Excellent
10907,Male,21,6.6,88.7,57.1,15,7.6,Yes,School,Yes,Medium,10,Self Study,3,92.9,Excellent
10908,Male,19,1.6,85.5,74.8,7,5.7,Yes,Postgraduate,No,High,2,Coaching,4,81.8,Excellent
10909,Male,17,4.6,88.4,68.1,2,7.9,Yes,Postgraduate,Yes,Low,9,Self Study,3,92.0,Excellent
10910,Male,18,7.1,88.9,60.7,9,7.0,Yes,School,No,Medium,1,Self Study,5,86.7,Excellent
10911,Female,16,3.8,97.0,,7,7.7,Yes,School,Yes,Medium,8,Coaching,5,85.2,Excellent
10912,Female,17,3.4,81.7,53.0,4,6.9,Yes,Graduate,No,High,4,Self Study,2,81.7,Excellent
10913,Female,19,1.9,83.6,62.5,3,7.4,Yes,School,No,Low,2,Self Study,6,63.9,Average
10914,Female,16,5.5,91.3,83.4,14,8.2,Yes,School,Yes,Medium,4,Coaching,5,95.6,Excellent
10915,Female,19,2.6,77.1,71.4,13,6.8,Yes,Postgraduate,No,Low,6,Self Study,5,64.6,Average
10916,Female,19,3.6,68.6,81.4,11,7.3,Yes,Graduate,Yes,Medium,2,Self Study,7,76.9,Good
10917,Male,17,1.8,86.9,75.2,2,8.4,Yes,School,No,Medium,6,Self Study,5,74.4,Good
10918,Male,15,6.3,79.9,59.4,14,6.9,Yes,Graduate,No,Medium,8,Self Study,5,91.6,Excellent
10919,Male,19,5.6,69.9,44.9,8,5.8,No,School,No,Medium,9,Self Study,5,72.2,Good
10920,Female,20,3.7,87.0,55.0,8,7.7,No,Postgraduate,Yes,Medium,6,Self Study,6,74.0,Good
10921,Male,20,2.0,96.3,58.6,14,8.6,Yes,School,No,Medium,7,Self Study,4,77.8,Good
10922,Female,17,6.3,65.7,57.5,8,8.4,Yes,Graduate,No,High,10,Online,3,87.5,Excellent
10923,Female,19,3.2,92.2,81.7,5,7.8,Yes,School,Yes,Medium,1,Coaching,6,82.0,Excellent
10924,Female,17,,56.6,81.6,5,4.4,Yes,Postgraduate,No,Low,8,Online,7,75.1,Good
10925,Male,17,1.0,78.0,99.0,14,6.3,Yes,School,Yes,Medium,10,Self Study,8,78.2,Good
10926,Male,17,2.8,100.0,57.3,9,6.4,Yes,Graduate,No,Medium,9,Self Study,6,79.1,Good
10927,Male,16,1.5,78.7,90.4,10,7.0,Yes,Graduate,No,Medium,10,Self Study,2,97.0,Excellent
10928,Female,21,2.8,82.9,90.3,10,8.9,No,Postgraduate,No,Medium,10,Self Study,5,93.6,Excellent
10929,Female,19,5.0,89.6,64.7,5,5.8,Yes,School,Yes,High,6,Self Study,5,86.2,Excellent
10930,Female,16,3.2,64.8,74.6,7,9.5,Yes,Postgraduate,No,High,9,Self Study,6,91.1,Excellent
10931,Male,21,4.4,82.7,85.4,15,6.6,No,Postgraduate,Yes,Low,4,Coaching,6,93.8,Excellent
10932,Male,16,2.6,82.6,67.2,4,6.2,Yes,School,No,Medium,2,Self Study,6,63.0,Average
10933,Male,19,3.9,100.0,66.1,15,7.9,Yes,School,No,Medium,1,Self Study,1,98.1,Excellent
10934,Female,16,6.9,69.6,59.2,5,8.0,Yes,Postgraduate,Yes,High,2,Coaching,2,89.3,Excellent
10935,Female,17,3.2,78.2,35.0,6,7.7,Yes,Graduate,Yes,Medium,8,Self Study,4,68.4,Good
10936,Male,19,4.4,72.7,69.0,2,6.2,Yes,Postgraduate,Yes,Low,5,Online,4,80.7,Excellent
10937,Female,21,1.3,71.7,58.1,11,7.6,Yes,Postgraduate,No,Medium,9,Online,5,74.5,Good
10938,Male,21,6.2,93.3,52.9,6,5.9,Yes,Graduate,No,Medium,4,Self Study,7,75.7,Good
10939,Female,21,3.0,82.3,73.9,8,6.1,Yes,School,No,Medium,8,Self Study,6,76.3,Good
10940,Male,16,5.5,76.4,47.7,10,6.9,No,Graduate,No,High,9,Online,3,85.6,Excellent
10941,Male,15,3.6,76.8,79.3,10,6.1,Yes,Graduate,No,Medium,4,Coaching,3,88.6,Excellent
10942,Female,21,4.8,76.4,74.8,15,8.2,No,Graduate,No,Low,6,Online,3,82.3,Excellent
10943,Male,21,4.9,77.3,62.4,9,6.4,Yes,Graduate,No,Low,6,Self Study,4,80.5,Excellent
10944,Male,16,3.1,69.4,67.1,4,6.8,Yes,Graduate,No,Low,9,Coaching,6,64.3,Average
10945,Male,15,5.5,79.4,51.3,11,6.0,Yes,Postgraduate,Yes,Low,4,Self Study,6,74.8,Good
10946,Male,19,2.6,78.4,78.5,2,8.1,Yes,School,No,Medium,4,Self Study,4,77.2,Good
10947,Female,15,5.0,74.4,70.6,13,6.3,No,Graduate,No,Low,8,Self Study,4,85.4,Excellent
10948,Female,15,3.2,83.6,71.7,6,8.3,No,School,Yes,Medium,10,Coaching,7,85.0,Excellent
10949,Female,21,4.4,84.4,75.0,12,,Yes,School,No,Medium,1,Self Study,2,90.6,Excellent
10950,Male,18,3.1,76.4,59.0,4,6.5,Yes,Graduate,No,Medium,1,Coaching,6,,
10951,Female,15,3.9,80.6,46.7,7,7.0,Yes,Postgraduate,Yes,High,10,Self Study,6,85.5,Excellent
10952,Male,19,2.1,100.0,81.4,11,6.5,Yes,Graduate,Yes,High,5,Online,5,91.0,Excellent
10953,Male,17,4.2,100.0,77.6,10,7.6,Yes,School,No,Medium,6,Self Study,4,88.8,Excellent
10954,Male,18,3.9,71.5,60.5,2,6.8,Yes,Graduate,No,Medium,10,Online,5,74.0,Good
10955,Female,21,2.9,72.9,73.7,2,6.5,Yes,Graduate,Yes,Medium,4,Coaching,4,64.6,Average
10956,Female,16,3.7,71.4,85.6,15,7.1,Yes,Graduate,No,Medium,5,Self Study,4,92.5,Excellent
10957,Female,19,4.0,92.6,83.9,9,5.3,No,School,No,Medium,9,Coaching,4,95.6,Excellent
10958,Male,20,2.8,78.0,60.1,13,6.9,Yes,Graduate,No,Medium,8,Coaching,8,73.1,Good
10959,Male,17,3.6,84.4,47.2,3,7.7,Yes,School,Yes,Low,7,Self Study,4,64.8,Average
10960,Female,21,2.2,100.0,49.6,8,7.2,Yes,Graduate,Yes,Medium,4,Self Study,5,73.2,Good
10961,Female,18,7.6,81.9,63.6,10,8.0,Yes,School,No,High,8,Online,5,100.0,Excellent
10962,Male,18,5.5,89.1,88.5,14,6.6,Yes,Graduate,Yes,Medium,9,Online,4,100.0,Excellent
10963,Male,21,4.2,87.2,57.8,11,6.5,Yes,Postgraduate,No,Medium,10,Coaching,5,,
10964,Male,19,5.7,76.1,59.7,10,5.8,Yes,School,No,Medium,7,Self Study,5,92.6,Excellent
10965,Female,21,0.6,92.6,59.4,6,6.6,No,School,No,Medium,9,Self Study,4,74.9,Good
10966,Male,20,0.5,73.5,60.6,15,9.2,Yes,Postgraduate,No,Medium,9,Self Study,2,90.4,Excellent
10967,Female,19,3.2,95.4,67.8,6,7.3,Yes,Graduate,No,Medium,8,Coaching,3,89.0,Excellent
10968,Male,16,1.6,76.1,50.1,5,6.4,Yes,Graduate,No,Low,6,Self Study,8,54.5,Average
10969,Female,17,3.4,77.2,83.2,12,5.9,Yes,Postgraduate,Yes,Medium,5,Self Study,4,95.6,Excellent
10970,Male,21,4.1,71.1,66.0,15,5.2,Yes,Graduate,Yes,Low,7,Coaching,5,78.4,Good
10971,Male,19,5.3,72.8,100.0,13,6.1,Yes,Graduate,No,High,9,Online,2,100.0,Excellent
10972,Male,16,2.0,77.7,51.6,4,7.8,Yes,Graduate,Yes,Medium,6,Self Study,7,60.6,Average
10973,Male,17,4.4,57.7,90.3,13,6.5,Yes,Postgraduate,Yes,Low,7,Self Study,4,94.1,Excellent
10974,Female,20,3.8,79.7,87.5,6,5.9,Yes,Graduate,Yes,Medium,6,Self Study,4,89.2,Excellent
10975,Male,16,4.4,76.9,62.2,5,6.1,Yes,School,Yes,Medium,7,Self Study,4,78.7,Good
10976,Female,15,3.0,89.9,62.5,15,7.7,No,Graduate,No,Medium,7,Self Study,9,77.1,Good
10977,Male,20,6.0,86.2,55.1,15,6.9,Yes,School,No,Medium,1,Self Study,5,84.9,Excellent
10978,Male,17,3.6,74.9,55.3,7,6.3,Yes,Graduate,Yes,Medium,2,Self Study,5,73.2,Good
10979,Female,20,6.6,77.4,68.0,2,6.7,No,School,Yes,Medium,1,Coaching,1,77.1,Good
10980,Male,18,2.5,79.7,68.3,4,9.4,Yes,Graduate,No,Medium,8,Self Study,7,75.1,Good
10981,Female,21,5.0,96.9,45.6,9,8.3,Yes,Graduate,Yes,Medium,9,Coaching,3,88.8,Excellent
10982,Female,18,3.7,73.8,100.0,2,8.6,Yes,Graduate,No,Low,4,Self Study,3,89.1,Excellent
10983,Female,21,3.3,74.8,64.4,5,5.1,Yes,Graduate,No,High,1,Coaching,4,70.6,Good
10984,Male,20,4.8,70.7,68.9,4,6.8,Yes,School,Yes,High,1,Coaching,7,80.2,Excellent
10985,Male,16,3.3,67.2,59.2,15,,Yes,Graduate,No,Medium,5,Online,5,77.1,Good
10986,Female,21,0.5,85.1,64.3,6,7.6,Yes,Graduate,No,Medium,7,Self Study,3,79.6,Good
10987,Male,20,0.5,84.0,63.0,7,8.2,No,Graduate,No,Low,4,Coaching,5,61.8,Average
10988,Male,15,,94.8,68.0,7,7.4,Yes,Postgraduate,Yes,High,7,Online,3,97.9,Excellent
10989,Male,15,5.8,92.4,67.8,2,6.0,Yes,Graduate,Yes,Low,2,Self Study,5,75.1,Good
10990,Female,16,6.8,100.0,79.3,9,6.3,No,Graduate,Yes,Medium,8,Self Study,3,100.0,Excellent
10991,Female,15,3.8,81.3,71.2,14,7.7,Yes,Postgraduate,No,High,4,Self Study,2,87.7,Excellent
10992,Female,17,1.7,79.4,77.9,13,7.8,Yes,Graduate,Yes,Medium,10,Online,5,79.2,Good
10993,Female,21,3.1,69.0,,5,7.2,Yes,Graduate,Yes,Medium,8,Self Study,5,73.5,Good
10994,Male,18,3.8,89.0,71.2,2,7.1,Yes,Graduate,No,Medium,5,Self Study,2,86.7,Excellent
10995,Female,15,2.2,83.2,64.6,12,7.1,Yes,Postgraduate,No,Medium,10,Online,2,85.6,Excellent
10996,Male,18,6.4,88.5,82.0,13,7.3,Yes,Graduate,Yes,High,10,Self Study,4,100.0,Excellent
10997,Female,16,7.4,70.6,72.5,14,7.8,Yes,School,No,Medium,2,Self Study,3,90.5,Excellent
10998,Male,20,4.6,85.5,65.8,10,7.7,Yes,Graduate,No,Low,6,Coaching,4,77.9,Good
10999,Female,15,3.8,84.1,65.4,8,7.0,Yes,School,No,Medium,7,Self Study,6,82.6,Excellent
11000,Male,20,1.7,83.4,66.5,12,6.9,Yes,Graduate,Yes,Medium,4,Self Study,2,85.0,Excellent
11001,Male,18,6.3,75.2,68.4,11,6.9,Yes,Postgraduate,No,Medium,10,Self Study,4,96.4,Excellent
11002,Male,15,3.9,93.9,67.2,12,6.1,Yes,Postgraduate,Yes,Medium,7,Coaching,6,89.5,Excellent
11003,Male,19,3.3,100.0,60.2,5,6.1,Yes,Graduate,Yes,Medium,8,Coaching,5,81.0,Excellent
11004,Male,18,4.6,70.9,78.7,14,7.6,Yes,Postgraduate,Yes,Medium,2,Self Study,2,88.1,Excellent
11005,Female,20,2.9,89.2,79.6,2,6.2,Yes,Postgraduate,Yes,Medium,10,Self Study,4,94.2,Excellent
11006,Male,19,4.0,53.2,93.0,3,7.9,Yes,Postgraduate,No,Low,10,Online,4,87.9,Excellent
11007,Female,20,1.5,88.7,59.5,11,6.9,Yes,Postgraduate,No,Medium,10,Self Study,3,85.5,Excellent
11008,Male,18,5.5,63.3,77.3,10,7.9,Yes,Postgraduate,Yes,High,5,Online,5,89.8,Excellent
11009,Female,15,3.6,76.8,41.3,9,7.7,Yes,School,Yes,Low,10,Online,5,75.1,Good
11010,Male,15,5.7,68.9,79.6,14,7.9,Yes,School,Yes,Low,1,Self Study,3,95.5,Excellent
11011,Female,18,3.5,79.8,47.6,14,6.5,No,School,No,Medium,3,Coaching,7,69.0,Good
11012,Female,17,3.6,90.4,54.2,12,7.4,Yes,Graduate,Yes,Medium,7,Online,4,87.1,Excellent
11013,Male,20,1.9,63.4,72.7,4,7.8,Yes,Postgraduate,No,Medium,8,Coaching,7,78.1,Good
11014,Female,17,5.0,78.4,59.3,3,5.3,Yes,Postgraduate,Yes,Medium,2,Coaching,4,80.8,Excellent
11015,Male,21,2.4,76.9,57.4,3,8.9,Yes,Postgraduate,No,Medium,3,Self Study,3,78.0,Good
11016,Male,16,3.0,97.8,61.2,10,9.5,Yes,Postgraduate,No,Low,1,Online,3,84.8,Excellent
11017,Female,17,3.8,86.3,78.2,11,8.0,No,Graduate,Yes,Medium,2,Self Study,5,86.5,Excellent
11018,Female,20,4.0,70.2,54.9,13,7.9,Yes,Graduate,No,Low,1,Coaching,3,78.8,Good
11019,Male,15,1.1,77.3,67.2,3,,No,Graduate,No,High,10,Online,5,79.0,Good
11020,Male,17,3.4,97.6,62.7,5,6.6,Yes,School,No,Medium,9,Self Study,4,79.0,Good
11021,Female,20,5.1,89.1,79.5,6,6.9,No,Postgraduate,Yes,Low,7,Coaching,4,95.8,Excellent
11022,Female,19,3.2,72.8,79.9,10,8.1,No,Graduate,No,Medium,1,Coaching,5,92.8,Excellent
11023,Female,20,3.4,79.3,42.3,2,5.9,Yes,School,Yes,Medium,8,Online,7,64.2,Average
11024,Female,18,4.1,79.6,82.6,13,5.8,Yes,Graduate,No,High,6,Self Study,4,86.5,Excellent
11025,Female,21,3.6,76.6,59.4,3,6.6,Yes,Graduate,No,Medium,8,Coaching,5,74.3,Good
11026,Male,21,2.2,64.9,71.3,9,7.7,Yes,Postgraduate,No,Medium,5,Self Study,6,77.7,Good
11027,Female,21,3.7,75.2,54.9,15,6.0,Yes,Postgraduate,No,Medium,1,Self Study,3,74.7,Good
11028,Male,15,5.4,95.9,73.2,4,6.8,Yes,School,Yes,Medium,10,Self Study,5,85.2,Excellent
11029,Female,19,2.1,78.2,100.0,11,6.9,Yes,Postgraduate,No,Medium,9,Self Study,6,84.7,Excellent
11030,Male,15,3.2,81.0,69.8,9,5.9,Yes,School,No,Medium,10,Self Study,7,76.7,Good
11031,Female,16,1.6,83.4,61.6,13,4.3,Yes,Graduate,Yes,High,7,Self Study,4,87.3,Excellent
11032,Female,17,5.3,100.0,64.7,10,5.9,Yes,Graduate,Yes,Medium,10,Self Study,3,93.8,Excellent
11033,Male,19,3.7,82.1,47.4,13,7.3,Yes,Postgraduate,No,High,1,Self Study,5,80.5,Excellent
11034,Female,18,2.4,92.9,88.3,7,7.5,Yes,Postgraduate,Yes,Medium,5,Online,5,87.7,Excellent
11035,Male,21,3.9,76.0,72.4,4,7.5,Yes,School,No,Low,4,Self Study,5,71.3,Good
11036,Female,17,1.9,79.4,53.3,11,7.7,Yes,Graduate,Yes,Low,5,Self Study,4,74.8,Good
11037,Male,19,2.1,82.1,53.8,15,,Yes,Postgraduate,No,High,1,Coaching,6,65.5,Good
11038,Male,20,1.5,74.3,68.2,8,6.1,Yes,Postgraduate,No,Medium,9,Online,1,93.1,Excellent
11039,Male,21,2.1,80.0,81.0,13,7.4,Yes,School,Yes,Medium,3,Coaching,6,83.9,Excellent
11040,Male,16,6.0,90.9,51.9,14,6.8,Yes,School,Yes,High,2,Self Study,7,87.1,Excellent
11041,Male,20,2.6,74.0,83.6,11,8.0,Yes,,Yes,Low,2,Self Study,4,80.3,Excellent
11042,Female,15,4.5,82.0,66.7,13,7.4,Yes,Postgraduate,No,Low,2,Self Study,5,85.2,Excellent
11043,Female,18,2.5,89.1,55.0,9,8.4,Yes,Graduate,Yes,Low,7,Coaching,8,78.2,Good
11044,Female,17,5.0,73.8,61.5,13,6.5,Yes,Graduate,Yes,Medium,10,Self Study,5,88.0,Excellent
11045,Male,21,2.2,93.0,,6,8.2,No,Postgraduate,No,Medium,1,Self Study,5,78.2,Good
11046,Male,20,3.9,82.7,48.6,9,9.2,Yes,Graduate,No,Low,1,Self Study,7,62.1,Average
11047,Male,21,3.9,80.3,57.8,3,7.1,Yes,Graduate,Yes,Low,9,Self Study,8,68.0,Good
11048,Female,20,7.5,61.9,81.3,4,7.5,Yes,Postgraduate,No,Medium,4,Self Study,2,96.4,Excellent
11049,Female,17,4.8,78.3,71.0,10,6.0,Yes,Graduate,No,Low,2,Self Study,4,79.6,Good
11050,Male,20,2.9,85.7,56.9,12,8.0,Yes,School,No,Medium,2,Self Study,6,68.9,Good
11051,Female,15,4.9,99.5,81.5,2,8.2,Yes,School,No,Medium,7,Self Study,5,93.1,Excellent
11052,Male,18,7.2,87.7,82.2,2,6.5,Yes,Graduate,No,Low,1,Self Study,5,83.4,Excellent
11053,Male,15,1.2,93.3,72.6,2,7.6,Yes,School,No,Low,5,Self Study,1,72.3,Good
11054,Male,20,2.5,69.9,59.4,9,7.3,Yes,School,No,Medium,10,Coaching,2,86.7,Excellent
11055,Male,21,3.4,80.7,61.6,6,7.4,Yes,School,Yes,Medium,5,Self Study,8,72.0,Good
11056,Female,19,3.1,94.2,72.0,2,7.9,Yes,Graduate,No,Medium,2,Self Study,6,67.4,Good
11057,Female,20,3.3,73.1,49.6,13,7.6,Yes,Postgraduate,No,Medium,8,Coaching,5,73.4,Good
11058,Male,16,1.7,91.7,86.6,9,6.8,Yes,Graduate,Yes,High,5,Self Study,3,83.7,Excellent
11059,Female,21,6.0,89.3,91.8,2,7.9,Yes,Postgraduate,No,Medium,4,Self Study,3,97.7,Excellent
11060,Female,18,1.5,84.7,64.7,11,8.2,Yes,Postgraduate,No,Medium,3,Self Study,6,80.6,Excellent
11061,Female,19,3.5,78.7,73.0,14,6.4,Yes,Graduate,Yes,High,8,Online,2,100.0,Excellent
11062,Female,20,5.5,72.1,84.6,7,7.0,Yes,Graduate,Yes,Medium,5,Self Study,3,97.0,Excellent
11063,Male,19,3.8,99.8,95.4,15,5.1,Yes,School,Yes,Medium,5,Self Study,6,100.0,Excellent
11064,Female,17,2.2,88.3,89.8,7,7.6,Yes,Graduate,Yes,Medium,8,Self Study,6,88.2,Excellent
11065,Male,19,1.6,85.4,43.7,3,8.3,Yes,School,No,Medium,4,Coaching,4,69.7,Good
11066,Female,19,3.4,,63.6,3,6.7,Yes,Graduate,Yes,High,7,Self Study,6,72.3,Good
11067,Male,21,2.6,82.4,75.0,2,7.1,Yes,Postgraduate,No,Low,2,Coaching,7,61.5,Average
11068,Female,18,4.1,83.6,61.1,6,6.8,Yes,Graduate,Yes,Medium,6,Self Study,2,82.3,Excellent
11069,Male,18,1.6,86.0,93.0,7,6.6,No,School,No,Low,5,Self Study,8,71.4,Good
11070,Male,18,5.1,89.3,90.8,8,7.3,Yes,Postgraduate,No,Medium,6,Coaching,6,100.0,Excellent
11071,Female,15,4.0,74.2,56.6,8,6.1,Yes,Postgraduate,Yes,Medium,4,Self Study,5,74.9,Good
11072,Female,15,4.1,67.3,65.7,14,6.7,Yes,Postgraduate,Yes,Medium,2,Self Study,4,76.5,Good
11073,Male,15,6.1,82.8,57.5,2,6.0,No,School,Yes,High,10,Coaching,6,87.5,Excellent
11074,Female,19,3.1,64.5,65.3,14,7.6,Yes,Graduate,Yes,Low,5,Online,6,72.3,Good
11075,Female,17,2.6,78.8,64.8,5,7.3,Yes,Graduate,No,Low,8,Self Study,4,76.3,Good
11076,Male,21,2.9,76.9,81.4,15,6.5,No,Graduate,No,Medium,10,Coaching,8,91.3,Excellent
11077,Female,19,3.5,86.9,55.6,3,7.0,Yes,Graduate,No,Medium,5,Self Study,1,73.6,Good
11078,Male,15,3.7,100.0,31.4,3,6.8,Yes,Postgraduate,No,Low,9,Coaching,4,81.5,Excellent
11079,Female,15,2.5,62.6,45.5,3,8.3,Yes,School,No,Medium,5,Coaching,5,67.5,Good
11080,Male,17,0.6,100.0,53.6,6,6.5,No,Postgraduate,Yes,Low,1,Coaching,5,65.7,Good
11081,Male,21,2.9,79.7,58.8,15,7.7,Yes,,No,Medium,9,Self Study,6,89.5,Excellent
11082,Female,15,4.4,85.5,70.6,8,6.2,Yes,School,No,Medium,9,Self Study,2,87.8,Excellent
11083,Female,16,4.0,67.9,52.9,4,7.9,Yes,Postgraduate,No,Medium,6,Self Study,4,78.6,Good
11084,Female,15,5.7,92.0,51.0,10,8.1,No,Graduate,Yes,Medium,9,Coaching,6,89.6,Excellent
11085,Female,17,6.9,82.4,55.0,9,8.2,Yes,Graduate,Yes,Medium,7,Coaching,1,94.9,Excellent
11086,Female,21,5.0,81.4,52.4,11,8.6,Yes,Graduate,Yes,High,9,Self Study,4,87.0,Excellent
11087,Female,19,6.0,62.6,60.2,12,7.3,Yes,School,Yes,Medium,1,Self Study,3,92.3,Excellent
11088,Female,18,5.0,82.7,59.6,13,8.4,Yes,School,Yes,Medium,9,Coaching,5,96.8,Excellent
11089,Male,16,6.5,90.5,77.6,4,8.8,Yes,,No,Medium,3,Self Study,4,97.6,Excellent
11090,Male,17,6.8,79.6,54.1,8,5.8,Yes,School,Yes,Medium,10,Online,4,85.0,Excellent
11091,Male,18,5.3,93.7,63.0,10,6.3,Yes,Postgraduate,No,Low,10,Self Study,4,96.1,Excellent
11092,Female,16,4.9,93.3,60.4,9,5.4,Yes,Postgraduate,Yes,Medium,1,Coaching,5,80.2,Excellent
11093,Male,19,3.5,75.6,79.3,15,8.2,Yes,Postgraduate,No,Medium,7,Self Study,4,100.0,Excellent
11094,Male,21,3.7,98.0,65.8,15,5.3,Yes,Postgraduate,Yes,Medium,4,Self Study,5,93.7,Excellent
11095,Female,16,3.3,82.5,82.7,13,5.0,Yes,Graduate,Yes,Medium,3,Online,8,85.5,Excellent
11096,Male,16,4.8,82.5,51.9,5,5.8,Yes,Graduate,Yes,Medium,10,Coaching,3,89.2,Excellent
11097,Male,15,2.6,83.0,67.3,9,5.1,Yes,Postgraduate,Yes,High,5,Self Study,6,77.1,Good
11098,Female,20,3.5,82.7,59.9,13,7.3,Yes,Graduate,Yes,High,6,Online,3,91.3,Excellent
11099,Female,18,0.5,55.7,50.8,5,5.8,Yes,School,No,Medium,4,Self Study,9,52.9,Average
11100,Male,16,6.6,80.1,67.1,11,5.1,Yes,Graduate,Yes,Medium,7,Coaching,4,96.9,Excellent
11101,Male,16,3.4,,92.3,5,7.0,Yes,School,Yes,Medium,3,Self Study,3,78.5,Good
11102,Male,15,4.5,98.3,56.1,3,7.0,No,Graduate,Yes,Medium,4,Online,4,85.5,Excellent
11103,Female,18,6.1,97.9,66.2,5,,Yes,Postgraduate,No,Medium,8,Online,2,92.0,Excellent
11104,Female,19,4.3,90.5,49.6,14,6.2,Yes,Graduate,No,Low,3,Self Study,4,77.6,Good
11105,Male,16,6.1,79.6,47.6,15,6.9,Yes,School,Yes,High,8,Self Study,5,85.1,Excellent
11106,Female,15,1.8,71.9,57.0,13,6.6,Yes,School,Yes,Medium,10,Coaching,8,57.4,Average
11107,Male,18,7.6,75.4,61.7,5,6.6,No,Graduate,No,Low,8,Self Study,6,83.8,Excellent
11108,Male,19,5.5,100.0,62.3,12,8.3,Yes,School,No,Medium,4,Self Study,4,100.0,Excellent
11109,Female,17,4.1,75.1,64.8,5,9.4,Yes,Graduate,No,High,2,Coaching,5,81.7,Excellent
11110,Male,16,6.1,58.4,44.9,3,6.7,No,Postgraduate,No,Medium,6,Self Study,6,84.6,Excellent
11111,Male,16,1.9,92.3,59.2,5,5.5,Yes,Graduate,Yes,Medium,5,Online,9,63.5,Average
11112,Male,20,3.3,97.0,75.0,3,6.7,Yes,Graduate,No,Medium,3,Coaching,4,83.4,Excellent
11113,Female,21,6.1,98.6,49.0,10,7.2,No,,No,Medium,4,Self Study,7,78.8,Good
11114,Female,20,0.8,92.4,63.0,11,6.9,Yes,School,No,Medium,10,Self Study,4,78.7,Good
11115,Female,18,4.7,94.0,72.1,2,7.7,Yes,Graduate,Yes,High,2,Online,6,84.6,Excellent
11116,Male,20,4.7,82.5,57.0,3,9.4,Yes,Graduate,No,Medium,3,Self Study,3,87.6,Excellent
11117,Male,17,7.0,61.2,72.8,8,5.1,No,Graduate,No,Medium,4,Online,3,82.0,Excellent
11118,Female,15,1.3,82.3,46.7,3,6.4,Yes,Graduate,No,Low,10,Self Study,5,63.2,Average
11119,Male,17,6.4,88.2,80.4,13,8.7,Yes,,No,Medium,4,Self Study,2,100.0,Excellent
11120,Female,19,2.9,80.6,73.1,7,6.4,Yes,School,No,High,3,Self Study,6,81.0,Excellent
11121,Female,19,3.1,80.2,68.8,7,7.9,Yes,,Yes,Low,3,Self Study,7,59.9,Average
11122,Male,21,1.8,72.4,83.7,2,7.7,Yes,School,Yes,High,10,Self Study,1,79.3,Good
11123,Female,21,2.1,72.0,63.4,11,8.4,Yes,Graduate,Yes,Low,4,Self Study,4,,
11124,Male,16,4.4,100.0,59.4,12,9.1,Yes,School,No,High,4,Self Study,2,98.4,Excellent
11125,Male,15,2.0,100.0,87.2,12,7.4,Yes,Postgraduate,No,Medium,4,Self Study,7,84.0,Excellent
11126,Female,16,5.0,82.0,93.8,9,5.1,No,Graduate,No,High,9,Self Study,7,96.8,Excellent
11127,Male,21,2.7,84.8,58.3,5,6.2,No,School,No,Medium,8,Self Study,5,81.0,Excellent
11128,Female,20,1.9,72.2,66.4,3,9.4,Yes,,No,Medium,6,Self Study,3,73.3,Good
11129,Female,15,3.0,88.4,82.6,6,5.4,Yes,Postgraduate,No,Low,3,Self Study,2,82.7,Excellent
11130,Female,16,4.3,99.6,66.9,9,7.5,Yes,Graduate,Yes,Medium,2,Online,8,82.8,Excellent
11131,Female,18,3.4,66.7,76.3,3,4.2,Yes,Graduate,Yes,Medium,1,Self Study,8,64.3,Average
11132,Male,19,3.9,86.6,78.9,2,5.5,Yes,Postgraduate,Yes,Low,3,Self Study,2,84.1,Excellent
11133,Male,21,4.9,87.4,60.1,5,8.0,Yes,Graduate,No,Medium,8,Online,5,83.6,Excellent
11134,Female,20,5.5,87.3,73.9,2,7.0,Yes,Graduate,Yes,Medium,8,Coaching,2,93.7,Excellent
11135,Female,16,3.3,98.4,67.9,2,6.6,Yes,Graduate,Yes,Medium,8,Self Study,4,77.2,Good
11136,Male,15,2.1,100.0,51.0,8,6.1,No,Postgraduate,Yes,Medium,7,Online,3,82.1,Excellent
11137,Male,19,3.9,79.7,54.1,12,4.8,Yes,,No,Low,6,Online,2,74.4,Good
11138,Male,18,4.6,88.7,58.9,8,7.8,Yes,Postgraduate,No,Medium,4,Coaching,4,81.3,Excellent
11139,Male,21,1.5,82.8,81.0,3,6.7,Yes,Graduate,No,High,8,Coaching,9,67.9,Good
11140,Female,19,2.4,75.7,81.5,6,5.3,Yes,Postgraduate,Yes,Low,2,Coaching,4,75.4,Good
11141,Male,18,2.6,84.7,78.5,2,7.0,Yes,School,No,Medium,1,Online,6,70.1,Good
11142,Female,17,3.5,88.7,74.2,10,7.6,Yes,Graduate,Yes,Low,9,Self Study,6,80.4,Excellent
11143,Female,15,2.6,84.2,73.8,5,6.8,Yes,School,No,Medium,5,Coaching,6,73.6,Good
11144,Female,21,4.9,73.2,71.9,7,7.1,Yes,Postgraduate,Yes,Medium,7,Self Study,8,82.5,Excellent
11145,Male,20,1.2,77.4,73.7,14,7.0,Yes,School,Yes,High,10,Coaching,7,73.8,Good
11146,Male,16,1.3,77.4,74.7,10,6.2,Yes,Graduate,No,Medium,7,Online,9,66.8,Good
11147,Female,19,3.3,73.6,48.3,12,7.1,Yes,School,No,Low,8,Self Study,3,84.8,Excellent
11148,Female,17,3.5,85.1,56.9,6,7.8,Yes,School,No,Low,5,Self Study,6,65.6,Good
11149,Male,18,1.5,86.2,53.6,15,8.1,Yes,Graduate,Yes,Medium,4,Coaching,8,75.9,Good
11150,Female,20,2.8,91.8,83.5,12,7.9,Yes,Postgraduate,No,Medium,4,Coaching,3,92.4,Excellent
11151,Male,20,3.2,73.4,91.2,9,6.3,Yes,School,Yes,High,10,Coaching,1,100.0,Excellent
11152,Female,16,3.2,76.2,37.6,10,7.7,Yes,Postgraduate,Yes,Low,4,Online,3,67.2,Good
11153,Male,17,4.0,97.5,89.9,10,7.5,Yes,Postgraduate,No,Medium,10,Self Study,3,94.1,Excellent
11154,Male,20,2.7,80.4,69.2,4,6.2,Yes,Postgraduate,No,Medium,1,Coaching,6,68.4,Good
11155,Female,21,6.2,82.3,82.2,5,6.5,Yes,Graduate,No,High,3,Coaching,3,97.8,Excellent
11156,Male,15,4.6,80.2,75.1,11,7.7,Yes,Graduate,No,High,10,Self Study,4,100.0,Excellent
11157,Male,20,2.5,93.3,88.2,8,8.5,Yes,Graduate,No,High,6,Self Study,4,93.7,Excellent
11158,Male,18,4.0,93.7,70.9,12,5.0,Yes,School,Yes,Medium,4,Coaching,5,80.6,Excellent
11159,Male,19,4.0,93.1,48.9,9,8.8,Yes,Graduate,No,Medium,2,Coaching,4,84.6,Excellent
11160,Female,15,5.7,82.3,66.5,2,8.3,Yes,Postgraduate,No,Low,5,Coaching,3,83.4,Excellent
11161,Male,19,2.8,73.3,75.2,11,7.2,Yes,School,No,Low,10,Self Study,6,76.2,Good
11162,Female,19,5.0,100.0,65.0,10,6.7,Yes,School,No,Medium,4,Coaching,7,77.9,Good
11163,Female,19,3.9,90.6,77.2,7,7.4,Yes,Graduate,Yes,High,5,Self Study,3,89.5,Excellent
11164,Male,20,6.2,77.4,67.1,13,6.3,Yes,Postgraduate,No,Medium,4,Self Study,5,87.8,Excellent
11165,Male,21,5.9,96.2,59.7,6,6.8,Yes,Graduate,No,Medium,9,Coaching,2,97.4,Excellent
11166,Female,20,4.1,76.6,52.8,3,5.4,Yes,Postgraduate,No,Low,7,Coaching,2,69.6,Good
11167,Female,20,3.4,96.1,62.5,3,5.1,Yes,Graduate,No,Medium,7,Coaching,7,72.0,Good
11168,Female,21,4.6,96.8,,14,9.6,Yes,Graduate,No,Low,7,Self Study,7,86.8,Excellent
11169,Female,19,3.5,72.8,40.6,7,7.1,Yes,Postgraduate,No,Low,5,Coaching,4,71.8,Good
11170,Male,19,6.5,87.8,57.1,7,7.2,Yes,Graduate,No,Low,9,Online,7,86.2,Excellent
11171,Male,18,3.9,89.8,40.0,6,7.0,Yes,Graduate,Yes,High,7,Self Study,4,70.9,Good
11172,Female,20,3.2,100.0,59.4,12,6.1,Yes,Postgraduate,No,Medium,1,Self Study,5,81.2,Excellent
11173,Male,15,3.1,74.6,84.8,10,6.7,Yes,School,No,High,4,Online,8,78.6,Good
11174,Female,18,1.9,96.3,51.4,14,7.1,Yes,School,No,Medium,9,Self Study,4,84.0,Excellent
11175,Male,17,4.7,82.2,77.8,14,6.8,Yes,Postgraduate,No,Medium,3,Coaching,6,87.2,Excellent
11176,Female,21,2.5,69.6,100.0,15,6.2,Yes,Graduate,Yes,High,10,Coaching,5,100.0,Excellent
11177,Male,15,5.6,80.8,88.3,6,7.5,Yes,Postgraduate,Yes,High,9,Self Study,3,100.0,Excellent
11178,Male,19,1.7,82.0,69.9,10,7.2,Yes,Postgraduate,Yes,Low,10,Online,4,84.7,Excellent
11179,Male,16,4.0,71.4,80.0,6,7.4,Yes,Graduate,No,Low,8,Self Study,1,100.0,Excellent
11180,Male,21,5.6,85.1,48.8,11,7.8,Yes,Graduate,No,Low,2,Self Study,6,78.2,Good
11181,Female,20,0.5,91.6,46.0,12,6.8,Yes,Graduate,No,Medium,2,Self Study,6,71.8,Good
11182,Male,16,7.0,84.4,68.4,5,6.8,Yes,School,No,Low,5,Online,4,100.0,Excellent
11183,Male,21,3.1,76.6,73.6,14,8.6,Yes,Graduate,No,Medium,4,Self Study,3,78.6,Good
11184,Male,18,4.0,80.5,83.3,6,6.0,Yes,Postgraduate,No,Medium,10,Coaching,5,98.4,Excellent
11185,Male,21,4.7,82.0,60.0,15,4.9,Yes,Postgraduate,No,High,9,Self Study,6,91.2,Excellent
11186,Female,20,5.0,84.2,70.7,13,7.6,Yes,Postgraduate,Yes,High,8,Self Study,4,100.0,Excellent
11187,Male,15,4.2,93.1,70.2,2,6.3,Yes,Postgraduate,No,Medium,10,Self Study,6,80.5,Excellent
11188,Female,16,5.4,84.7,66.2,7,5.8,No,School,Yes,Medium,1,Self Study,5,71.1,Good
11189,Male,17,4.6,68.0,67.0,7,8.0,No,Graduate,Yes,Low,8,Self Study,4,75.8,Good
11190,Female,16,6.6,76.4,56.0,13,6.8,Yes,School,No,Low,9,Self Study,6,96.8,Excellent
11191,Male,15,4.6,83.7,71.9,12,5.6,Yes,Graduate,Yes,Medium,10,Self Study,4,95.9,Excellent
11192,Male,21,6.9,,70.7,2,9.1,Yes,Postgraduate,No,High,9,Self Study,1,97.8,Excellent
11193,Female,21,5.2,95.0,61.8,13,5.2,Yes,Postgraduate,Yes,Low,9,Coaching,5,87.0,Excellent
11194,Female,18,0.9,99.7,77.3,5,6.9,Yes,Postgraduate,Yes,Medium,8,Self Study,5,70.7,Good
11195,Female,16,8.0,83.3,82.4,7,4.9,No,Graduate,Yes,Medium,2,Self Study,4,99.8,Excellent
11196,Male,16,,89.6,77.5,4,7.3,Yes,Graduate,No,Medium,5,Self Study,7,77.0,Good
11197,Male,21,6.2,67.5,53.4,4,6.3,No,School,No,High,9,Online,5,,
11198,Female,17,3.8,86.3,69.4,9,7.9,Yes,Graduate,No,High,7,Coaching,4,91.2,Excellent
11199,Male,15,5.5,71.2,55.2,3,,Yes,Graduate,No,Low,3,Online,4,78.2,Good
11200,Female,17,2.7,81.4,69.4,3,8.5,Yes,Postgraduate,Yes,Medium,8,Self Study,5,78.4,Good
11201,Female,18,4.8,100.0,55.3,13,6.5,Yes,Graduate,No,Low,1,Coaching,5,83.1,Excellent
11202,Female,19,3.4,85.0,85.9,6,5.2,Yes,Graduate,Yes,Medium,4,Self Study,5,84.1,Excellent
11203,Female,17,6.3,73.4,79.0,11,7.3,Yes,Postgraduate,Yes,High,8,Coaching,4,97.2,Excellent
11204,Female,21,4.5,86.1,84.1,15,6.7,Yes,School,No,Low,8,Self Study,2,94.3,Excellent
11205,Male,19,5.3,76.8,82.7,2,5.0,Yes,Graduate,No,High,6,Coaching,3,89.0,Excellent
11206,Male,21,0.5,72.4,64.2,13,5.8,Yes,Postgraduate,No,High,3,Online,6,71.6,Good
11207,Female,17,3.7,100.0,62.0,3,,No,Postgraduate,Yes,Medium,5,Coaching,5,87.3,Excellent
11208,Male,19,15.0,92.7,92.4,12,8.7,Yes,School,No,Medium,2,Self Study,2,99.7,Excellent
11209,Male,17,4.2,85.5,65.7,6,7.8,Yes,Graduate,No,Medium,10,Coaching,3,90.7,Excellent
11210,Male,19,5.3,78.1,49.0,3,6.6,Yes,Graduate,No,Medium,9,Coaching,3,83.5,Excellent
11211,Female,20,3.2,78.9,82.1,5,7.5,Yes,School,No,Low,8,Self Study,7,76.1,Good
11212,Female,17,3.9,97.4,70.0,7,4.8,Yes,School,No,Low,4,Self Study,5,76.1,Good
11213,Female,21,5.7,85.1,89.1,12,6.4,Yes,Graduate,Yes,Low,2,Coaching,5,100.0,Excellent
11214,Male,21,0.5,51.2,71.4,11,7.4,Yes,Graduate,No,Medium,1,Self Study,5,62.3,Average
11215,Male,21,4.7,100.0,67.7,12,,Yes,Graduate,No,Low,4,Self Study,3,91.8,Excellent
11216,Female,16,3.3,83.8,89.4,2,6.4,Yes,School,No,Medium,9,Online,4,83.1,Excellent
11217,Male,20,2.3,85.4,46.5,15,7.0,No,School,No,Medium,4,Online,6,75.2,Good
11218,Female,15,4.3,92.9,59.8,8,7.4,No,Graduate,No,Low,8,Self Study,4,77.6,Good
11219,Female,15,5.8,86.7,55.6,3,7.0,Yes,School,Yes,Medium,2,Online,5,75.2,Good
11220,Male,21,5.5,89.5,37.3,15,7.9,Yes,School,No,Low,9,Online,4,89.7,Excellent
11221,Male,16,3.6,77.8,80.2,13,7.4,Yes,School,Yes,Low,1,Coaching,5,77.6,Good
11222,Male,21,5.2,69.7,60.2,3,7.6,Yes,Graduate,No,Low,4,Coaching,5,79.5,Good
11223,Female,18,5.2,84.8,80.7,8,8.9,Yes,Graduate,No,Low,2,Online,3,80.2,Excellent
11224,Female,17,3.7,96.3,73.4,14,7.9,No,Postgraduate,No,Medium,7,Coaching,4,90.4,Excellent
11225,Male,15,2.7,75.5,76.5,11,8.9,No,Graduate,No,Low,2,Self Study,6,74.5,Good
11226,Female,19,2.8,74.7,61.6,4,6.3,Yes,School,Yes,Medium,1,Self Study,8,72.3,Good
11227,Male,20,5.1,94.2,57.3,11,5.2,No,School,Yes,Medium,4,Self Study,6,78.2,Good
11228,Male,18,3.7,77.4,69.3,4,6.8,Yes,Postgraduate,No,Medium,1,Self Study,1,81.3,Excellent
11229,Female,20,2.1,77.9,80.9,6,6.8,Yes,School,No,Medium,4,Self Study,4,82.4,Excellent
11230,Male,17,1.1,78.3,67.3,4,8.6,Yes,School,Yes,High,3,Self Study,5,62.7,Average
11231,Male,18,5.1,81.4,58.2,11,5.8,Yes,School,No,Medium,10,Self Study,3,70.8,Good
11232,Female,17,2.9,66.3,51.2,15,6.9,Yes,Graduate,No,Medium,6,Self Study,3,86.7,Excellent
11233,Male,19,4.3,76.6,70.9,2,7.4,Yes,Graduate,Yes,Medium,5,Online,4,84.4,Excellent
11234,Female,15,5.8,84.3,60.2,10,7.1,Yes,Graduate,Yes,Low,7,Self Study,5,83.7,Excellent
11235,Male,18,1.7,84.2,67.0,5,6.8,Yes,School,Yes,Medium,2,Coaching,6,67.9,Good
11236,Male,18,3.7,93.6,64.7,12,7.4,Yes,Postgraduate,No,Medium,2,Coaching,4,92.6,Excellent
11237,Male,18,3.5,100.0,61.8,3,8.2,Yes,School,No,High,2,Online,4,77.6,Good
11238,Male,18,4.4,97.1,72.1,7,8.7,Yes,Graduate,No,High,9,Self Study,3,98.3,Excellent
11239,Male,19,5.8,91.1,75.8,4,7.0,Yes,Postgraduate,Yes,Low,8,Self Study,5,100.0,Excellent
11240,Male,18,1.7,80.5,95.5,14,6.1,Yes,School,No,High,10,Coaching,6,85.9,Excellent
11241,Female,16,4.7,75.8,78.6,3,8.7,Yes,Graduate,Yes,Medium,9,Coaching,6,91.8,Excellent
11242,Male,16,5.5,82.2,90.3,10,5.8,Yes,,No,Medium,2,Coaching,5,86.1,Excellent
11243,Male,19,3.5,87.9,56.5,3,9.0,Yes,Graduate,Yes,High,2,Self Study,2,88.4,Excellent
11244,Male,21,3.6,90.2,45.6,10,8.5,Yes,Graduate,No,Medium,9,Self Study,4,83.5,Excellent
11245,Male,20,4.5,88.2,67.8,12,8.6,No,Graduate,No,Medium,6,Self Study,6,82.5,Excellent
11246,Male,19,4.4,80.8,80.0,12,7.8,Yes,Graduate,Yes,High,7,Coaching,1,95.6,Excellent
11247,Female,21,4.7,89.9,77.8,2,4.7,Yes,Graduate,Yes,Low,3,Self Study,5,76.0,Good
11248,Male,21,4.7,94.6,85.0,12,5.9,Yes,Graduate,Yes,Medium,6,Self Study,5,96.6,Excellent
11249,Female,18,2.2,90.8,32.5,6,,Yes,School,Yes,High,10,Coaching,8,71.8,Good
11250,Female,15,5.4,,85.5,11,6.3,Yes,Graduate,Yes,High,5,Self Study,3,93.2,Excellent
11251,Male,19,5.7,73.7,72.7,15,6.7,Yes,Graduate,No,Low,7,Self Study,4,87.9,Excellent
11252,Male,19,4.1,73.4,46.4,3,7.7,Yes,Graduate,No,Medium,8,Self Study,7,64.9,Average
11253,Male,16,1.4,75.2,78.1,7,6.8,Yes,Graduate,Yes,Low,10,Online,4,76.6,Good
11254,Female,20,3.6,84.6,70.4,14,5.7,Yes,Graduate,No,High,3,Coaching,7,79.8,Good
11255,Male,21,4.1,87.2,73.3,3,8.0,Yes,Postgraduate,No,Medium,10,Self Study,5,83.0,Excellent
11256,Female,17,2.0,67.9,82.0,5,7.6,Yes,Graduate,No,Medium,7,Self Study,5,79.8,Good
11257,Female,18,3.2,77.0,74.0,9,6.7,Yes,Graduate,No,High,9,Online,6,82.6,Excellent
11258,Female,16,1.5,84.4,47.4,15,7.8,Yes,School,No,Medium,3,Self Study,5,68.2,Good
11259,Female,16,4.8,73.0,66.0,6,7.1,Yes,Graduate,No,Medium,2,Self Study,8,72.6,Good
11260,Female,16,4.1,86.3,45.4,7,8.5,Yes,Graduate,No,Medium,1,Online,1,70.7,Good
11261,Male,17,1.2,78.9,77.1,13,7.2,Yes,Postgraduate,No,Medium,4,Self Study,5,82.9,Excellent
11262,Male,16,4.4,74.8,87.6,3,8.5,Yes,Postgraduate,Yes,Medium,6,Online,4,93.0,Excellent
11263,Male,16,3.7,82.5,50.6,6,4.9,Yes,School,Yes,High,3,Coaching,5,71.3,Good
11264,Female,18,4.6,85.9,58.6,6,7.5,Yes,Postgraduate,No,Low,3,Coaching,6,76.0,Good
11265,Female,19,3.2,73.5,55.6,7,6.6,Yes,Graduate,Yes,Medium,9,Coaching,4,77.6,Good
11266,Female,17,2.5,79.6,61.6,10,6.1,Yes,Graduate,Yes,Medium,8,Self Study,6,76.1,Good
11267,Male,18,2.6,86.7,73.8,5,8.3,Yes,Graduate,Yes,Low,7,Online,5,81.5,Excellent
11268,Female,16,2.9,74.4,61.8,7,8.0,Yes,Graduate,No,Medium,7,Self Study,6,67.7,Good
11269,Male,19,3.8,65.4,77.1,14,4.8,Yes,Postgraduate,No,Medium,9,Self Study,5,96.0,Excellent
11270,Male,19,4.0,,82.9,13,7.8,Yes,School,No,Low,3,Self Study,5,77.9,Good
11271,Female,21,3.5,77.8,83.4,15,7.7,Yes,,Yes,Medium,10,Self Study,4,98.2,Excellent
11272,Male,15,3.1,68.8,52.3,11,6.2,Yes,School,No,Medium,9,Self Study,3,82.3,Excellent
11273,Male,20,3.2,78.5,87.4,10,6.1,Yes,School,Yes,Medium,4,Self Study,8,76.2,Good
11274,Female,17,7.8,98.6,88.5,4,5.3,No,Graduate,Yes,Low,4,Self Study,3,99.6,Excellent
11275,Male,15,2.6,68.2,89.7,4,6.6,Yes,Graduate,No,Low,2,Online,4,64.0,Average
11276,Male,19,2.9,79.2,65.8,9,6.8,Yes,Postgraduate,Yes,Low,8,Coaching,3,74.3,Good
11277,Male,16,9.0,100.0,57.5,7,7.9,Yes,Graduate,No,Medium,4,Self Study,4,96.6,Excellent
11278,Male,16,,86.1,54.2,13,7.3,Yes,Graduate,No,Medium,3,Self Study,4,82.8,Excellent
11279,Female,21,1.6,78.3,52.6,2,5.8,Yes,Postgraduate,No,Medium,7,Coaching,8,67.5,Good
11280,Female,16,5.1,80.4,68.2,14,7.3,Yes,Graduate,No,Low,2,Coaching,5,90.1,Excellent
11281,Male,18,2.3,86.3,79.9,4,6.7,No,Graduate,No,Medium,2,Self Study,5,64.5,Average
11282,Male,16,5.3,99.0,86.3,7,,Yes,Postgraduate,Yes,Medium,9,Online,3,100.0,Excellent
11283,Male,15,3.5,76.7,61.2,6,5.3,No,Graduate,No,Medium,1,Self Study,5,59.9,Average
11284,Female,15,3.1,74.4,67.5,14,7.7,Yes,Graduate,Yes,Medium,10,Self Study,6,90.4,Excellent
11285,Female,15,6.4,68.2,66.5,12,7.5,Yes,Graduate,No,Medium,7,Self Study,4,89.2,Excellent
11286,Female,18,4.7,83.0,59.1,2,7.6,No,Graduate,No,Medium,4,Online,4,91.1,Excellent
11287,Male,18,5.4,67.9,78.3,13,6.2,Yes,Graduate,Yes,Medium,6,Online,3,91.5,Excellent
11288,Male,15,4.5,77.4,73.1,11,7.2,Yes,Graduate,No,Medium,4,Coaching,8,81.2,Excellent
11289,Male,17,3.1,72.9,70.0,2,5.5,Yes,Graduate,No,Low,5,Self Study,5,69.4,Good
11290,Female,16,4.8,92.7,73.0,12,5.9,Yes,School,No,Low,8,Self Study,2,91.9,Excellent
11291,Male,18,5.7,76.9,76.6,2,7.0,Yes,School,Yes,High,10,Self Study,2,88.9,Excellent
11292,Female,21,4.0,86.0,76.5,7,7.3,Yes,Graduate,No,Medium,3,Self Study,4,96.3,Excellent
11293,Female,19,6.7,66.0,56.3,4,5.2,Yes,School,Yes,Medium,6,Online,8,68.1,Good
11294,Male,21,5.2,83.3,80.5,2,5.8,Yes,Graduate,Yes,Medium,9,Coaching,4,88.4,Excellent
11295,Male,16,4.1,70.0,71.6,9,6.6,Yes,School,No,Low,1,Self Study,4,73.2,Good
11296,Male,16,4.2,77.7,61.9,11,8.1,No,School,No,Medium,1,Online,6,74.5,Good
11297,Male,20,4.0,100.0,71.3,8,6.1,Yes,Postgraduate,No,Medium,7,Self Study,6,82.9,Excellent
11298,Male,17,1.8,91.3,72.8,6,7.2,Yes,Graduate,No,Low,2,Self Study,6,75.3,Good
11299,Female,20,3.7,80.7,83.1,9,7.3,No,Postgraduate,No,High,10,Self Study,5,94.3,Excellent
11300,Male,18,4.2,100.0,53.4,4,6.7,Yes,School,No,Low,2,Online,3,73.9,Good
11301,Male,16,3.1,72.8,86.5,2,7.3,Yes,School,Yes,Medium,8,Self Study,3,87.2,Excellent
11302,Female,20,4.3,93.7,68.3,4,5.5,Yes,School,No,Medium,4,Self Study,2,77.0,Good
11303,Female,18,3.8,66.7,60.9,2,6.3,No,School,No,High,10,Self Study,4,70.8,Good
11304,Male,20,5.0,79.6,60.5,12,8.6,Yes,School,Yes,High,9,Online,3,94.4,Excellent
11305,Female,18,4.9,68.5,54.0,10,8.7,Yes,Graduate,No,Medium,8,Self Study,3,90.2,Excellent
11306,Female,15,4.1,84.6,43.6,4,7.9,No,School,Yes,Medium,7,Coaching,5,70.4,Good
11307,Female,19,1.6,82.6,77.5,9,8.2,Yes,Postgraduate,No,High,3,Online,4,82.0,Excellent
11308,Female,15,6.7,78.9,95.7,8,5.0,Yes,Graduate,Yes,Medium,2,Coaching,4,86.2,Excellent
11309,Male,19,3.6,92.9,45.4,3,,Yes,School,No,Low,3,Self Study,4,60.3,Average
11310,Female,17,3.7,76.3,54.7,15,6.7,Yes,Postgraduate,No,Medium,1,Self Study,5,66.9,Good
11311,Male,20,3.3,85.3,78.5,15,9.7,Yes,Graduate,No,Medium,8,Self Study,5,87.2,Excellent
11312,Female,21,3.0,90.2,67.4,12,6.7,Yes,Graduate,No,Medium,3,Coaching,3,87.4,Excellent
11313,Female,17,6.3,67.2,79.7,13,7.8,Yes,Graduate,No,High,5,Coaching,5,100.0,Excellent
11314,Male,21,6.0,74.5,66.6,9,7.4,Yes,Graduate,No,High,7,Self Study,4,92.6,Excellent
11315,Male,15,4.5,82.5,59.9,13,7.4,No,Graduate,Yes,Low,8,Self Study,5,85.7,Excellent
11316,Female,15,3.6,88.3,64.8,9,7.0,Yes,Postgraduate,Yes,Medium,6,Self Study,5,79.6,Good
11317,Female,21,4.8,96.2,34.7,4,5.7,Yes,Graduate,Yes,Medium,8,Self Study,5,67.1,Good
11318,Male,19,3.9,79.8,52.0,4,4.0,Yes,Graduate,Yes,High,2,Self Study,5,78.4,Good
11319,Female,18,3.5,78.8,81.3,13,8.4,Yes,Postgraduate,No,High,3,Online,5,87.1,Excellent
11320,Female,16,4.3,73.3,84.7,8,6.3,No,Graduate,Yes,High,8,Self Study,7,75.2,Good
11321,Male,17,3.1,85.3,87.7,12,4.9,Yes,Postgraduate,No,Low,8,Self Study,4,92.3,Excellent
11322,Male,19,4.2,79.0,74.2,4,7.5,Yes,Postgraduate,Yes,Low,7,Self Study,4,82.3,Excellent
11323,Male,20,4.1,79.3,36.4,8,7.5,Yes,Graduate,Yes,Medium,10,Online,6,77.5,Good
11324,Female,21,4.8,81.1,59.1,3,7.8,Yes,Graduate,No,Low,10,Self Study,3,91.8,Excellent
11325,Male,17,2.8,87.5,86.5,5,8.2,Yes,Graduate,No,Low,1,Coaching,3,86.0,Excellent
11326,Female,18,4.9,,90.7,3,6.0,Yes,School,No,Medium,6,Self Study,5,86.2,Excellent
11327,Male,16,2.3,74.3,87.1,4,6.0,Yes,Graduate,No,Medium,10,Coaching,4,89.4,Excellent
11328,Female,15,2.9,86.3,64.7,10,6.6,Yes,School,No,Medium,4,Self Study,7,86.7,Excellent
11329,Male,18,3.0,51.7,49.7,2,7.9,Yes,Graduate,Yes,Medium,1,Online,4,72.8,Good
11330,Male,19,2.1,76.0,67.4,4,4.7,Yes,Graduate,No,Low,2,Coaching,4,64.7,Average
11331,Female,15,5.4,70.5,68.2,11,7.1,Yes,Postgraduate,Yes,Medium,8,Self Study,4,97.1,Excellent
11332,Male,17,2.2,94.0,89.9,4,8.0,Yes,School,No,Medium,10,Coaching,6,97.7,Excellent
11333,Female,19,2.7,77.6,71.2,9,8.0,Yes,Graduate,Yes,Medium,8,Self Study,5,86.7,Excellent
11334,Female,20,5.8,76.4,68.2,14,7.8,Yes,Graduate,No,Medium,1,Self Study,5,86.1,Excellent
11335,Female,21,2.9,81.5,69.0,12,8.2,Yes,Graduate,Yes,Medium,5,Self Study,4,82.0,Excellent
11336,Female,17,3.5,,73.6,3,4.0,Yes,School,No,Low,4,Coaching,7,66.9,Good
11337,Male,17,2.2,78.0,76.8,4,8.8,Yes,Graduate,Yes,High,10,Online,2,84.6,Excellent
11338,Female,21,,83.0,57.9,11,7.4,Yes,Graduate,No,Medium,6,Coaching,3,94.5,Excellent
11339,Female,19,5.2,77.8,53.2,6,8.5,Yes,Graduate,No,Medium,3,Self Study,4,,
11340,Male,16,5.0,77.7,87.2,7,5.7,Yes,Graduate,Yes,High,6,Self Study,3,92.8,Excellent
11341,Male,19,4.7,71.9,45.0,8,5.1,Yes,School,No,Medium,8,Online,4,70.9,Good
11342,Female,16,3.9,70.5,90.9,10,9.0,Yes,Graduate,Yes,Medium,6,Self Study,3,89.9,Excellent
11343,Male,18,3.0,82.6,41.3,8,6.0,Yes,Postgraduate,Yes,Medium,5,Self Study,5,71.4,Good
11344,Female,17,2.5,85.1,59.8,2,6.7,Yes,School,Yes,Medium,8,Online,6,70.0,Good
11345,Female,21,5.9,67.7,81.6,3,7.6,No,School,No,High,4,Online,3,79.4,Good
11346,Female,15,5.0,89.6,68.0,2,7.9,Yes,Postgraduate,Yes,High,2,Self Study,3,100.0,Excellent
11347,Male,20,2.7,89.6,49.6,5,8.2,Yes,School,No,Medium,9,Self Study,4,64.7,Average
11348,Male,16,3.9,91.7,74.0,13,7.2,Yes,Graduate,No,Medium,8,Coaching,6,84.3,Excellent
11349,Male,15,3.3,85.0,,15,5.8,Yes,,Yes,Medium,8,Self Study,7,89.1,Excellent
11350,Male,19,2.0,88.4,65.0,8,7.8,Yes,Graduate,Yes,Medium,9,Online,4,87.1,Excellent
11351,Female,19,4.1,100.0,59.3,2,7.8,Yes,Graduate,Yes,Low,8,Self Study,5,76.1,Good
11352,Female,15,3.1,79.0,67.5,2,5.0,Yes,Graduate,Yes,Medium,1,Self Study,5,62.8,Average
11353,Male,15,,71.5,59.9,13,8.6,Yes,Postgraduate,No,Medium,9,Self Study,7,80.6,Excellent
11354,Male,15,1.4,66.7,100.0,6,4.3,Yes,Graduate,Yes,Medium,1,Self Study,6,74.2,Good
11355,Female,17,,99.6,64.6,14,8.1,Yes,Graduate,No,Medium,7,Self Study,5,79.2,Good
11356,Male,15,3.2,99.7,62.8,9,6.3,Yes,Postgraduate,No,High,10,Self Study,8,89.1,Excellent
11357,Female,19,3.7,72.8,60.4,14,7.8,No,School,Yes,High,5,Online,3,87.3,Excellent
11358,Male,15,2.4,74.7,92.9,3,7.6,Yes,Postgraduate,No,High,4,Self Study,5,90.7,Excellent
11359,Female,20,4.8,78.8,45.1,14,7.0,Yes,Postgraduate,No,High,10,Self Study,7,83.1,Excellent
11360,Male,21,3.7,94.2,73.0,9,7.5,Yes,Postgraduate,No,Medium,5,Self Study,6,90.1,Excellent
11361,Female,20,4.7,69.1,64.6,8,6.9,Yes,School,Yes,Medium,10,Self Study,3,84.6,Excellent
11362,Male,21,3.5,62.3,48.1,9,7.8,Yes,Graduate,No,Medium,4,Coaching,3,76.5,Good
11363,Female,21,2.5,100.0,56.5,6,9.4,Yes,Postgraduate,No,High,2,Self Study,2,84.8,Excellent
11364,Male,15,4.0,85.1,72.4,10,5.5,Yes,Graduate,No,Medium,6,Self Study,7,85.1,Excellent
11365,Male,17,1.8,86.5,55.9,12,4.0,Yes,,No,Medium,4,Coaching,4,75.5,Good
11366,Female,20,4.7,79.9,71.6,13,6.5,Yes,School,No,Low,8,Self Study,6,73.8,Good
11367,Male,17,2.3,86.7,92.2,15,6.5,No,,No,Medium,3,Coaching,3,87.0,Excellent
11368,Male,20,5.3,66.9,70.4,7,6.6,Yes,Postgraduate,Yes,Medium,8,Coaching,9,82.0,Excellent
11369,Male,20,3.3,73.6,47.7,12,6.0,No,Postgraduate,No,Medium,4,Self Study,3,75.9,Good
11370,Male,21,5.5,83.1,56.1,14,8.0,Yes,School,Yes,High,4,Self Study,4,92.7,Excellent
11371,Male,17,2.0,59.3,64.0,2,5.5,Yes,School,No,Low,8,Self Study,7,60.6,Average
11372,Female,17,2.7,79.0,63.1,8,7.5,Yes,Graduate,Yes,Low,3,Online,4,,
11373,Male,15,4.4,78.4,70.1,11,7.7,Yes,School,No,High,3,Online,5,89.1,Excellent
11374,Female,16,5.7,79.0,72.4,8,7.3,Yes,Graduate,No,Low,6,Online,4,84.5,Excellent
11375,Female,16,6.5,76.5,92.2,3,7.5,Yes,Graduate,No,Medium,4,Coaching,5,100.0,Excellent
11376,Male,18,3.9,72.0,67.9,11,8.0,Yes,Graduate,Yes,High,4,Online,6,90.1,Excellent
11377,Female,17,6.7,63.8,51.9,7,7.1,Yes,Graduate,No,Medium,4,Self Study,3,80.5,Excellent
11378,Female,20,3.3,,84.2,10,6.6,No,,Yes,Low,7,Coaching,7,78.5,Good
11379,Female,20,5.6,79.0,85.7,2,7.5,Yes,Graduate,Yes,Medium,4,Self Study,5,83.7,Excellent
11380,Male,20,2.3,68.2,71.3,2,7.7,Yes,Postgraduate,No,High,7,Online,8,65.6,Good
11381,Male,15,4.5,82.6,64.6,10,8.0,Yes,School,No,Medium,3,Online,3,79.1,Good
11382,Male,18,0.5,79.1,76.7,15,5.1,Yes,School,No,Medium,9,Coaching,5,78.9,Good
11383,Female,20,2.0,77.4,65.0,10,6.8,Yes,Graduate,No,Medium,10,Coaching,5,77.8,Good
11384,Female,16,4.5,60.4,39.2,15,5.8,Yes,School,No,High,1,Online,3,61.9,Average
11385,Female,17,1.7,88.8,75.9,13,,Yes,Graduate,Yes,Low,2,Self Study,7,72.6,Good
11386,Male,20,4.5,69.7,80.5,5,7.8,Yes,Postgraduate,Yes,Medium,2,Self Study,4,84.5,Excellent
11387,Female,20,5.3,82.6,88.2,3,6.7,Yes,School,No,Low,2,Coaching,2,86.6,Excellent
11388,Male,20,3.0,73.9,57.8,9,6.2,No,Graduate,No,High,8,Coaching,4,74.2,Good
11389,Female,18,2.2,78.1,71.2,10,7.7,No,School,No,Medium,3,Self Study,3,62.8,Average
11390,Male,17,3.0,93.5,71.5,12,6.9,Yes,Graduate,Yes,Low,6,Self Study,6,88.9,Excellent
11391,Female,17,2.3,87.3,,9,,Yes,Graduate,Yes,Low,3,Self Study,5,76.6,Good
11392,Female,19,3.6,93.3,69.6,14,9.0,Yes,Postgraduate,Yes,High,1,Online,4,94.3,Excellent
11393,Male,17,4.0,85.3,68.5,13,8.1,No,School,No,Low,1,Coaching,4,82.0,Excellent
11394,Male,17,3.3,86.0,71.0,10,7.3,Yes,Postgraduate,Yes,Medium,10,Coaching,4,96.3,Excellent
11395,Female,16,6.5,64.2,78.4,9,9.0,Yes,Postgraduate,No,Medium,6,Self Study,7,91.9,Excellent
11396,Male,18,2.6,78.8,85.1,2,7.3,No,Graduate,No,Medium,7,Self Study,4,81.0,Excellent
11397,Female,16,6.0,79.8,57.4,12,6.5,Yes,Graduate,Yes,Medium,2,Self Study,6,85.0,Excellent
11398,Female,18,2.1,94.2,65.6,11,6.3,Yes,School,Yes,High,5,Self Study,5,84.4,Excellent
11399,Female,21,3.9,76.9,62.1,14,6.2,Yes,Graduate,No,Low,7,Self Study,8,83.2,Excellent
11400,Male,20,5.7,84.6,60.1,3,7.0,Yes,Graduate,Yes,Medium,8,Self Study,2,84.0,Excellent
11401,Male,18,5.6,84.3,45.4,4,7.5,Yes,School,No,Low,7,Self Study,5,74.5,Good
11402,Male,21,3.1,93.6,68.3,11,5.4,Yes,Graduate,No,Medium,6,Self Study,4,74.9,Good
11403,Female,21,4.7,80.7,74.7,8,6.5,Yes,Graduate,Yes,Medium,7,Coaching,8,81.6,Excellent
11404,Male,18,4.5,90.3,65.8,10,7.2,No,Graduate,Yes,Medium,4,Coaching,6,82.5,Excellent
11405,Male,20,2.9,65.0,67.9,8,7.7,Yes,Postgraduate,No,High,7,Self Study,2,89.2,Excellent
11406,Male,17,4.8,65.9,73.9,10,7.0,Yes,Graduate,No,High,3,Online,3,87.1,Excellent
11407,Female,21,6.8,59.2,87.8,11,7.3,No,Graduate,No,Medium,8,Self Study,5,99.5,Excellent
11408,Male,17,4.6,89.9,62.1,4,5.6,Yes,Graduate,Yes,Medium,5,Online,6,75.6,Good
11409,Female,16,4.7,88.7,51.6,12,6.0,Yes,Graduate,No,Medium,6,Self Study,6,76.0,Good
11410,Female,15,4.9,91.0,66.7,8,6.9,No,Graduate,No,High,5,Self Study,5,80.9,Excellent
11411,Female,20,1.5,75.2,94.4,10,7.6,Yes,School,Yes,Low,6,Self Study,5,85.6,Excellent
11412,Female,17,4.5,76.4,51.7,10,7.3,No,Graduate,No,Medium,8,Online,6,75.4,Good
11413,Female,20,2.2,80.8,77.1,12,6.1,No,Graduate,Yes,Medium,3,Online,4,67.1,Good
11414,Female,15,2.9,96.4,84.2,6,6.7,Yes,Graduate,Yes,Medium,5,Self Study,5,89.2,Excellent
11415,Male,18,7.3,98.9,34.9,2,8.7,Yes,School,Yes,Medium,5,Online,2,79.1,Good
11416,Female,17,3.4,89.9,73.7,4,7.6,Yes,School,Yes,Medium,1,Self Study,3,79.9,Good
11417,Female,18,2.6,85.3,76.4,15,6.8,Yes,Graduate,No,Low,9,Coaching,4,85.0,Excellent
11418,Female,16,5.6,95.4,64.3,5,5.9,Yes,School,Yes,Medium,7,Self Study,3,87.8,Excellent
11419,Female,15,2.3,79.4,58.9,5,6.2,Yes,Graduate,Yes,Low,1,Coaching,6,47.8,Poor
11420,Female,17,3.1,78.1,59.7,14,7.0,Yes,Graduate,Yes,Medium,1,Self Study,2,80.3,Excellent
11421,Female,18,5.8,80.7,63.4,5,7.3,Yes,School,No,Medium,10,Coaching,5,82.4,Excellent
11422,Male,20,3.9,72.2,63.8,8,7.6,Yes,Postgraduate,No,Medium,9,Self Study,3,79.4,Good
11423,Male,18,1.3,80.2,61.1,7,7.4,Yes,Graduate,Yes,Medium,8,Coaching,5,79.4,Good
11424,Male,16,4.7,70.8,,11,6.6,Yes,School,No,High,8,Self Study,4,84.4,Excellent
11425,Male,16,3.2,92.3,84.7,10,6.4,Yes,Postgraduate,No,Medium,9,Self Study,4,93.6,Excellent
11426,Male,19,6.3,87.4,51.0,9,9.3,Yes,Graduate,No,Low,6,Self Study,6,79.2,Good
11427,Male,18,2.8,96.3,43.5,9,6.4,Yes,Graduate,No,Low,1,Self Study,4,71.7,Good
11428,Male,21,5.5,65.7,84.9,13,5.6,Yes,School,No,Medium,5,Self Study,6,84.1,Excellent
11429,Female,18,6.6,100.0,65.3,10,5.2,Yes,Postgraduate,No,Medium,4,Self Study,6,97.8,Excellent
11430,Male,18,2.4,66.3,62.6,9,6.6,Yes,School,No,High,2,Self Study,5,,
11431,Female,15,3.5,70.0,66.4,14,8.0,Yes,Graduate,No,Medium,9,Self Study,2,98.7,Excellent
11432,Female,16,4.4,75.8,70.9,3,6.4,Yes,Postgraduate,No,Medium,7,Self Study,3,89.5,Excellent
11433,Male,20,2.4,95.1,60.7,13,8.6,No,Postgraduate,No,High,10,Self Study,7,82.0,Excellent
11434,Male,17,4.2,84.3,75.1,4,7.0,Yes,Graduate,No,Medium,2,Self Study,5,78.9,Good
11435,Male,17,3.4,79.6,54.5,6,8.2,Yes,School,No,Medium,10,Self Study,5,75.1,Good
11436,Female,19,3.4,74.1,63.8,2,6.2,Yes,Graduate,No,Medium,7,Coaching,4,80.5,Excellent
11437,Male,15,3.9,68.2,37.0,9,6.2,Yes,Postgraduate,No,Low,6,Online,8,61.8,Average
11438,Male,18,3.9,93.3,84.4,13,7.1,No,,No,Medium,2,Self Study,3,90.6,Excellent
11439,Female,17,4.1,90.0,65.5,7,7.5,Yes,Postgraduate,Yes,Low,7,Self Study,5,93.2,Excellent
11440,Female,16,2.8,95.5,77.4,11,6.8,No,School,No,Medium,6,Coaching,6,81.7,Excellent
11441,Male,17,2.9,86.0,74.7,7,7.3,Yes,Postgraduate,Yes,High,8,Self Study,3,87.8,Excellent
11442,Male,18,3.6,55.6,75.7,12,7.6,Yes,School,Yes,Medium,2,Self Study,3,77.4,Good
11443,Male,16,3.7,69.6,67.9,15,5.4,Yes,Graduate,Yes,Low,7,Self Study,4,88.8,Excellent
11444,Male,18,3.1,86.6,73.4,12,6.6,Yes,Postgraduate,Yes,Low,1,Online,6,80.3,Excellent
11445,Male,20,4.3,78.3,54.5,6,6.4,Yes,Graduate,No,High,1,Self Study,4,75.7,Good
11446,Female,16,0.9,76.4,51.6,13,6.5,Yes,Graduate,Yes,Low,5,Self Study,3,70.7,Good
11447,Female,21,2.6,71.0,66.6,2,7.4,Yes,Graduate,Yes,Medium,2,Self Study,2,60.4,Average
11448,Female,19,3.4,91.5,58.5,15,6.4,Yes,Postgraduate,Yes,Medium,8,Self Study,4,83.1,Excellent
11449,Female,20,2.4,86.6,88.0,13,4.8,Yes,School,Yes,Medium,5,Self Study,3,86.4,Excellent
11450,Male,15,6.4,87.0,73.3,11,6.7,Yes,School,No,Medium,3,Online,5,91.7,Excellent
11451,Female,20,3.8,75.7,58.0,10,5.8,Yes,Graduate,No,Low,3,Self Study,6,63.9,Average
11452,Female,17,4.1,83.8,64.2,5,7.5,Yes,Postgraduate,Yes,Medium,5,Coaching,4,78.8,Good
11453,Female,19,3.0,68.6,69.9,8,7.9,Yes,Postgraduate,No,Low,6,Online,4,78.1,Good
11454,Female,20,3.8,80.7,67.0,3,4.6,Yes,Graduate,No,Medium,8,Self Study,6,81.5,Excellent
11455,Male,16,1.9,56.7,71.8,6,6.1,Yes,Graduate,No,Medium,6,Self Study,6,55.2,Average
11456,Male,16,3.5,66.3,69.0,10,7.4,Yes,Graduate,Yes,High,6,Self Study,3,70.8,Good
11457,Male,15,2.3,78.8,48.5,7,5.5,Yes,Graduate,No,Medium,7,Coaching,4,80.3,Excellent
11458,Male,19,,100.0,37.9,12,7.9,No,School,Yes,High,6,Self Study,6,65.8,Good
11459,Female,20,0.5,64.0,62.8,13,8.2,No,School,Yes,Medium,4,Self Study,6,61.9,Average
11460,Male,17,2.0,69.6,75.8,9,6.8,Yes,School,No,High,3,Self Study,6,63.6,Average
11461,Female,16,6.1,84.2,62.9,6,6.1,Yes,School,Yes,Medium,6,Self Study,3,84.6,Excellent
11462,Female,17,5.1,99.7,85.3,6,4.5,Yes,School,Yes,Medium,2,Self Study,4,86.8,Excellent
11463,Male,17,5.9,84.0,67.3,9,7.9,Yes,Postgraduate,Yes,Medium,3,Self Study,5,97.6,Excellent
11464,Male,21,6.0,89.0,87.0,12,9.2,Yes,School,No,Medium,2,Coaching,3,100.0,Excellent
11465,Female,15,4.9,78.6,84.1,3,9.0,Yes,Postgraduate,Yes,High,5,Online,1,92.5,Excellent
11466,Female,17,3.1,76.9,82.7,8,6.8,Yes,Postgraduate,Yes,High,10,Online,4,83.8,Excellent
11467,Male,19,2.1,82.8,51.2,8,5.8,Yes,Graduate,Yes,Low,9,Self Study,5,73.0,Good
11468,Male,16,5.6,75.4,68.2,6,7.9,Yes,Graduate,Yes,High,1,Self Study,7,76.3,Good
11469,Female,21,3.9,89.2,85.1,5,6.9,Yes,Graduate,No,Low,9,Self Study,3,87.6,Excellent
11470,Male,21,7.8,65.9,71.8,13,7.5,Yes,School,Yes,Medium,2,Self Study,3,100.0,Excellent
11471,Female,17,3.2,90.9,75.8,8,7.3,Yes,Graduate,No,High,10,Online,8,76.9,Good
11472,Male,20,7.0,82.4,48.6,10,7.1,Yes,Graduate,Yes,Low,3,Coaching,2,86.0,Excellent
11473,Male,20,3.5,79.9,94.9,2,8.1,Yes,Graduate,No,Low,2,Self Study,6,82.6,Excellent
11474,Male,19,5.9,65.6,56.9,5,8.2,Yes,Postgraduate,No,Medium,8,Coaching,3,81.3,Excellent
11475,Male,16,6.5,72.2,40.1,5,6.4,No,Graduate,Yes,Medium,9,Self Study,5,83.0,Excellent
11476,Male,15,2.2,94.0,63.1,6,,Yes,Graduate,Yes,Medium,4,Coaching,9,62.9,Average
11477,Male,17,3.0,79.9,33.7,13,4.3,No,School,No,Medium,6,Self Study,7,58.5,Average
11478,Female,15,2.1,84.8,52.8,10,6.6,Yes,Postgraduate,No,Medium,8,Online,5,72.6,Good
11479,Male,17,1.8,73.2,100.0,14,5.8,Yes,Postgraduate,Yes,Low,9,Online,4,79.4,Good
11480,Male,19,4.9,81.7,62.7,7,7.5,No,Graduate,Yes,High,5,Self Study,4,81.9,Excellent
11481,Male,19,3.5,68.3,48.0,12,6.6,Yes,Graduate,No,Medium,8,Coaching,4,82.2,Excellent
11482,Male,16,3.9,83.0,68.4,4,6.7,Yes,Graduate,Yes,Medium,8,Self Study,2,80.7,Excellent
11483,Female,15,4.7,,55.4,13,7.9,No,School,Yes,Medium,8,Coaching,1,89.4,Excellent
11484,Male,16,0.8,85.2,80.1,10,7.4,Yes,Postgraduate,Yes,High,9,Self Study,4,85.6,Excellent
11485,Female,18,5.9,73.0,55.5,2,6.9,Yes,Graduate,No,Low,9,Online,4,82.8,Excellent
11486,Male,20,3.2,78.6,71.8,11,8.9,No,Graduate,Yes,Low,5,Online,6,78.2,Good
11487,Female,17,4.7,87.4,51.9,8,7.8,Yes,Graduate,Yes,Medium,4,Self Study,3,82.2,Excellent
11488,Male,17,4.8,79.9,100.0,2,6.5,Yes,Graduate,Yes,Medium,10,Self Study,5,95.8,Excellent
11489,Female,18,6.0,79.1,75.1,13,6.6,Yes,School,No,Low,5,Coaching,1,94.0,Excellent
11490,Male,15,3.6,100.0,66.0,9,7.9,Yes,Graduate,No,Medium,10,Self Study,3,100.0,Excellent
11491,Male,16,0.5,72.5,63.9,10,,Yes,School,No,Medium,10,Self Study,1,72.5,Good
11492,Female,15,3.9,92.8,60.2,10,5.8,Yes,School,No,Medium,1,Self Study,9,71.0,Good
11493,Female,18,4.1,70.5,57.3,3,8.0,Yes,School,No,Low,2,Self Study,5,72.0,Good
11494,Female,18,2.1,88.5,57.0,6,8.4,Yes,Graduate,No,Medium,6,Self Study,5,,
11495,Male,19,4.0,89.1,,11,8.3,Yes,Postgraduate,No,Medium,1,Self Study,5,92.9,Excellent
11496,Female,19,3.2,76.9,60.3,6,8.7,Yes,School,No,Medium,7,Self Study,9,71.0,Good
11497,Female,17,1.7,69.8,38.2,14,9.3,Yes,Graduate,Yes,Low,1,Self Study,4,61.6,Average
11498,Female,21,4.9,62.3,51.7,6,8.9,Yes,Graduate,No,High,9,Coaching,2,76.4,Good
11499,Male,21,2.9,75.8,81.0,8,7.4,Yes,Postgraduate,Yes,Medium,5,Self Study,8,77.4,Good
11500,Female,15,3.1,87.3,64.5,8,6.8,No,Graduate,Yes,Low,7,Self Study,3,89.4,Excellent
11501,Female,21,3.1,71.2,66.1,2,5.0,Yes,Postgraduate,Yes,Medium,5,Online,7,71.1,Good
11502,Female,16,5.8,83.0,84.4,13,7.0,No,Graduate,No,Low,7,Online,4,98.0,Excellent
11503,Male,16,3.7,67.2,57.1,3,7.6,Yes,Graduate,No,Medium,7,Self Study,5,75.6,Good
11504,Male,18,3.9,79.7,76.9,8,7.0,Yes,Graduate,No,Medium,3,Coaching,2,87.7,Excellent
11505,Female,15,3.1,70.5,58.6,14,4.9,No,Graduate,No,Low,9,Self Study,10,66.1,Good
11506,Male,17,4.5,81.2,76.1,15,6.7,Yes,Graduate,Yes,High,9,Coaching,4,98.2,Excellent
11507,Female,16,6.0,77.0,62.5,5,7.7,No,Graduate,No,Medium,4,Self Study,3,85.7,Excellent
11508,Male,18,4.8,70.1,64.6,7,5.9,Yes,Graduate,Yes,Low,1,Self Study,6,67.4,Good
11509,Male,20,4.9,75.4,79.5,9,7.2,Yes,Graduate,No,Low,5,Online,3,88.1,Excellent
11510,Female,21,4.8,72.7,78.5,11,7.5,Yes,Graduate,Yes,Low,7,Coaching,5,95.6,Excellent
11511,Male,16,1.6,68.9,65.7,5,8.2,Yes,Graduate,Yes,High,8,Self Study,3,77.1,Good
11512,Male,18,2.4,92.8,61.4,9,8.9,Yes,School,No,Medium,3,Online,5,79.0,Good
11513,Female,18,3.5,78.4,90.4,13,6.6,Yes,Graduate,Yes,Medium,5,Self Study,4,96.3,Excellent
11514,Female,17,2.6,60.0,76.3,12,7.2,Yes,Graduate,Yes,Low,8,Self Study,4,81.2,Excellent
11515,Female,19,2.1,75.8,62.5,13,7.2,Yes,School,No,Medium,6,Self Study,3,76.1,Good
11516,Male,21,0.8,91.1,58.9,14,7.7,Yes,Postgraduate,No,Medium,8,Coaching,7,70.9,Good
11517,Male,17,1.6,74.4,82.3,14,7.6,Yes,School,Yes,Medium,7,Coaching,4,81.0,Excellent
11518,Female,15,3.4,97.0,69.6,9,8.6,Yes,School,No,Low,2,Self Study,4,83.6,Excellent
11519,Male,21,3.7,73.4,65.7,15,4.4,No,Graduate,No,Low,3,Self Study,6,75.3,Good
11520,Male,21,2.5,87.0,69.6,8,7.5,Yes,School,Yes,High,8,Self Study,7,73.5,Good
11521,Male,17,3.9,92.4,72.7,11,7.5,Yes,Graduate,No,Medium,8,Self Study,3,96.0,Excellent
11522,Female,18,3.1,86.5,67.2,15,6.7,Yes,School,No,Low,9,Self Study,5,84.8,Excellent
11523,Female,21,5.5,68.3,84.9,2,4.5,Yes,School,No,Medium,3,Self Study,3,85.7,Excellent
11524,Female,18,3.5,72.6,85.6,15,6.9,Yes,Graduate,Yes,Medium,1,Coaching,4,100.0,Excellent
11525,Female,18,4.9,93.7,75.4,13,6.2,Yes,Graduate,No,Medium,3,Coaching,6,93.1,Excellent
11526,Male,21,4.1,74.0,87.2,15,8.8,Yes,Graduate,No,High,5,Self Study,1,99.0,Excellent
11527,Male,20,1.6,91.8,68.1,12,7.4,Yes,School,No,Low,2,Self Study,4,78.0,Good
11528,Male,18,3.7,77.7,77.7,4,6.1,No,Graduate,No,High,2,Coaching,4,74.0,Good
11529,Male,16,1.8,83.4,82.1,6,4.7,Yes,Graduate,No,Low,2,Self Study,6,81.1,Excellent
11530,Male,18,3.6,68.1,82.3,2,7.6,Yes,School,Yes,Medium,2,Coaching,7,65.8,Good
11531,Male,19,2.6,75.9,80.8,10,7.8,Yes,Graduate,No,Medium,4,Self Study,2,89.1,Excellent
11532,Male,16,4.4,73.2,76.8,8,6.8,Yes,Graduate,No,Medium,9,Self Study,7,83.8,Excellent
11533,Female,18,1.7,84.3,95.4,8,7.7,No,Postgraduate,No,Low,4,Self Study,6,78.7,Good
11534,Female,19,3.8,82.9,60.4,12,6.6,Yes,Postgraduate,No,Low,3,Online,4,77.6,Good
11535,Male,15,4.7,86.6,65.8,13,8.2,Yes,Graduate,Yes,Medium,6,Self Study,2,100.0,Excellent
11536,Male,18,5.3,77.1,65.0,3,8.1,Yes,School,No,Medium,7,Self Study,3,86.5,Excellent
11537,Female,20,2.6,72.7,62.8,14,5.2,Yes,Graduate,No,Medium,4,Self Study,7,69.7,Good
11538,Female,16,3.8,83.8,40.2,7,5.5,Yes,Graduate,Yes,Low,1,Coaching,5,73.8,Good
11539,Female,18,4.1,71.7,87.2,12,9.2,Yes,Postgraduate,Yes,High,3,Coaching,4,97.1,Excellent
11540,Male,19,6.3,92.8,53.6,10,8.0,Yes,Graduate,No,Medium,1,Self Study,2,92.4,Excellent
11541,Female,15,1.4,80.9,70.4,8,5.6,Yes,School,No,High,2,Self Study,7,58.2,Average
11542,Male,19,2.3,78.7,48.1,4,5.3,Yes,Postgraduate,No,Low,7,Self Study,5,56.8,Average
11543,Male,16,8.3,86.6,76.7,4,7.2,Yes,Postgraduate,Yes,Low,2,Self Study,3,99.8,Excellent
11544,Male,17,3.4,81.2,57.0,12,5.7,No,School,No,Medium,4,Self Study,5,73.3,Good
11545,Male,19,0.8,65.4,52.1,6,6.7,Yes,Graduate,Yes,Medium,4,Self Study,4,72.9,Good
11546,Male,15,2.9,71.4,70.7,5,6.9,Yes,Graduate,No,Medium,9,Coaching,4,77.6,Good
11547,Male,15,0.5,92.6,58.2,2,6.9,Yes,Graduate,No,Low,2,Coaching,3,68.4,Good
11548,Female,18,4.2,82.8,60.0,13,8.2,Yes,Postgraduate,No,High,1,Online,3,86.3,Excellent
11549,Male,21,5.1,65.2,70.4,7,9.0,Yes,School,No,Medium,6,Self Study,1,93.4,Excellent
11550,Male,15,2.3,85.5,79.2,6,6.5,Yes,School,Yes,Medium,7,Coaching,6,83.9,Excellent
11551,Male,20,3.0,76.4,56.5,7,5.8,Yes,School,No,Medium,6,Online,4,71.5,Good
11552,Male,15,5.3,73.3,54.1,10,7.4,Yes,Postgraduate,No,Low,8,Self Study,4,79.6,Good
11553,Male,18,1.0,70.6,68.3,8,8.8,Yes,School,No,Low,9,Self Study,5,69.7,Good
11554,Male,18,1.7,92.0,75.5,9,6.6,Yes,Graduate,No,High,7,Coaching,4,80.8,Excellent
11555,Male,18,3.4,62.3,88.5,5,7.9,Yes,Postgraduate,No,Medium,6,Coaching,3,91.2,Excellent
11556,Female,15,2.6,73.6,53.0,6,6.1,Yes,Postgraduate,No,Low,7,Online,6,51.8,Average
11557,Female,20,3.3,83.2,63.5,14,7.0,Yes,School,Yes,Medium,3,Coaching,8,72.2,Good
11558,Male,16,1.8,97.8,84.5,8,5.7,Yes,School,Yes,Low,3,Online,7,79.7,Good
11559,Female,20,4.1,87.5,95.6,15,7.0,Yes,Postgraduate,No,High,4,Self Study,7,100.0,Excellent
11560,Female,19,3.6,73.5,54.1,13,6.9,Yes,Graduate,Yes,High,8,Coaching,3,,
11561,Female,18,4.7,97.3,57.7,11,7.7,No,School,No,Medium,9,Self Study,4,90.8,Excellent
11562,Female,17,4.1,68.4,73.3,9,9.0,Yes,School,No,High,6,Self Study,4,79.7,Good
11563,Female,19,4.1,84.7,59.9,13,6.6,Yes,Postgraduate,No,Medium,7,Self Study,7,79.9,Good
11564,Female,21,1.5,86.9,57.4,2,4.8,Yes,Postgraduate,Yes,High,8,Coaching,7,73.3,Good
11565,Female,21,4.6,73.2,71.4,8,6.8,No,Graduate,No,Medium,3,Self Study,4,74.5,Good
11566,Male,21,3.3,89.0,89.7,11,7.3,Yes,Graduate,Yes,High,2,Self Study,1,100.0,Excellent
11567,Male,16,3.5,76.9,49.7,3,7.2,Yes,Graduate,No,High,8,Coaching,3,79.5,Good
11568,Male,19,5.5,89.0,89.0,4,6.8,Yes,School,No,Medium,2,Self Study,5,89.1,Excellent
11569,Male,17,2.6,63.6,60.0,2,8.6,Yes,Postgraduate,No,Low,2,Self Study,4,71.0,Good
11570,Male,21,6.0,85.3,72.8,8,7.1,Yes,School,Yes,Low,4,Self Study,4,91.8,Excellent
11571,Male,21,6.1,77.9,90.3,9,6.9,Yes,School,Yes,Medium,8,Online,5,100.0,Excellent
11572,Female,21,5.0,93.5,72.6,8,6.1,No,Graduate,Yes,Low,4,Coaching,6,80.0,Good
11573,Female,16,2.2,81.6,63.8,2,5.1,Yes,School,No,Medium,2,Self Study,4,57.5,Average
11574,Female,17,0.5,94.5,78.1,8,7.4,Yes,Graduate,No,Medium,2,Online,6,72.1,Good
11575,Male,19,5.5,87.1,65.6,14,7.3,No,Graduate,No,Low,3,Online,7,85.1,Excellent
11576,Male,20,4.0,80.7,75.3,2,5.8,No,Graduate,Yes,High,1,Self Study,7,64.2,Average
11577,Female,17,2.6,89.9,65.1,12,7.0,Yes,Graduate,Yes,Low,4,Self Study,4,82.9,Excellent
11578,Female,15,5.7,89.9,80.1,5,6.8,Yes,School,No,Low,1,Self Study,5,83.8,Excellent
11579,Female,15,2.4,86.7,48.5,3,6.3,No,Graduate,No,Low,9,Coaching,6,64.8,Average
11580,Female,19,3.1,59.1,53.8,2,6.1,Yes,Graduate,No,High,1,Online,5,61.4,Average
11581,Female,18,4.6,72.2,48.3,2,7.4,Yes,Graduate,Yes,Medium,2,Self Study,4,68.8,Good
11582,Male,18,2.0,95.8,67.2,7,6.8,Yes,School,Yes,Low,1,Self Study,2,76.9,Good
11583,Male,20,3.6,69.4,46.6,8,6.3,Yes,Postgraduate,No,Low,3,Self Study,3,72.8,Good
11584,Male,15,5.5,90.8,58.3,10,6.1,Yes,,No,Medium,9,Self Study,3,100.0,Excellent
11585,Female,20,4.1,89.1,52.5,3,6.9,Yes,School,No,High,6,Online,2,80.9,Excellent
11586,Female,16,5.8,74.7,88.7,11,8.0,No,School,No,Medium,10,Coaching,4,97.5,Excellent
11587,Male,21,5.6,62.0,54.1,12,7.2,Yes,Graduate,No,Medium,7,Online,6,70.0,Good
11588,Female,21,3.8,76.3,50.0,2,6.7,No,School,No,Medium,5,Self Study,4,57.7,Average
11589,Male,18,0.5,100.0,71.5,11,7.3,No,School,No,Low,10,Coaching,2,80.6,Excellent
11590,Male,17,2.0,73.4,91.6,3,8.5,Yes,Graduate,Yes,Medium,2,Online,5,82.5,Excellent
11591,Male,16,5.0,74.1,66.4,8,7.5,Yes,Graduate,Yes,Medium,2,Coaching,5,79.7,Good
11592,Male,16,1.3,72.0,67.5,11,7.3,No,School,No,Medium,4,Online,6,69.9,Good
11593,Female,21,3.3,94.1,86.1,14,7.7,Yes,Graduate,No,Low,10,Self Study,3,95.9,Excellent
11594,Male,16,4.3,79.6,80.3,9,6.8,Yes,Graduate,No,Low,9,Self Study,3,94.2,Excellent
11595,Female,18,6.2,75.7,74.0,8,7.2,No,School,Yes,Medium,6,Self Study,6,89.9,Excellent
11596,Female,18,2.9,96.1,59.8,13,6.5,Yes,School,No,Medium,10,Online,6,80.7,Excellent
11597,Male,19,2.8,87.8,74.4,5,5.3,No,Graduate,Yes,Medium,7,Self Study,4,82.0,Excellent
11598,Male,20,3.7,72.8,48.9,4,7.4,Yes,Postgraduate,Yes,Medium,3,Coaching,2,73.1,Good
11599,Female,18,4.4,69.8,59.3,8,7.4,Yes,Graduate,No,High,1,Self Study,5,67.7,Good
11600,Male,20,3.6,93.6,88.0,3,6.7,Yes,Graduate,No,High,1,Coaching,3,92.1,Excellent
11601,Female,18,5.5,82.2,86.2,2,8.1,Yes,Postgraduate,Yes,Medium,9,Coaching,5,99.6,Excellent
11602,Male,18,2.5,66.5,74.1,7,6.2,Yes,Graduate,No,High,4,Self Study,5,77.7,Good
11603,Female,16,4.0,64.2,41.0,4,5.1,No,Graduate,No,Medium,5,Self Study,9,58.3,Average
11604,Female,16,4.5,70.8,51.1,10,6.2,Yes,Postgraduate,Yes,Medium,4,Coaching,5,75.9,Good
11605,Male,18,3.2,69.6,58.5,9,5.3,Yes,Graduate,Yes,Medium,1,Online,9,60.8,Average
11606,Male,15,5.1,61.5,65.6,8,7.4,Yes,Graduate,No,Low,1,Self Study,4,73.3,Good
11607,Female,17,4.0,71.0,,8,6.2,Yes,Graduate,No,Medium,8,Self Study,4,,
11608,Male,18,5.1,72.8,64.6,3,,Yes,Postgraduate,No,Medium,7,Online,2,87.2,Excellent
11609,Male,18,4.1,77.4,92.7,7,8.1,Yes,School,Yes,High,3,Self Study,3,92.9,Excellent
11610,Male,20,4.4,98.9,73.6,2,6.0,Yes,Graduate,No,Medium,2,Self Study,5,75.2,Good
11611,Male,21,2.8,79.3,71.1,6,6.1,No,Graduate,No,High,6,Online,5,72.0,Good
11612,Female,20,2.8,80.3,53.8,11,7.6,Yes,Postgraduate,Yes,Low,1,Coaching,2,72.8,Good
11613,Female,15,5.8,87.1,45.1,15,8.1,Yes,School,No,High,3,Self Study,6,83.8,Excellent
11614,Male,17,4.8,79.6,50.8,6,4.8,Yes,School,No,Medium,8,Online,7,70.3,Good
11615,Female,20,2.2,86.0,44.5,5,7.3,Yes,Graduate,No,Medium,2,Coaching,2,66.8,Good
11616,Male,19,4.1,84.8,69.1,11,4.6,No,School,Yes,Medium,8,Self Study,7,82.0,Excellent
11617,Male,18,0.5,83.2,73.4,14,6.4,Yes,Graduate,Yes,High,9,Self Study,8,86.1,Excellent
11618,Female,18,2.9,100.0,54.5,6,8.2,Yes,Graduate,Yes,Low,2,Online,2,75.4,Good
11619,Female,17,5.3,91.1,70.1,13,10.0,Yes,Postgraduate,Yes,Medium,7,Coaching,3,98.6,Excellent
11620,Male,19,3.6,71.2,88.6,6,6.7,Yes,Graduate,Yes,High,8,Coaching,3,99.6,Excellent
11621,Male,16,4.0,85.7,95.4,10,5.6,Yes,Graduate,No,Low,6,Self Study,7,87.5,Excellent
11622,Male,18,0.5,74.1,78.8,4,6.4,Yes,Postgraduate,No,Medium,3,Self Study,5,67.4,Good
11623,Female,16,3.2,,65.6,5,7.1,No,School,Yes,Medium,10,Coaching,4,87.9,Excellent
11624,Male,19,4.3,68.2,78.3,15,6.3,Yes,Graduate,Yes,High,4,Self Study,5,87.3,Excellent
11625,Male,21,4.5,70.9,86.9,7,6.0,Yes,Graduate,Yes,High,3,Coaching,7,86.7,Excellent
11626,Female,18,5.3,85.4,39.9,2,6.5,Yes,School,No,Medium,2,Self Study,4,67.2,Good
11627,Male,17,3.5,92.0,88.7,12,7.4,Yes,School,Yes,Medium,10,Self Study,4,100.0,Excellent
11628,Male,21,3.5,87.0,,3,6.8,Yes,Graduate,No,Medium,3,Self Study,4,72.5,Good
11629,Male,19,1.7,90.5,60.5,3,6.0,Yes,Graduate,Yes,Medium,2,Coaching,6,71.2,Good
11630,Male,17,3.5,85.7,63.0,13,6.3,Yes,Graduate,Yes,Low,1,Self Study,3,77.9,Good
11631,Male,15,1.8,83.7,72.5,6,6.5,Yes,School,No,Medium,3,Self Study,5,72.6,Good
11632,Female,15,0.8,77.0,52.4,3,5.9,Yes,School,No,Medium,7,Self Study,4,59.7,Average
11633,Female,16,2.1,90.1,64.0,15,6.2,Yes,Postgraduate,No,Low,7,Coaching,3,90.9,Excellent
11634,Female,16,6.2,,75.4,5,7.7,Yes,School,Yes,Medium,9,Online,1,100.0,Excellent
11635,Female,20,3.4,81.4,71.1,10,6.7,Yes,Postgraduate,Yes,Low,7,Self Study,4,,
11636,Male,18,4.2,80.8,73.3,5,5.1,Yes,Graduate,Yes,High,1,Self Study,7,69.8,Good
11637,Male,21,3.0,97.9,63.5,10,8.1,Yes,Graduate,No,High,9,Online,1,91.8,Excellent
11638,Female,18,0.9,81.8,77.7,11,7.5,Yes,Graduate,No,Medium,3,Self Study,6,63.9,Average
11639,Male,21,5.3,82.8,82.8,12,5.5,Yes,Postgraduate,Yes,High,10,Coaching,3,100.0,Excellent
11640,Female,18,0.5,86.8,82.0,7,6.6,Yes,Postgraduate,Yes,High,4,Self Study,4,76.9,Good
11641,Female,17,2.9,81.0,74.0,10,6.1,Yes,Graduate,Yes,Medium,1,Online,6,88.1,Excellent
11642,Male,20,3.7,73.8,81.1,13,7.7,Yes,Graduate,Yes,Medium,4,Online,7,82.4,Excellent
11643,Male,18,4.2,85.8,80.2,13,6.6,Yes,Graduate,Yes,Medium,5,Self Study,7,94.4,Excellent
11644,Male,16,2.6,81.6,100.0,12,6.9,Yes,School,Yes,High,9,Self Study,5,100.0,Excellent
11645,Male,18,0.9,100.0,85.1,7,6.8,Yes,Postgraduate,No,Medium,6,Self Study,5,82.1,Excellent
11646,Male,19,2.5,89.9,66.8,9,5.4,Yes,School,No,Medium,1,Self Study,6,64.6,Average
11647,Male,17,2.6,76.0,55.2,15,8.5,Yes,Graduate,Yes,Medium,1,Self Study,9,66.7,Good
11648,Female,19,2.6,89.3,64.3,5,7.7,Yes,Graduate,Yes,Low,7,Self Study,4,84.1,Excellent
11649,Female,21,5.4,85.1,63.4,11,6.2,No,Graduate,No,Medium,1,Coaching,6,,
11650,Female,17,1.9,95.1,75.2,13,7.2,Yes,Graduate,Yes,High,6,Self Study,4,82.8,Excellent
11651,Male,17,4.3,76.8,58.2,8,8.1,Yes,Graduate,No,Low,9,Self Study,3,83.6,Excellent
11652,Male,17,4.1,83.9,84.7,14,7.1,Yes,School,No,Low,9,Online,8,85.0,Excellent
11653,Male,20,,81.0,48.5,7,8.7,No,School,No,High,7,Self Study,4,78.6,Good
11654,Male,16,3.6,82.6,45.1,13,10.0,Yes,School,No,Low,4,Online,4,85.4,Excellent
11655,Female,21,5.1,73.1,66.1,11,6.9,Yes,Postgraduate,Yes,Medium,6,Coaching,5,84.6,Excellent
11656,Male,17,3.5,87.8,56.2,2,6.4,Yes,School,Yes,Medium,2,Self Study,3,61.2,Average
11657,Male,20,4.5,86.2,50.4,13,5.9,Yes,Postgraduate,No,Medium,8,Coaching,4,88.3,Excellent
11658,Female,20,1.4,94.9,59.1,11,4.6,Yes,School,Yes,Low,2,Online,5,68.7,Good
11659,Male,20,0.5,81.9,57.3,5,8.4,Yes,Postgraduate,Yes,Low,1,Online,6,58.9,Average
11660,Male,21,4.4,77.9,68.1,11,6.6,Yes,Graduate,No,Medium,7,Self Study,5,81.1,Excellent
11661,Male,16,4.5,89.9,59.3,9,8.0,Yes,Postgraduate,No,Medium,6,Self Study,3,89.4,Excellent
11662,Female,19,4.6,74.1,60.5,15,8.2,Yes,Graduate,Yes,Medium,6,Self Study,8,74.0,Good
11663,Female,15,3.0,92.8,67.9,6,5.8,Yes,Graduate,No,High,5,Self Study,5,81.5,Excellent
11664,Male,17,6.2,92.8,82.2,5,6.0,Yes,Graduate,Yes,High,6,Self Study,4,95.3,Excellent
11665,Female,15,3.1,94.6,88.6,2,8.9,Yes,School,No,Medium,5,Online,7,89.7,Excellent
11666,Female,19,,85.8,70.1,13,6.9,Yes,Postgraduate,Yes,Medium,2,Coaching,3,94.0,Excellent
11667,Female,19,4.8,77.1,71.2,15,,Yes,Graduate,No,Low,6,Coaching,4,89.6,Excellent
11668,Male,20,6.5,83.1,65.4,11,,No,School,No,Medium,1,Self Study,5,79.7,Good
11669,Male,16,3.3,85.8,74.7,7,6.8,Yes,Graduate,Yes,Medium,1,Self Study,2,72.3,Good
11670,Female,17,2.8,76.4,73.5,14,8.7,Yes,Graduate,No,High,6,Self Study,4,88.6,Excellent
11671,Male,19,1.4,95.3,86.6,5,7.8,Yes,Postgraduate,Yes,Medium,8,Coaching,9,81.1,Excellent
11672,Female,20,6.3,87.8,41.6,11,7.2,Yes,Postgraduate,No,Low,1,Self Study,7,73.8,Good
11673,Female,21,4.5,73.1,64.7,10,8.7,Yes,Graduate,Yes,Medium,4,Self Study,6,79.7,Good
11674,Male,15,4.5,,,13,8.5,Yes,Graduate,Yes,Medium,10,Self Study,6,100.0,Excellent
11675,Female,17,,83.0,67.6,15,7.4,Yes,School,Yes,High,8,Self Study,4,100.0,Excellent
11676,Female,15,4.3,71.1,54.9,7,10.0,Yes,Graduate,Yes,Medium,9,Self Study,3,80.7,Excellent
11677,Female,20,1.7,73.7,49.8,3,6.7,Yes,Postgraduate,No,Medium,7,Self Study,8,50.3,Average
11678,Male,15,3.5,96.9,79.3,4,8.2,Yes,School,No,Low,2,Online,3,80.2,Excellent
11679,Female,20,2.2,100.0,57.4,12,6.6,Yes,Graduate,No,High,4,Coaching,7,71.7,Good
11680,Female,16,3.2,92.1,43.4,7,8.0,Yes,School,No,Medium,6,Online,4,66.3,Good
11681,Female,15,3.2,95.2,80.0,3,6.7,Yes,School,No,Medium,7,Online,4,82.7,Excellent
11682,Female,21,2.9,94.2,74.4,13,7.5,Yes,School,Yes,Medium,2,Coaching,6,89.3,Excellent
11683,Female,18,1.6,87.6,66.4,11,9.6,Yes,School,No,High,10,Self Study,8,84.6,Excellent
11684,Male,17,6.3,85.3,55.2,3,8.0,Yes,Graduate,No,Medium,10,Self Study,6,77.2,Good
11685,Male,19,4.3,87.4,66.4,11,7.5,Yes,Postgraduate,Yes,Low,1,Self Study,5,81.6,Excellent
11686,Male,16,3.4,89.4,85.0,10,6.1,Yes,School,Yes,Medium,6,Coaching,5,91.6,Excellent
11687,Male,19,5.0,74.6,45.4,15,7.2,Yes,Postgraduate,Yes,Medium,2,Coaching,6,81.9,Excellent
11688,Male,18,4.6,89.3,46.1,15,5.9,Yes,Graduate,Yes,High,4,Self Study,7,87.0,Excellent
11689,Female,16,4.2,96.6,59.2,15,8.0,Yes,School,No,Medium,9,Self Study,1,90.1,Excellent
11690,Male,17,4.9,79.9,67.6,14,7.9,Yes,School,Yes,Medium,7,Self Study,4,86.1,Excellent
11691,Female,15,4.0,78.9,61.1,13,6.8,Yes,School,No,Medium,4,Self Study,3,77.7,Good
11692,Female,17,4.9,86.8,77.0,11,8.8,Yes,Postgraduate,Yes,High,1,Self Study,4,96.4,Excellent
11693,Male,19,5.0,75.5,83.2,9,8.7,Yes,Graduate,Yes,High,9,Online,2,88.8,Excellent
11694,Female,15,4.1,68.8,71.9,13,7.2,No,Graduate,Yes,Medium,3,Self Study,1,86.5,Excellent
11695,Female,15,3.4,93.5,75.8,15,7.6,Yes,School,Yes,Medium,7,Online,2,87.5,Excellent
11696,Female,19,6.2,77.5,71.8,3,6.4,Yes,School,No,Medium,3,Self Study,3,82.8,Excellent
11697,Male,17,3.0,82.2,68.1,3,6.7,Yes,Graduate,No,Medium,8,Self Study,6,86.4,Excellent
11698,Female,15,4.4,75.9,49.9,8,5.8,Yes,School,No,High,4,Self Study,3,79.7,Good
11699,Female,20,4.5,94.8,53.6,6,6.5,Yes,Graduate,Yes,Medium,8,Self Study,3,78.0,Good
11700,Female,20,2.8,90.5,49.1,9,6.9,Yes,Graduate,No,Low,1,Self Study,6,62.5,Average
11701,Female,15,2.5,79.6,65.9,6,5.2,Yes,Graduate,No,Medium,7,Coaching,6,68.7,Good
11702,Female,16,3.2,70.2,71.3,12,7.6,No,School,No,Medium,10,Self Study,8,84.3,Excellent
11703,Male,17,3.0,78.5,,14,8.1,Yes,Graduate,No,Low,5,Self Study,6,59.3,Average
11704,Female,20,1.5,87.7,69.0,5,7.0,Yes,Graduate,No,High,5,Self Study,3,75.6,Good
11705,Male,15,2.8,83.9,55.7,12,4.0,Yes,Postgraduate,Yes,Low,7,Self Study,4,72.5,Good
11706,Female,20,4.2,83.1,53.0,3,6.7,Yes,Graduate,Yes,Medium,9,Coaching,6,70.5,Good
11707,Male,17,5.8,84.1,59.2,13,5.5,Yes,Graduate,No,High,9,Coaching,3,100.0,Excellent
11708,Male,15,4.7,89.6,52.3,11,6.3,Yes,,Yes,Low,1,Self Study,4,65.9,Good
11709,Female,21,0.5,81.6,76.5,11,8.6,Yes,Graduate,Yes,Medium,3,Coaching,2,76.9,Good
11710,Male,15,4.8,86.5,65.6,8,4.3,Yes,Graduate,Yes,Medium,9,Self Study,3,97.0,Excellent
11711,Female,15,2.9,72.1,79.4,3,6.1,No,Graduate,Yes,Medium,10,Coaching,7,77.2,Good
11712,Male,21,4.5,100.0,61.8,13,7.9,Yes,Graduate,No,Medium,7,Self Study,5,89.7,Excellent
11713,Female,18,3.8,79.2,62.3,3,6.2,Yes,Postgraduate,Yes,Medium,1,Coaching,4,71.2,Good
11714,Female,18,3.5,84.0,94.2,8,6.1,Yes,Postgraduate,No,High,7,Self Study,4,95.8,Excellent
11715,Male,19,3.6,87.7,45.3,4,9.2,No,Graduate,No,High,10,Coaching,7,73.6,Good
11716,Female,19,3.8,77.9,86.0,13,7.4,Yes,School,Yes,Low,9,Coaching,3,92.5,Excellent
11717,Male,19,6.0,82.1,91.2,10,8.0,Yes,Postgraduate,Yes,Medium,8,Self Study,5,95.9,Excellent
11718,Female,15,3.8,82.0,78.7,9,7.5,Yes,Graduate,Yes,Medium,6,Self Study,6,85.9,Excellent
11719,Female,18,5.5,72.9,63.4,6,7.2,Yes,Postgraduate,Yes,Medium,10,Coaching,7,82.9,Excellent
11720,Female,16,5.3,86.4,88.0,12,8.4,Yes,Graduate,Yes,Medium,7,Self Study,3,100.0,Excellent
11721,Male,20,4.9,65.5,63.5,4,9.1,Yes,Postgraduate,No,Medium,6,Coaching,2,90.9,Excellent
11722,Male,18,0.9,99.5,58.1,12,5.1,No,School,Yes,Medium,9,Self Study,4,72.5,Good
11723,Female,15,5.6,89.9,62.6,15,7.0,Yes,Graduate,No,High,1,Self Study,5,87.9,Excellent
11724,Female,21,3.1,88.4,60.0,5,7.0,Yes,Graduate,No,Low,2,Coaching,8,75.3,Good
11725,Male,16,,64.6,54.7,11,6.5,Yes,School,Yes,Low,9,Self Study,6,77.5,Good
11726,Male,16,2.2,74.1,83.5,6,8.1,Yes,School,Yes,High,1,Self Study,4,74.9,Good
11727,Male,21,1.9,95.9,57.2,15,7.3,Yes,School,Yes,High,9,Self Study,7,74.4,Good
11728,Female,20,7.0,100.0,67.6,14,9.1,Yes,School,Yes,Medium,10,Online,3,100.0,Excellent
11729,Male,21,2.3,93.9,47.8,6,8.2,Yes,Postgraduate,Yes,Medium,3,Self Study,3,78.6,Good
11730,Male,19,5.6,92.4,68.4,5,8.5,No,Postgraduate,No,High,9,Self Study,3,93.7,Excellent
11731,Female,21,4.0,87.2,51.8,3,5.7,Yes,Postgraduate,Yes,Medium,6,Coaching,4,,
11732,Male,15,3.1,73.5,51.5,11,6.1,No,Postgraduate,Yes,Medium,6,Self Study,4,71.2,Good
11733,Female,19,3.7,92.0,66.5,14,6.2,Yes,Postgraduate,Yes,Medium,10,Self Study,7,86.7,Excellent
11734,Male,17,1.7,71.0,82.8,4,8.5,Yes,Postgraduate,No,Medium,8,Self Study,4,75.1,Good
11735,Female,17,3.8,69.9,74.2,13,5.9,Yes,School,Yes,High,9,Self Study,2,93.4,Excellent
11736,Female,16,2.1,69.3,75.1,12,6.0,Yes,School,No,High,9,Online,6,80.5,Excellent
11737,Female,16,3.2,91.8,66.2,8,5.8,Yes,,No,Medium,8,Coaching,3,96.1,Excellent
11738,Male,18,5.3,81.4,63.3,5,10.0,Yes,Graduate,Yes,Low,5,Online,2,89.3,Excellent
11739,Female,21,4.2,83.0,79.1,11,6.8,Yes,Graduate,No,High,2,Coaching,6,82.8,Excellent
11740,Female,19,1.4,81.8,,10,7.6,Yes,Graduate,Yes,Medium,1,Self Study,4,78.3,Good
11741,Male,17,5.2,70.7,79.7,13,5.7,No,Graduate,No,Low,3,Coaching,4,88.4,Excellent
11742,Male,18,3.8,75.3,85.3,9,8.1,Yes,School,Yes,Medium,5,Self Study,5,86.8,Excellent
11743,Male,18,2.9,75.8,56.2,2,5.0,Yes,Graduate,No,Medium,2,Coaching,5,63.3,Average
11744,Female,16,5.0,67.9,58.3,4,5.9,Yes,Graduate,No,Low,4,Online,4,72.8,Good
11745,Female,18,3.5,77.0,60.4,7,6.2,Yes,Graduate,No,Medium,8,Self Study,1,78.3,Good
11746,Female,19,1.9,71.2,47.5,8,7.2,Yes,Graduate,No,High,1,Coaching,5,63.7,Average
11747,Female,16,6.8,87.8,61.4,6,6.1,Yes,Graduate,Yes,High,4,Self Study,7,82.2,Excellent
11748,Female,19,3.8,88.6,86.2,14,,Yes,Graduate,No,Medium,10,Online,5,100.0,Excellent
11749,Male,19,3.7,69.1,53.4,5,7.6,Yes,Graduate,Yes,Low,4,Self Study,4,75.2,Good
11750,Male,18,3.2,79.0,86.6,11,6.2,Yes,Graduate,Yes,Medium,8,Self Study,6,93.1,Excellent
11751,Female,17,5.7,100.0,,7,8.1,Yes,Postgraduate,Yes,Medium,7,Online,5,95.8,Excellent
11752,Male,18,3.0,72.2,97.6,15,6.6,Yes,Graduate,No,Medium,8,Self Study,3,88.2,Excellent
11753,Female,20,1.3,86.3,58.5,14,6.4,Yes,Postgraduate,No,Medium,8,Self Study,8,70.4,Good
11754,Female,16,2.7,83.1,66.0,12,8.0,Yes,Postgraduate,No,Low,6,Coaching,5,72.6,Good
11755,Male,19,5.9,92.9,55.3,12,4.3,Yes,Postgraduate,No,High,10,Coaching,4,100.0,Excellent
11756,Female,19,5.1,85.0,58.4,11,7.8,Yes,Graduate,No,High,3,Self Study,7,79.8,Good
11757,Male,17,3.4,77.7,86.7,10,,Yes,Graduate,No,Medium,3,Self Study,1,89.3,Excellent
11758,Female,17,6.0,82.7,74.6,9,6.2,Yes,Graduate,Yes,Medium,6,Self Study,2,92.0,Excellent
11759,Female,21,5.0,82.8,82.4,2,9.2,No,Graduate,No,Medium,8,Self Study,5,95.6,Excellent
11760,Female,17,3.4,81.1,49.6,15,6.4,Yes,School,Yes,Medium,7,Online,6,76.6,Good
11761,Male,19,3.5,68.8,77.2,15,8.1,Yes,School,Yes,Medium,10,Coaching,7,87.8,Excellent
11762,Male,16,4.3,94.4,54.4,9,7.3,Yes,School,No,Medium,6,Coaching,1,88.4,Excellent
11763,Male,21,2.5,92.7,49.3,14,7.4,Yes,Graduate,Yes,High,8,Self Study,6,81.3,Excellent
11764,Male,19,3.8,71.6,71.3,7,,Yes,School,No,High,2,Online,3,78.3,Good
11765,Male,20,4.3,79.0,71.2,3,6.7,Yes,Graduate,No,Low,1,Self Study,5,78.7,Good
11766,Male,19,1.1,79.7,68.7,13,8.7,Yes,School,No,Medium,9,Online,5,87.1,Excellent
11767,Female,17,3.5,70.4,78.0,9,8.0,No,School,No,Medium,5,Online,6,78.4,Good
11768,Male,17,,63.3,80.2,15,6.5,Yes,Graduate,No,Medium,3,Online,4,79.9,Good
11769,Male,19,5.4,75.3,88.6,4,5.8,Yes,Postgraduate,Yes,Medium,8,Self Study,6,91.9,Excellent
11770,Female,21,0.8,78.4,51.3,8,6.4,Yes,Graduate,Yes,Medium,4,Self Study,4,61.2,Average
11771,Female,15,3.2,67.6,89.0,11,8.1,Yes,Postgraduate,No,High,1,Coaching,4,97.4,Excellent
11772,Female,20,3.0,83.8,94.4,3,8.3,Yes,School,Yes,Medium,6,Self Study,5,94.1,Excellent
11773,Female,20,5.3,93.6,62.9,15,7.6,No,Graduate,No,High,2,Self Study,7,88.9,Excellent
11774,Female,15,3.7,90.4,44.6,10,5.2,Yes,School,No,Medium,10,Coaching,6,68.7,Good
11775,Female,15,6.7,80.7,48.6,4,7.8,No,Graduate,Yes,Medium,4,Coaching,4,78.2,Good
11776,Female,19,4.9,63.6,61.5,12,8.4,No,School,No,Medium,4,Self Study,5,75.7,Good
11777,Female,20,3.1,89.2,96.2,14,7.2,Yes,School,Yes,Medium,9,Self Study,7,89.5,Excellent
11778,Male,17,4.2,83.5,68.2,7,9.2,Yes,Graduate,Yes,Low,1,Coaching,5,78.4,Good
11779,Male,19,3.2,86.2,59.4,10,5.5,Yes,Graduate,No,Low,7,Self Study,3,80.0,Good
11780,Male,21,5.2,100.0,58.4,12,7.8,Yes,School,No,Medium,10,Coaching,5,96.2,Excellent
11781,Male,17,1.7,73.8,49.5,4,5.9,Yes,Postgraduate,No,Low,1,Coaching,5,64.9,Average
11782,Female,16,2.5,53.3,80.2,9,8.2,No,,Yes,Medium,10,Online,4,83.3,Excellent
11783,Male,21,4.5,71.5,66.7,9,7.7,Yes,Graduate,Yes,High,7,Coaching,3,89.2,Excellent
11784,Male,16,5.8,86.9,97.4,6,9.0,Yes,Graduate,No,Medium,2,Self Study,5,88.9,Excellent
11785,Male,18,0.5,82.3,76.8,6,7.5,Yes,School,No,Low,9,Online,6,73.6,Good
11786,Female,18,6.0,69.8,79.6,10,6.6,Yes,Postgraduate,No,Medium,9,Self Study,3,,
11787,Male,18,3.6,67.8,64.6,12,6.5,Yes,Graduate,Yes,Low,10,Coaching,3,85.2,Excellent
11788,Female,16,0.8,78.5,52.7,7,6.7,Yes,School,No,Medium,10,Self Study,9,56.2,Average
11789,Female,19,0.5,69.5,55.8,4,6.4,Yes,School,No,Low,7,Coaching,7,,
11790,Male,19,1.4,87.2,48.8,13,8.5,Yes,School,No,Low,1,Self Study,5,68.0,Good
11791,Female,16,3.8,77.9,80.7,4,8.4,Yes,Graduate,Yes,High,8,Self Study,5,87.9,Excellent
11792,Male,18,3.7,75.7,62.6,2,5.4,Yes,Graduate,No,Medium,8,Self Study,4,82.9,Excellent
11793,Male,15,4.8,74.4,81.3,6,7.0,Yes,Postgraduate,No,Low,8,Self Study,4,82.7,Excellent
11794,Female,16,2.9,84.6,69.9,13,7.1,Yes,School,No,Low,2,Self Study,5,82.2,Excellent
11795,Female,21,2.0,82.4,63.9,12,6.1,Yes,Graduate,No,Medium,8,Coaching,7,73.7,Good
11796,Male,18,3.1,84.0,51.6,6,7.5,Yes,School,No,High,9,Coaching,2,81.8,Excellent
11797,Female,19,3.9,83.8,72.2,9,8.6,Yes,Graduate,Yes,Low,1,Coaching,3,87.7,Excellent
11798,Male,21,4.2,81.3,64.9,15,8.0,Yes,Graduate,No,Low,1,Coaching,2,92.9,Excellent
11799,Female,19,2.5,71.7,80.6,12,8.5,No,Postgraduate,No,High,1,Self Study,6,85.4,Excellent
11800,Female,20,5.2,74.7,58.0,12,6.2,Yes,Graduate,No,Medium,7,Online,4,91.1,Excellent
11801,Female,19,2.8,78.1,76.6,3,7.0,No,School,No,Low,4,Self Study,3,71.2,Good
11802,Female,18,2.4,100.0,91.0,5,6.2,Yes,Postgraduate,No,Low,9,Self Study,5,98.6,Excellent
11803,Male,19,2.9,68.5,71.8,3,7.3,Yes,Postgraduate,No,High,10,Self Study,4,85.8,Excellent
11804,Female,17,5.5,77.8,79.0,15,7.4,Yes,School,Yes,Medium,1,Coaching,2,79.6,Good
11805,Female,21,3.6,83.0,76.0,6,8.1,Yes,Postgraduate,No,Medium,8,Self Study,7,83.7,Excellent
11806,Female,16,2.7,79.0,94.6,8,8.4,No,Graduate,Yes,Medium,8,Self Study,4,89.7,Excellent
11807,Male,21,5.3,92.7,73.2,9,7.8,Yes,Postgraduate,Yes,Medium,1,Coaching,6,87.4,Excellent
11808,Male,21,7.2,78.9,77.8,9,6.1,Yes,Graduate,No,Medium,2,Coaching,2,100.0,Excellent
11809,Male,15,4.1,79.7,67.5,2,5.5,Yes,School,Yes,High,9,Online,6,79.7,Good
11810,Male,19,5.8,90.1,57.2,14,7.6,Yes,Postgraduate,Yes,Medium,1,Self Study,2,88.5,Excellent
11811,Male,21,5.5,100.0,51.1,7,8.7,Yes,Graduate,No,High,2,Self Study,8,86.1,Excellent
11812,Male,19,2.8,,85.7,14,7.0,Yes,Postgraduate,Yes,Low,10,Coaching,2,96.6,Excellent
11813,Female,17,3.8,80.6,,12,5.3,Yes,School,No,Medium,8,Online,8,64.7,Average
11814,Male,21,1.7,81.5,78.4,11,9.3,Yes,Graduate,Yes,Medium,10,Self Study,5,82.3,Excellent
11815,Female,18,3.5,82.5,73.8,11,7.5,Yes,Graduate,Yes,Low,3,Coaching,4,87.2,Excellent
11816,Female,15,2.8,83.5,80.8,15,7.2,Yes,Graduate,Yes,Low,8,Self Study,6,89.8,Excellent
11817,Female,16,3.2,73.5,60.8,6,5.7,Yes,Graduate,No,Low,7,Self Study,3,69.4,Good
11818,Male,19,2.6,91.4,56.9,6,,Yes,Graduate,Yes,Medium,9,Self Study,6,72.5,Good
11819,Male,18,3.3,84.1,73.3,11,7.8,Yes,Graduate,Yes,High,3,Coaching,6,85.2,Excellent
11820,Female,16,4.7,81.6,63.9,5,7.6,Yes,Graduate,Yes,Low,1,Coaching,4,72.1,Good
11821,Female,20,3.6,69.3,50.8,13,6.3,Yes,Graduate,Yes,Medium,4,Self Study,5,77.1,Good
11822,Male,15,0.8,82.6,95.1,2,6.9,Yes,Graduate,No,Low,6,Coaching,9,79.6,Good
11823,Female,16,2.6,63.1,56.9,14,6.3,Yes,Graduate,No,Medium,6,Self Study,6,70.0,Good
11824,Female,18,1.4,76.2,54.1,6,8.8,Yes,Postgraduate,Yes,Medium,9,Self Study,4,76.8,Good
11825,Female,15,4.2,76.4,64.6,2,8.0,Yes,Graduate,Yes,Low,7,Online,6,76.0,Good
11826,Male,17,4.6,84.9,85.5,10,6.4,Yes,Graduate,No,Medium,9,Self Study,4,,
11827,Male,21,4.2,100.0,37.7,5,5.7,Yes,School,Yes,Low,8,Online,4,83.0,Excellent
11828,Male,21,2.5,87.7,84.4,6,7.3,No,School,No,Medium,4,Coaching,6,76.2,Good
11829,Female,21,4.2,96.5,55.2,8,6.5,No,Graduate,Yes,Medium,9,Coaching,3,87.8,Excellent
11830,Male,17,3.0,88.5,71.7,10,6.5,Yes,Graduate,No,High,4,Coaching,5,89.0,Excellent
11831,Male,15,2.0,93.3,58.5,3,5.8,Yes,Postgraduate,Yes,Medium,9,Coaching,6,76.7,Good
11832,Female,20,5.0,100.0,95.9,2,5.9,Yes,Postgraduate,No,Medium,7,Self Study,8,85.7,Excellent
11833,Male,17,5.1,74.7,69.7,8,7.2,Yes,Graduate,Yes,Medium,3,Coaching,5,74.0,Good
11834,Male,20,5.3,74.0,58.1,6,6.7,Yes,Graduate,No,Medium,1,Self Study,2,74.9,Good
11835,Male,15,2.8,88.7,63.8,10,9.7,Yes,Graduate,Yes,Medium,9,Coaching,2,95.3,Excellent
11836,Male,19,5.7,82.0,69.3,12,7.7,No,Graduate,No,Medium,8,Coaching,7,87.9,Excellent
11837,Male,19,3.0,84.2,70.5,10,5.7,Yes,Graduate,Yes,Medium,1,Self Study,4,71.6,Good
11838,Male,21,4.8,79.5,74.1,3,5.3,Yes,Graduate,No,Medium,3,Self Study,2,78.8,Good
11839,Female,15,3.0,76.0,68.0,15,7.4,Yes,Graduate,No,Medium,5,Coaching,3,97.4,Excellent
11840,Female,17,3.4,98.2,48.7,12,6.6,Yes,Postgraduate,No,Low,6,Online,6,71.1,Good
11841,Male,21,0.5,71.0,63.2,2,8.5,Yes,Graduate,No,Medium,4,Coaching,5,62.4,Average
11842,Female,17,3.3,88.9,76.5,12,7.3,Yes,School,No,Medium,2,Self Study,6,77.0,Good
11843,Male,19,3.9,87.2,58.6,14,4.8,No,Graduate,No,Medium,7,Online,5,92.0,Excellent
11844,Female,16,3.1,66.2,77.4,9,5.9,Yes,Postgraduate,Yes,Medium,8,Coaching,3,80.0,Good
11845,Male,20,6.6,73.7,68.4,13,6.3,Yes,School,Yes,Medium,7,Coaching,1,94.9,Excellent
11846,Female,16,1.9,75.4,65.0,14,7.5,Yes,Postgraduate,No,High,10,Self Study,4,87.3,Excellent
11847,Male,19,2.9,87.6,84.7,15,5.8,Yes,Postgraduate,Yes,Low,4,Self Study,5,88.9,Excellent
11848,Female,21,2.4,78.3,43.7,15,7.2,Yes,Graduate,No,Medium,6,Self Study,3,81.8,Excellent
11849,Male,19,2.9,81.1,58.5,4,5.5,Yes,Graduate,Yes,Medium,4,Coaching,7,72.7,Good
11850,Female,18,5.5,67.4,85.3,2,7.0,Yes,School,No,Medium,10,Self Study,3,86.5,Excellent
11851,Male,16,6.2,100.0,93.6,11,7.4,No,School,No,Medium,5,Coaching,1,100.0,Excellent
11852,Female,17,2.7,82.7,100.0,11,8.6,Yes,Graduate,No,Medium,5,Online,5,93.2,Excellent
11853,Male,20,,87.0,68.7,9,7.3,Yes,Postgraduate,No,Low,8,Coaching,6,79.1,Good
11854,Female,16,1.9,76.6,74.4,5,6.1,Yes,Postgraduate,No,Low,3,Self Study,8,70.2,Good
11855,Female,19,5.9,75.5,79.4,15,8.6,Yes,School,Yes,Low,4,Self Study,1,100.0,Excellent
11856,Female,18,5.6,100.0,85.9,7,6.8,Yes,Graduate,Yes,Medium,9,Coaching,7,100.0,Excellent
11857,Male,17,3.6,62.8,72.4,12,7.9,Yes,Graduate,No,High,1,Self Study,5,81.5,Excellent
11858,Male,20,1.6,84.8,81.0,10,6.3,Yes,Graduate,Yes,Low,1,Self Study,4,81.2,Excellent
11859,Male,17,1.7,69.9,74.4,14,7.1,Yes,Graduate,Yes,Low,9,Self Study,6,64.2,Average
11860,Male,17,4.1,77.9,75.3,11,6.1,Yes,Postgraduate,Yes,High,3,Coaching,7,85.3,Excellent
11861,Female,18,4.7,75.6,55.1,10,7.4,Yes,Graduate,Yes,Medium,8,Coaching,1,93.3,Excellent
11862,Female,20,0.5,72.1,63.4,13,7.9,Yes,School,Yes,Medium,7,Self Study,5,74.7,Good
11863,Female,21,3.3,82.4,60.7,2,6.5,Yes,Graduate,Yes,Low,2,Coaching,4,78.7,Good
11864,Female,19,6.4,56.3,51.4,11,6.4,Yes,School,Yes,High,2,Self Study,5,78.6,Good
11865,Female,19,3.5,78.8,44.9,10,7.4,Yes,Postgraduate,No,Medium,10,Self Study,7,68.0,Good
11866,Female,20,6.2,81.1,62.1,12,6.1,Yes,Postgraduate,Yes,Low,9,Online,4,96.6,Excellent
11867,Female,16,4.8,68.4,64.3,5,5.3,Yes,School,Yes,Medium,3,Self Study,4,77.4,Good
11868,Male,16,2.1,97.1,69.5,10,7.4,No,Graduate,No,Medium,5,Self Study,6,74.2,Good
11869,Female,18,3.3,76.1,75.8,5,6.9,Yes,Postgraduate,No,Medium,9,Self Study,4,82.7,Excellent
11870,Female,19,3.6,79.6,70.6,3,6.9,Yes,Graduate,No,Medium,3,Self Study,1,85.1,Excellent
11871,Male,19,2.3,76.1,64.4,10,7.6,Yes,Graduate,No,Medium,7,Coaching,6,77.4,Good
11872,Male,16,2.2,81.2,55.2,2,7.7,Yes,Postgraduate,No,Medium,4,Coaching,7,71.6,Good
11873,Female,20,6.2,95.1,80.3,3,6.8,Yes,School,No,Low,9,Coaching,6,92.1,Excellent
11874,Female,17,2.2,100.0,66.6,9,5.8,Yes,Graduate,Yes,Medium,3,Online,3,69.2,Good
11875,Female,21,5.5,89.5,61.9,14,6.3,No,School,No,Low,5,Coaching,5,84.9,Excellent
11876,Female,20,3.1,92.9,65.4,12,7.6,Yes,Graduate,No,Medium,8,Self Study,7,80.5,Excellent
11877,Male,21,3.8,99.2,57.7,2,7.2,Yes,Postgraduate,No,Low,7,Coaching,9,75.7,Good
11878,Male,19,4.7,84.5,60.6,3,6.4,Yes,,Yes,Medium,2,Coaching,5,78.1,Good
11879,Female,18,2.8,97.7,60.1,8,6.1,Yes,Graduate,No,Medium,1,Coaching,7,65.8,Good
11880,Female,16,4.7,89.9,64.0,8,7.7,Yes,School,Yes,Medium,9,Self Study,3,91.1,Excellent
11881,Male,17,0.5,83.4,77.2,2,6.8,Yes,Postgraduate,No,Medium,8,Online,4,79.4,Good
11882,Female,21,4.5,85.5,73.7,5,7.8,Yes,School,No,Medium,2,Self Study,6,79.5,Good
11883,Male,17,0.5,63.8,89.7,3,8.0,No,Graduate,No,High,7,Coaching,2,86.8,Excellent
11884,Female,15,3.4,84.9,85.0,9,6.7,Yes,School,Yes,High,3,Self Study,5,79.5,Good
11885,Male,16,5.2,66.6,95.4,11,8.0,No,Graduate,Yes,High,5,Coaching,7,93.8,Excellent
11886,Male,19,4.8,65.7,75.8,7,7.2,Yes,Graduate,No,Medium,7,Self Study,6,70.0,Good
11887,Male,19,1.7,83.9,75.6,10,7.3,Yes,Graduate,No,Low,7,Self Study,6,83.7,Excellent
11888,Male,21,1.9,70.9,61.2,4,4.6,Yes,Graduate,Yes,Medium,4,Self Study,6,62.2,Average
11889,Female,21,2.7,81.9,79.6,13,5.9,Yes,Graduate,No,Medium,9,Self Study,4,88.8,Excellent
11890,Male,18,4.1,83.4,58.8,2,6.0,Yes,Graduate,No,Medium,6,Self Study,8,67.4,Good
11891,Male,18,0.5,83.8,47.4,9,6.6,Yes,Graduate,Yes,Low,9,Coaching,8,65.5,Good
11892,Female,20,3.8,73.0,89.4,6,7.1,Yes,Postgraduate,Yes,Medium,6,Online,6,93.3,Excellent
11893,Female,15,4.3,91.0,50.5,8,7.2,Yes,School,No,Low,4,Online,5,71.6,Good
11894,Male,19,3.3,81.1,74.1,9,7.3,Yes,School,No,High,3,Self Study,4,83.9,Excellent
11895,Male,18,4.6,86.4,55.7,11,6.2,Yes,School,No,Medium,1,Self Study,6,74.7,Good
11896,Male,20,4.2,70.0,83.8,15,7.8,Yes,School,No,Low,6,Online,4,78.6,Good
11897,Female,20,2.9,80.2,85.7,9,9.0,Yes,Graduate,Yes,Medium,6,Online,5,85.9,Excellent
11898,Male,19,0.7,93.0,,5,6.6,Yes,School,No,Medium,10,Self Study,7,75.4,Good
11899,Male,19,4.0,91.7,85.4,9,6.3,Yes,School,No,High,3,Self Study,5,94.2,Excellent
11900,Male,19,2.3,74.0,68.1,9,6.2,Yes,School,Yes,Medium,1,Self Study,8,70.9,Good
11901,Female,19,2.9,76.5,99.3,14,7.1,Yes,Graduate,Yes,Medium,9,Self Study,3,94.2,Excellent
11902,Male,16,4.6,72.1,78.4,9,6.4,Yes,Graduate,No,Medium,6,Coaching,5,92.9,Excellent
11903,Female,16,6.1,75.4,55.4,14,5.1,Yes,Graduate,Yes,Medium,1,Self Study,8,80.4,Excellent
11904,Male,20,3.7,68.0,69.0,11,5.4,Yes,Postgraduate,No,Low,4,Coaching,7,76.9,Good
11905,Female,19,4.7,80.6,65.9,10,8.1,Yes,School,Yes,High,10,Self Study,4,81.0,Excellent
11906,Male,16,1.5,88.3,64.5,6,8.4,No,Graduate,Yes,Medium,9,Self Study,6,72.2,Good
11907,Male,21,4.2,74.1,44.8,5,8.8,Yes,School,No,High,6,Coaching,4,76.0,Good
11908,Male,21,3.7,81.1,73.4,3,7.2,Yes,Postgraduate,Yes,Medium,1,Coaching,7,73.8,Good
11909,Female,19,5.8,79.8,48.6,9,5.9,Yes,School,Yes,Low,7,Self Study,6,62.9,Average
11910,Female,16,2.9,92.6,32.6,14,6.5,Yes,Postgraduate,Yes,Medium,1,Self Study,4,68.8,Good
11911,Male,21,3.4,75.9,63.2,2,5.4,Yes,Graduate,No,Medium,4,Self Study,5,63.3,Average
11912,Male,16,5.5,76.2,57.4,15,5.3,Yes,Graduate,No,Low,5,Online,5,85.4,Excellent
11913,Female,18,3.7,73.5,55.9,14,7.3,Yes,Graduate,Yes,Low,8,Online,5,83.7,Excellent
11914,Female,21,2.0,70.6,25.0,8,7.6,Yes,Graduate,No,High,7,Self Study,6,61.8,Average
11915,Male,18,7.9,87.3,56.1,6,9.2,Yes,School,No,Medium,5,Online,4,88.9,Excellent
11916,Male,16,,80.6,65.6,10,6.9,Yes,Postgraduate,Yes,Medium,1,Coaching,6,74.0,Good
11917,Female,15,3.7,82.5,59.1,13,5.5,Yes,Postgraduate,Yes,Medium,1,Self Study,4,78.1,Good
11918,Female,17,4.4,94.7,73.4,2,6.9,Yes,School,No,Low,9,Self Study,4,88.9,Excellent
11919,Female,19,4.2,95.3,87.5,8,6.7,Yes,School,Yes,Medium,7,Online,4,91.9,Excellent
11920,Female,20,3.5,65.5,75.2,2,6.5,Yes,Graduate,No,Medium,4,Coaching,5,70.1,Good
11921,Male,16,3.5,88.5,82.4,11,7.4,Yes,Graduate,Yes,High,8,Online,4,100.0,Excellent
11922,Male,16,3.4,84.3,83.5,3,5.7,Yes,Graduate,No,Medium,10,Self Study,7,86.2,Excellent
11923,Male,19,2.0,77.4,53.7,6,7.1,Yes,Graduate,Yes,Low,1,Online,3,68.7,Good
11924,Male,16,7.2,85.3,74.1,12,7.7,Yes,School,Yes,Medium,10,Coaching,1,100.0,Excellent
11925,Male,15,3.4,64.7,81.9,12,8.6,Yes,Postgraduate,Yes,Medium,3,Online,8,93.1,Excellent
11926,Male,18,4.8,96.6,61.9,5,7.3,Yes,School,No,Low,8,Online,3,92.4,Excellent
11927,Male,18,3.3,87.1,56.9,9,8.1,Yes,Graduate,Yes,Low,6,Self Study,6,71.6,Good
11928,Female,16,3.2,73.3,75.4,4,6.5,Yes,Postgraduate,Yes,Low,8,Coaching,6,83.8,Excellent
11929,Male,16,3.1,76.1,47.3,10,6.7,Yes,Graduate,Yes,High,2,Self Study,4,72.2,Good
11930,Male,16,1.3,65.0,52.8,2,8.5,No,Graduate,Yes,High,7,Online,5,61.7,Average
11931,Female,17,3.5,78.9,58.7,13,5.5,Yes,Postgraduate,No,Medium,10,Coaching,5,81.4,Excellent
11932,Female,15,3.1,77.2,74.3,2,6.6,Yes,School,Yes,Low,8,Self Study,6,74.0,Good
11933,Female,15,5.7,68.7,71.1,10,8.2,Yes,School,No,Medium,8,Self Study,3,96.0,Excellent
11934,Female,17,1.9,89.8,82.5,7,6.8,Yes,School,No,Medium,2,Self Study,5,83.3,Excellent
11935,Female,15,2.9,94.8,55.1,5,6.7,Yes,School,No,Medium,3,Self Study,5,72.5,Good
11936,Male,17,2.4,81.7,54.3,9,6.7,Yes,Graduate,No,Medium,9,Self Study,7,74.9,Good
11937,Male,19,6.1,78.9,75.3,3,7.1,Yes,Graduate,Yes,Low,5,Online,3,87.6,Excellent
11938,Female,15,2.4,86.3,56.8,10,8.2,Yes,Graduate,No,Low,6,Coaching,3,81.2,Excellent
11939,Male,19,4.7,81.8,59.6,11,8.0,Yes,Postgraduate,No,Medium,2,Online,3,77.8,Good
11940,Male,19,5.4,71.2,42.0,8,7.0,No,Graduate,No,Medium,8,Self Study,5,77.3,Good
11941,Male,19,3.6,75.5,72.1,7,8.2,No,School,No,Medium,5,Self Study,1,86.1,Excellent
11942,Male,19,1.6,79.0,89.6,8,7.4,Yes,Graduate,No,Medium,5,Online,7,89.7,Excellent
11943,Male,20,1.6,84.5,53.6,15,7.9,No,Graduate,No,Medium,10,Coaching,5,80.3,Excellent
11944,Male,15,5.2,82.1,82.3,12,5.9,Yes,Graduate,Yes,High,7,Self Study,5,100.0,Excellent
11945,Female,16,1.8,84.1,67.2,2,8.9,Yes,Postgraduate,No,Medium,5,Online,5,72.0,Good
11946,Female,17,4.4,66.8,43.3,6,7.2,Yes,,No,Medium,4,Self Study,3,81.2,Excellent
11947,Male,19,4.0,88.7,55.5,2,4.0,Yes,Postgraduate,Yes,Medium,7,Self Study,3,85.1,Excellent
11948,Female,21,4.4,82.0,54.6,5,8.8,Yes,Graduate,No,High,5,Coaching,3,90.4,Excellent
11949,Male,21,4.6,100.0,63.6,12,7.0,Yes,Graduate,Yes,Medium,3,Coaching,2,94.1,Excellent
11950,Female,19,2.3,78.1,73.9,13,6.6,Yes,Postgraduate,Yes,Medium,4,Coaching,6,80.7,Excellent
11951,Female,17,2.2,85.2,93.9,8,6.3,No,Graduate,Yes,Medium,3,Self Study,5,80.3,Excellent
11952,Male,17,4.9,100.0,48.0,11,7.5,Yes,Graduate,Yes,Medium,8,Self Study,2,86.2,Excellent
11953,Female,15,2.8,,61.2,7,6.0,Yes,School,No,Medium,6,Self Study,4,76.3,Good
11954,Female,18,0.5,81.3,55.5,8,6.4,Yes,Postgraduate,Yes,High,3,Self Study,7,62.2,Average
11955,Female,18,4.8,72.1,50.2,13,6.4,No,Graduate,No,Medium,2,Self Study,7,71.5,Good
11956,Female,16,2.1,97.3,69.3,5,6.7,Yes,Postgraduate,No,Medium,10,Coaching,3,89.2,Excellent
11957,Female,20,4.5,70.4,68.0,6,6.4,Yes,Postgraduate,No,Medium,9,Online,8,73.0,Good
11958,Male,20,6.0,86.3,42.6,3,7.9,Yes,Graduate,Yes,Medium,9,Online,2,92.1,Excellent
11959,Female,17,3.8,77.3,68.3,5,7.3,Yes,Graduate,Yes,High,8,Coaching,2,90.8,Excellent
11960,Female,21,5.4,80.1,51.1,2,7.4,Yes,School,No,Medium,9,Self Study,7,77.5,Good
11961,Female,15,4.0,67.8,68.2,13,7.7,Yes,Graduate,No,Low,7,Self Study,3,79.3,Good
11962,Male,21,,95.4,85.8,13,6.9,Yes,Graduate,No,High,10,Online,7,100.0,Excellent
11963,Female,20,2.1,79.2,74.5,7,5.9,No,Graduate,No,High,10,Self Study,4,79.9,Good
11964,Male,16,3.8,69.8,70.5,10,9.0,Yes,Graduate,No,High,5,Self Study,4,87.4,Excellent
11965,Female,19,4.9,94.5,60.6,5,8.0,Yes,Graduate,Yes,Medium,3,Self Study,2,85.7,Excellent
11966,Male,17,3.5,77.0,68.9,2,8.8,Yes,School,Yes,Low,9,Coaching,7,83.1,Excellent
11967,Female,20,5.6,85.3,75.9,9,8.1,Yes,School,No,High,9,Online,6,100.0,Excellent
11968,Female,16,3.1,90.4,74.5,4,6.5,Yes,School,No,Low,5,Self Study,4,72.5,Good
11969,Male,16,7.1,86.7,66.6,13,4.4,Yes,Postgraduate,Yes,Low,10,Coaching,4,100.0,Excellent
11970,Male,17,7.2,60.0,71.0,5,5.6,Yes,School,No,Medium,2,Coaching,5,79.3,Good
11971,Male,16,4.3,89.0,49.6,12,7.7,Yes,School,Yes,Medium,9,Online,4,92.7,Excellent
11972,Female,17,4.7,81.0,57.7,5,6.9,Yes,Graduate,No,Medium,1,Self Study,7,67.4,Good
11973,Female,19,5.7,78.7,77.9,3,6.5,Yes,Graduate,No,Medium,2,Coaching,4,88.7,Excellent
11974,Male,19,1.9,80.9,79.8,9,4.3,Yes,Graduate,No,Low,1,Online,5,76.5,Good
11975,Male,18,1.7,65.9,69.3,4,7.0,Yes,Graduate,No,Medium,1,Online,2,61.7,Average
11976,Male,16,5.8,83.9,88.7,7,5.8,Yes,Graduate,No,High,2,Self Study,2,100.0,Excellent
11977,Male,16,4.2,68.4,75.1,6,6.2,Yes,Graduate,Yes,High,4,Self Study,6,74.4,Good
11978,Female,21,3.4,79.1,64.7,14,7.9,Yes,Postgraduate,No,Low,4,Online,5,80.2,Excellent
11979,Female,16,3.8,83.6,50.9,9,5.9,Yes,Graduate,No,Medium,5,Online,6,,
11980,Male,15,0.5,92.7,88.1,12,6.0,Yes,Graduate,No,Low,10,Self Study,5,82.0,Excellent
11981,Female,18,3.5,73.8,78.8,10,7.2,Yes,School,Yes,Medium,6,Self Study,2,85.4,Excellent
11982,Male,15,2.6,96.5,93.2,14,8.0,Yes,Graduate,Yes,Medium,3,Self Study,4,89.0,Excellent
11983,Female,17,5.3,91.5,98.3,8,,No,Postgraduate,No,Medium,2,Coaching,8,95.9,Excellent
11984,Male,20,5.4,77.7,50.0,14,8.6,Yes,School,No,Medium,10,Self Study,2,92.3,Excellent
11985,Female,16,4.7,70.9,50.0,14,5.6,Yes,Graduate,No,Medium,3,Self Study,5,73.7,Good
11986,Female,19,4.4,67.6,27.9,14,5.4,Yes,Graduate,No,Medium,9,Coaching,1,84.5,Excellent
11987,Male,18,1.4,84.7,80.9,11,5.3,Yes,Postgraduate,Yes,Medium,8,Self Study,5,93.7,Excellent
11988,Female,17,4.7,74.6,77.2,15,5.2,Yes,School,Yes,Low,9,Online,4,82.8,Excellent
11989,Female,19,4.8,94.0,69.4,12,7.4,No,Postgraduate,Yes,Medium,2,Self Study,5,96.6,Excellent
11990,Male,19,5.8,75.2,50.8,6,5.9,Yes,School,Yes,High,8,Self Study,4,80.7,Excellent
11991,Male,17,7.2,73.0,66.8,4,5.4,Yes,Postgraduate,No,Medium,8,Online,2,86.2,Excellent
11992,Female,16,,84.3,70.6,4,7.4,Yes,Postgraduate,Yes,Medium,10,Self Study,4,82.3,Excellent
11993,Male,21,3.2,75.1,79.0,10,7.9,No,Graduate,Yes,Medium,8,Self Study,4,87.0,Excellent
11994,Male,16,2.6,82.1,71.8,4,8.2,Yes,Postgraduate,No,Medium,2,Self Study,3,83.1,Excellent
11995,Male,21,4.1,91.9,77.3,5,8.0,Yes,Postgraduate,No,Low,5,Coaching,3,91.4,Excellent
11996,Female,18,3.8,83.2,66.3,10,6.0,Yes,Postgraduate,Yes,Medium,5,Self Study,7,81.0,Excellent
11997,Male,21,3.4,83.2,84.5,6,7.3,No,Graduate,Yes,Low,5,Online,4,82.0,Excellent
11998,Male,17,5.4,84.1,76.8,11,7.5,Yes,Graduate,No,Medium,4,Online,5,86.0,Excellent
11999,Female,18,2.0,65.1,51.4,15,6.5,No,School,No,Medium,9,Self Study,5,74.0,Good
12000,Female,19,2.1,85.9,87.4,3,7.2,No,School,No,High,3,Self Study,3,76.8,Good
12001,Female,17,2.2,83.6,85.2,10,5.6,Yes,Graduate,Yes,Medium,5,Coaching,5,87.1,Excellent
12002,Male,16,3.2,90.9,74.5,13,6.3,No,School,No,Low,5,Online,5,89.4,Excellent
12003,Female,18,1.8,88.1,71.9,3,7.4,Yes,Postgraduate,No,Low,7,Self Study,8,69.3,Good
12004,Female,19,3.7,80.0,91.2,12,8.7,Yes,School,No,Medium,5,Self Study,3,98.5,Excellent
12005,Male,16,3.5,92.3,45.1,9,8.3,Yes,School,No,Medium,10,Self Study,4,79.7,Good
12006,Female,20,2.5,79.1,85.4,10,7.7,Yes,School,No,Medium,10,Online,6,84.9,Excellent
12007,Male,19,5.2,84.5,61.3,2,7.1,Yes,School,Yes,Medium,5,Self Study,6,66.5,Good
12008,Male,16,3.7,78.9,83.3,8,6.9,Yes,School,No,High,3,Coaching,4,86.4,Excellent
12009,Male,21,5.5,86.6,69.7,7,5.4,Yes,Graduate,No,Medium,8,Self Study,4,88.1,Excellent
12010,Female,15,3.5,78.2,50.6,4,6.1,Yes,School,Yes,Medium,10,Coaching,7,,
12011,Male,19,3.8,98.5,61.0,12,6.1,No,Postgraduate,Yes,Low,9,Self Study,6,73.0,Good
12012,Male,18,2.9,100.0,82.3,9,7.6,Yes,Graduate,Yes,Low,2,Coaching,7,73.6,Good
12013,Male,19,3.8,90.7,65.1,14,8.0,Yes,Graduate,No,Medium,1,Self Study,6,90.8,Excellent
12014,Male,20,4.9,97.4,59.3,4,7.8,Yes,Graduate,No,Medium,7,Self Study,5,83.7,Excellent
12015,Male,19,3.1,,59.2,12,8.3,Yes,School,No,High,4,Self Study,5,67.0,Good
12016,Female,19,4.6,67.8,77.0,10,7.1,Yes,School,No,Medium,4,Online,3,82.6,Excellent
12017,Male,20,2.5,78.8,92.5,11,5.9,Yes,Postgraduate,No,Medium,1,Coaching,5,85.4,Excellent
12018,Male,19,5.0,82.4,38.0,6,,Yes,Graduate,No,High,10,Self Study,4,82.0,Excellent
12019,Female,20,2.9,80.0,100.0,11,6.2,Yes,School,Yes,Medium,1,Self Study,7,80.6,Excellent
12020,Male,17,5.2,65.6,70.9,5,7.7,Yes,Graduate,Yes,Medium,7,Self Study,4,96.1,Excellent
12021,Female,16,3.9,93.5,76.1,12,6.6,Yes,Graduate,No,Medium,10,Self Study,5,100.0,Excellent
12022,Male,16,6.2,100.0,61.9,8,6.9,No,School,No,Medium,1,Online,2,89.6,Excellent
12023,Male,19,2.0,94.8,68.0,8,7.8,No,School,No,Medium,7,Self Study,7,71.6,Good
12024,Male,18,1.4,92.9,70.7,10,6.2,Yes,Graduate,No,Low,10,Coaching,4,85.7,Excellent
12025,Male,15,2.8,84.3,53.3,3,8.1,No,Graduate,No,Medium,5,Coaching,4,64.6,Average
12026,Male,16,1.6,73.6,56.7,7,5.5,Yes,Graduate,Yes,Low,3,Online,8,63.1,Average
12027,Female,21,1.6,82.7,84.6,4,7.3,Yes,School,Yes,Medium,8,Coaching,7,78.7,Good
12028,Male,20,4.8,100.0,46.3,15,6.9,Yes,School,No,Medium,10,Self Study,3,83.8,Excellent
12029,Female,20,3.8,78.5,74.2,7,7.9,Yes,School,No,Low,6,Self Study,3,79.3,Good
12030,Female,16,3.0,77.5,62.8,2,5.5,Yes,Graduate,No,Medium,1,Self Study,5,67.7,Good
12031,Male,15,3.2,93.1,54.6,2,5.3,No,Postgraduate,Yes,Low,7,Self Study,4,62.5,Average
12032,Male,17,2.8,93.7,95.6,14,7.8,Yes,Graduate,No,Medium,3,Self Study,2,93.9,Excellent
12033,Male,20,6.4,73.5,54.6,4,6.6,Yes,School,No,High,10,Online,3,84.4,Excellent
12034,Male,18,2.6,79.4,52.2,2,6.9,Yes,School,Yes,Medium,3,Self Study,1,74.3,Good
12035,Male,20,1.7,77.0,65.4,4,6.3,Yes,School,No,Low,7,Coaching,7,74.0,Good
12036,Female,18,5.1,82.7,57.2,5,8.0,Yes,Postgraduate,Yes,High,7,Self Study,6,85.8,Excellent
12037,Female,18,3.5,93.0,68.1,3,7.3,Yes,Graduate,No,High,5,Self Study,7,59.6,Average
12038,Male,19,7.1,74.0,70.2,15,7.3,Yes,Postgraduate,No,Medium,8,Self Study,4,94.8,Excellent
12039,Female,21,3.0,92.9,71.3,2,5.7,Yes,Graduate,Yes,Medium,9,Self Study,4,100.0,Excellent
12040,Female,18,5.2,83.0,66.3,12,7.6,Yes,Graduate,No,Low,7,Self Study,6,86.8,Excellent
12041,Male,19,5.5,100.0,58.2,13,5.9,No,Graduate,No,High,8,Online,3,81.5,Excellent
12042,Female,21,3.0,85.2,77.0,11,6.3,Yes,Graduate,Yes,Medium,1,Coaching,3,98.6,Excellent
12043,Female,17,2.6,81.0,66.4,3,5.5,No,Graduate,No,Medium,3,Self Study,5,59.4,Average
12044,Female,20,5.0,87.7,61.1,12,6.8,No,School,No,Medium,5,Self Study,5,84.8,Excellent
12045,Female,18,4.7,78.6,88.7,6,8.2,Yes,Graduate,No,Medium,2,Online,3,85.0,Excellent
12046,Male,21,1.5,,66.3,7,7.2,Yes,Postgraduate,Yes,Low,5,Self Study,3,84.0,Excellent
12047,Male,18,2.0,79.6,83.3,5,6.5,Yes,School,No,High,1,Self Study,4,67.1,Good
12048,Female,19,0.5,79.4,85.2,12,7.1,No,Graduate,Yes,Medium,4,Online,6,73.7,Good
12049,Male,17,4.8,66.1,86.0,10,7.1,Yes,Postgraduate,Yes,Low,1,Coaching,4,93.9,Excellent
12050,Male,19,3.4,81.3,77.7,4,7.1,Yes,,No,Low,5,Self Study,9,67.8,Good
12051,Female,17,3.5,61.3,68.0,7,7.2,Yes,Graduate,No,Medium,5,Coaching,4,80.6,Excellent
12052,Male,19,1.1,78.5,,13,5.9,Yes,School,Yes,Medium,5,Self Study,7,73.4,Good
12053,Male,20,2.0,84.4,64.6,15,7.1,Yes,Graduate,No,Low,10,Coaching,3,88.8,Excellent
12054,Female,18,3.0,83.0,37.7,15,5.1,Yes,Postgraduate,No,Medium,6,Self Study,6,64.1,Average
12055,Male,18,2.7,77.9,78.1,3,7.6,Yes,,No,Medium,2,Online,4,73.7,Good
12056,Male,17,4.0,,71.4,14,5.8,No,School,No,Medium,7,Coaching,5,83.3,Excellent
12057,Female,20,4.7,74.2,79.6,9,8.3,Yes,Postgraduate,Yes,High,10,Self Study,7,97.0,Excellent
12058,Male,19,7.4,82.1,66.4,12,4.3,Yes,Graduate,No,Medium,3,Coaching,4,96.3,Excellent
12059,Male,18,3.8,82.6,77.3,7,8.8,Yes,Graduate,Yes,High,1,Self Study,2,90.3,Excellent
12060,Male,15,5.6,73.0,48.7,11,5.2,Yes,School,Yes,Medium,10,Online,3,88.4,Excellent
12061,Female,15,2.5,84.7,51.6,5,5.7,No,School,No,Low,2,Self Study,6,,
12062,Male,15,1.1,84.6,33.3,9,7.3,Yes,Graduate,Yes,Low,9,Self Study,5,65.0,Average
12063,Male,20,3.2,80.3,66.1,5,7.7,Yes,Graduate,Yes,High,5,Coaching,5,80.3,Excellent
12064,Male,20,1.2,100.0,57.2,7,6.7,Yes,Postgraduate,Yes,Low,8,Self Study,3,80.5,Excellent
12065,Male,15,3.8,80.6,55.4,7,12.0,Yes,School,Yes,Low,8,Self Study,8,74.4,Good
12066,Female,15,2.6,79.2,72.7,14,6.1,Yes,Postgraduate,Yes,Medium,9,Coaching,8,78.6,Good
12067,Male,20,0.7,77.8,62.0,10,6.6,Yes,Graduate,Yes,Medium,8,Coaching,6,72.2,Good
12068,Female,18,6.6,72.3,47.9,11,6.7,Yes,School,Yes,Medium,6,Self Study,1,94.6,Excellent
12069,Male,17,2.9,88.9,100.0,5,6.4,Yes,School,No,Low,3,Self Study,8,78.8,Good
12070,Male,19,1.2,75.1,67.5,8,4.9,Yes,Graduate,No,Medium,10,Coaching,8,69.5,Good
12071,Female,16,5.2,76.3,52.8,8,7.0,Yes,Postgraduate,No,High,2,Online,4,73.9,Good
12072,Male,16,2.6,76.6,58.6,12,6.9,Yes,School,No,High,4,Coaching,7,75.3,Good
12073,Male,17,5.5,72.2,65.6,4,8.2,No,Graduate,No,High,3,Coaching,3,76.9,Good
12074,Female,21,2.6,64.5,65.5,2,5.6,Yes,Graduate,No,Medium,5,Coaching,4,68.3,Good
12075,Male,20,2.9,77.4,86.2,9,6.3,Yes,Graduate,Yes,Low,3,Self Study,5,77.4,Good
12076,Female,16,4.4,90.7,66.9,13,8.3,Yes,Graduate,Yes,Low,9,Self Study,2,98.8,Excellent
12077,Female,18,4.7,84.0,94.0,12,7.3,Yes,Postgraduate,No,High,5,Coaching,2,100.0,Excellent
12078,Male,21,5.0,97.6,61.9,13,7.6,Yes,School,No,Medium,9,Self Study,5,89.6,Excellent
12079,Male,21,3.7,89.5,74.0,7,7.5,Yes,School,No,Medium,1,Self Study,5,72.7,Good
12080,Male,20,4.6,87.2,82.3,5,7.5,Yes,School,No,Medium,5,Self Study,2,89.2,Excellent
12081,Male,15,5.0,100.0,84.7,11,9.0,No,Postgraduate,Yes,Medium,6,Coaching,3,100.0,Excellent
12082,Male,16,4.1,81.0,86.4,2,7.1,Yes,Graduate,Yes,Medium,9,Coaching,2,93.5,Excellent
12083,Female,16,3.6,82.6,64.2,14,5.9,Yes,School,No,Medium,8,Online,4,83.4,Excellent
12084,Male,16,1.5,81.9,67.9,11,7.7,Yes,Postgraduate,Yes,Medium,7,Self Study,4,83.2,Excellent
12085,Female,16,4.8,97.4,33.3,9,6.4,Yes,Graduate,No,Low,9,Online,6,80.2,Excellent
12086,Male,17,3.9,82.0,65.3,4,6.9,Yes,Graduate,No,Low,4,Self Study,4,79.1,Good
12087,Male,18,3.1,75.5,83.3,5,7.4,Yes,School,No,Low,10,Coaching,4,78.3,Good
12088,Male,17,5.8,87.9,80.6,15,6.1,Yes,Postgraduate,No,High,10,Coaching,4,100.0,Excellent
12089,Female,17,1.5,73.8,66.8,2,6.4,No,Graduate,Yes,High,10,Self Study,2,84.7,Excellent
12090,Male,16,6.4,87.3,91.8,2,7.5,Yes,School,No,Medium,6,Online,4,99.9,Excellent
12091,Male,16,3.8,86.1,,6,6.4,Yes,School,No,High,1,Self Study,6,57.8,Average
12092,Female,21,4.3,80.1,58.0,5,8.1,No,School,No,Low,9,Self Study,5,76.5,Good
12093,Female,19,3.2,87.7,61.4,11,5.9,Yes,Graduate,No,Low,5,Self Study,6,82.0,Excellent
12094,Male,16,1.1,67.1,52.3,2,5.9,Yes,School,Yes,Low,9,Self Study,7,51.9,Average
12095,Female,20,3.6,83.6,76.7,12,9.1,Yes,Graduate,Yes,Low,1,Coaching,8,96.4,Excellent
12096,Male,20,4.3,77.4,72.0,12,5.3,Yes,Graduate,Yes,Medium,1,Self Study,3,71.4,Good
12097,Male,21,4.9,100.0,76.5,5,7.0,Yes,Postgraduate,No,Low,4,Self Study,5,87.7,Excellent
12098,Male,16,3.5,83.6,62.2,10,9.0,Yes,Graduate,Yes,High,9,Self Study,5,92.1,Excellent
12099,Male,19,0.5,76.0,67.2,11,7.0,Yes,Graduate,Yes,Medium,1,Coaching,5,70.7,Good
12100,Male,21,1.3,68.2,37.5,13,8.5,Yes,Graduate,Yes,Low,2,Self Study,4,62.0,Average
12101,Female,20,7.1,95.1,73.3,12,7.7,Yes,Graduate,No,High,5,Online,5,96.1,Excellent
12102,Male,16,2.1,78.5,69.4,15,7.0,Yes,Postgraduate,No,High,9,Self Study,6,82.7,Excellent
12103,Female,21,6.1,74.1,52.6,3,6.9,Yes,Postgraduate,Yes,Medium,2,Coaching,2,85.2,Excellent
12104,Female,17,,85.4,66.5,10,4.7,No,Graduate,No,Low,8,Online,2,68.6,Good
12105,Female,18,3.5,88.5,64.4,12,6.6,Yes,Graduate,No,Medium,5,Self Study,4,88.5,Excellent
12106,Female,18,4.8,88.3,92.7,5,7.3,Yes,Graduate,Yes,Medium,8,Self Study,3,98.6,Excellent
12107,Female,20,2.5,82.2,53.1,5,7.3,No,Graduate,Yes,Medium,8,Online,6,73.4,Good
12108,Female,15,6.3,83.6,72.6,3,9.7,Yes,Graduate,Yes,Medium,10,Self Study,2,100.0,Excellent
12109,Male,18,3.9,84.3,52.7,15,7.3,Yes,Graduate,Yes,High,1,Coaching,4,100.0,Excellent
12110,Male,20,4.5,85.4,60.2,14,7.7,Yes,Graduate,No,Medium,7,Self Study,1,100.0,Excellent
12111,Male,18,3.4,86.2,71.9,3,8.3,Yes,School,No,High,5,Self Study,2,77.7,Good
12112,Female,16,4.9,92.9,65.0,5,7.6,Yes,Graduate,Yes,Low,4,Coaching,3,98.3,Excellent
12113,Male,15,13.0,82.6,67.9,8,6.9,Yes,School,Yes,High,8,Self Study,4,78.2,Good
12114,Female,18,3.6,73.8,72.7,14,6.9,Yes,Graduate,No,Low,6,Online,3,84.9,Excellent
12115,Male,19,6.6,80.6,61.1,13,6.6,No,School,No,Medium,5,Self Study,4,88.1,Excellent
12116,Female,18,2.8,89.5,80.4,14,7.5,Yes,School,No,High,7,Self Study,2,94.0,Excellent
12117,Male,21,5.0,64.1,63.7,13,6.8,Yes,School,No,Medium,6,Self Study,4,84.0,Excellent
12118,Male,19,4.6,64.2,66.6,10,7.7,Yes,Graduate,Yes,Low,4,Online,4,80.0,Good
12119,Male,18,,91.2,73.1,6,5.9,Yes,Graduate,Yes,High,4,Self Study,3,88.5,Excellent
12120,Male,15,4.1,97.2,71.2,10,7.2,Yes,Graduate,No,High,3,Self Study,5,84.7,Excellent
12121,Male,18,3.8,69.3,77.0,8,8.7,Yes,Graduate,No,Medium,3,Self Study,1,87.0,Excellent
12122,Male,16,2.4,83.0,72.4,15,6.8,Yes,Postgraduate,Yes,Medium,5,Coaching,4,98.6,Excellent
12123,Male,20,4.4,78.0,74.6,8,9.0,Yes,Postgraduate,No,Low,2,Self Study,5,87.8,Excellent
12124,Male,16,4.0,79.4,63.4,12,7.2,No,Graduate,Yes,Medium,9,Online,1,91.9,Excellent
12125,Male,21,3.7,85.1,53.0,4,6.9,Yes,Graduate,Yes,Medium,6,Self Study,6,74.4,Good
12126,Male,17,3.7,69.1,48.0,11,7.1,Yes,Postgraduate,No,Low,7,Self Study,3,87.0,Excellent
12127,Male,18,3.7,70.9,44.6,8,6.7,Yes,Graduate,No,Low,6,Self Study,4,61.3,Average
12128,Male,16,3.2,79.0,92.7,8,4.8,No,School,No,High,9,Self Study,8,75.9,Good
12129,Male,16,4.0,80.5,37.0,12,8.0,Yes,Graduate,Yes,Medium,9,Coaching,3,79.9,Good
12130,Male,21,2.8,70.7,84.7,8,9.4,Yes,School,Yes,Medium,5,Online,7,81.5,Excellent
12131,Male,16,8.1,89.9,56.5,2,7.5,Yes,Postgraduate,No,High,4,Coaching,3,99.8,Excellent
12132,Female,18,1.5,77.8,84.6,7,7.6,Yes,Graduate,Yes,Medium,10,Online,5,81.2,Excellent
12133,Female,21,2.9,77.8,37.2,15,6.8,Yes,Postgraduate,No,Medium,6,Coaching,6,67.5,Good
12134,Female,19,3.0,84.8,64.7,15,8.3,Yes,School,No,High,8,Self Study,6,78.0,Good
12135,Male,15,7.1,80.7,88.4,10,7.0,Yes,Graduate,Yes,High,2,Self Study,4,95.4,Excellent
12136,Female,17,1.7,90.4,78.0,10,7.3,Yes,Graduate,No,Low,4,Coaching,4,78.5,Good
12137,Male,17,4.5,72.7,63.3,5,5.3,Yes,Postgraduate,No,Medium,3,Online,2,67.9,Good
12138,Female,16,4.2,68.0,40.8,12,6.4,Yes,Postgraduate,No,Medium,5,Online,2,74.8,Good
12139,Female,16,4.3,78.9,49.5,10,7.4,Yes,School,Yes,Low,6,Coaching,7,66.6,Good
12140,Female,18,5.8,82.6,87.4,2,8.0,Yes,Postgraduate,No,Low,10,Self Study,7,90.6,Excellent
12141,Female,17,5.7,69.6,63.1,15,8.0,Yes,Postgraduate,Yes,Low,2,Coaching,4,98.1,Excellent
12142,Male,17,3.1,68.1,67.0,13,5.3,Yes,Postgraduate,Yes,Medium,10,Coaching,2,82.0,Excellent
12143,Female,17,4.1,83.8,72.0,3,5.4,Yes,Graduate,No,Low,9,Online,4,87.6,Excellent
12144,Female,17,0.8,74.4,49.8,7,7.6,Yes,Postgraduate,No,High,5,Coaching,4,78.9,Good
12145,Male,16,4.0,67.5,73.7,12,6.2,Yes,School,Yes,Medium,3,Self Study,4,85.6,Excellent
12146,Female,18,2.5,91.7,62.1,12,8.0,No,School,No,Medium,9,Coaching,3,88.2,Excellent
12147,Male,21,3.5,75.7,72.1,4,5.2,Yes,School,No,High,2,Self Study,6,76.8,Good
12148,Female,18,1.1,93.5,59.9,2,6.9,Yes,Graduate,No,Medium,10,Self Study,6,73.7,Good
12149,Female,19,4.4,82.3,46.0,15,7.0,Yes,Postgraduate,Yes,Medium,10,Coaching,7,90.9,Excellent
12150,Male,21,1.1,84.9,62.0,14,7.5,Yes,Graduate,Yes,High,3,Online,5,78.0,Good
12151,Female,19,4.0,79.9,77.0,12,5.9,No,Graduate,No,High,6,Coaching,5,83.1,Excellent
12152,Male,16,1.8,55.4,73.5,11,4.8,Yes,Postgraduate,No,Medium,6,Self Study,7,75.5,Good
12153,Female,17,2.4,70.6,68.4,11,7.2,Yes,Graduate,Yes,Medium,8,Self Study,7,90.9,Excellent
12154,Female,18,5.6,80.7,80.6,8,7.6,Yes,Graduate,Yes,Medium,8,Self Study,2,97.8,Excellent
12155,Female,18,4.7,85.6,65.1,11,8.1,Yes,Graduate,No,Medium,10,Coaching,5,93.3,Excellent
12156,Female,16,5.6,64.1,68.8,6,6.6,Yes,Graduate,No,Medium,1,Coaching,5,78.6,Good
12157,Male,15,6.3,81.5,61.3,3,7.9,Yes,Graduate,No,High,9,Self Study,4,82.0,Excellent
12158,Male,17,2.6,70.8,81.4,6,7.5,Yes,Postgraduate,No,Medium,9,Self Study,5,79.1,Good
12159,Male,21,6.2,84.3,72.1,6,8.5,Yes,Graduate,No,Low,8,Coaching,7,91.0,Excellent
12160,Male,20,1.5,81.8,60.2,6,6.9,Yes,Graduate,No,Medium,3,Self Study,4,67.8,Good
12161,Male,20,5.0,89.4,47.2,8,5.1,Yes,Graduate,No,Medium,8,Coaching,3,83.7,Excellent
12162,Male,16,3.0,92.7,83.5,3,6.9,No,Postgraduate,No,Medium,5,Coaching,3,87.7,Excellent
12163,Male,17,2.3,86.6,57.6,7,7.1,Yes,Graduate,Yes,Medium,3,Self Study,5,70.3,Good
12164,Male,19,4.8,90.6,69.0,8,7.6,Yes,Postgraduate,No,High,4,Self Study,5,84.5,Excellent
12165,Female,18,5.3,78.5,100.0,4,5.3,Yes,Graduate,Yes,Medium,5,Coaching,4,97.9,Excellent
12166,Male,17,5.3,100.0,79.2,8,6.7,Yes,School,No,High,8,Self Study,6,95.6,Excellent
12167,Female,17,4.1,69.8,90.6,11,8.0,Yes,Graduate,Yes,Medium,3,Self Study,4,86.1,Excellent
12168,Male,15,4.0,76.7,60.5,7,6.9,Yes,School,Yes,Low,3,Online,4,75.7,Good
12169,Male,21,4.6,91.0,83.0,2,6.7,Yes,School,No,Medium,4,Self Study,2,84.1,Excellent
12170,Male,21,4.3,89.5,68.4,11,9.1,No,School,No,High,5,Online,7,87.9,Excellent
12171,Male,15,4.7,86.9,73.1,10,5.8,Yes,Graduate,No,High,10,Self Study,5,92.7,Excellent
12172,Male,17,4.1,88.8,96.3,7,8.4,Yes,Graduate,No,Low,3,Self Study,7,89.0,Excellent
12173,Male,18,5.1,61.2,64.1,2,8.1,Yes,Graduate,Yes,Medium,10,Self Study,3,85.0,Excellent
12174,Male,20,1.2,97.9,68.3,3,6.8,Yes,Graduate,Yes,Medium,1,Coaching,7,67.1,Good
12175,Male,21,3.6,80.0,55.4,3,7.0,Yes,Graduate,No,Medium,6,Online,4,76.1,Good
12176,Female,17,1.6,94.5,80.4,13,7.0,Yes,Postgraduate,No,Low,9,Self Study,8,87.8,Excellent
12177,Male,20,4.2,61.7,60.2,6,7.2,No,Postgraduate,Yes,Medium,4,Online,6,72.5,Good
12178,Female,21,6.4,84.6,82.3,7,,Yes,Graduate,Yes,Medium,3,Coaching,6,92.1,Excellent
12179,Male,20,3.0,76.4,44.9,11,6.5,Yes,School,Yes,Medium,7,Online,4,71.0,Good
12180,Female,17,4.0,87.7,75.7,11,6.6,Yes,Postgraduate,No,Low,3,Coaching,8,71.1,Good
12181,Female,20,5.0,85.2,59.0,2,6.6,Yes,Postgraduate,Yes,Medium,1,Coaching,8,71.5,Good
12182,Female,17,0.5,85.7,78.2,15,6.7,Yes,School,Yes,High,1,Online,5,70.7,Good
12183,Female,15,3.0,71.4,67.8,5,4.5,Yes,Graduate,Yes,Medium,5,Coaching,6,68.1,Good
12184,Male,20,4.4,81.4,60.5,12,7.1,Yes,Graduate,No,High,6,Online,6,79.7,Good
12185,Female,20,0.5,80.2,62.6,13,6.4,Yes,Graduate,No,Medium,1,Self Study,2,68.0,Good
12186,Male,17,2.2,87.0,56.1,9,4.9,Yes,Graduate,Yes,Low,3,Self Study,7,60.0,Average
12187,Female,18,5.6,91.9,79.7,4,6.6,Yes,School,Yes,Low,8,Coaching,6,91.5,Excellent
12188,Female,17,5.4,83.5,53.3,9,6.6,Yes,School,Yes,Medium,6,Self Study,3,85.0,Excellent
12189,Male,15,4.4,69.2,64.3,5,8.4,Yes,Graduate,No,Medium,7,Self Study,1,86.6,Excellent
12190,Female,21,5.2,83.1,72.8,13,6.4,No,Graduate,Yes,High,8,Online,5,100.0,Excellent
12191,Male,15,4.1,100.0,90.6,12,7.7,Yes,Graduate,No,Low,10,Coaching,3,100.0,Excellent
12192,Female,18,4.7,98.5,67.9,13,8.5,Yes,,Yes,Low,1,Online,1,95.4,Excellent
12193,Female,15,3.3,52.3,64.6,13,6.3,Yes,Graduate,No,High,5,Self Study,6,79.1,Good
12194,Male,19,4.0,82.6,71.8,4,6.9,Yes,Postgraduate,Yes,High,3,Self Study,7,79.7,Good
12195,Female,21,2.8,91.3,39.0,2,8.9,Yes,School,No,Medium,7,Self Study,4,71.2,Good
12196,Female,19,5.8,80.2,51.2,10,7.3,Yes,Graduate,No,Medium,4,Online,6,70.6,Good
12197,Male,19,6.2,77.4,62.7,10,7.4,Yes,Graduate,Yes,High,2,Self Study,5,71.3,Good
12198,Male,20,6.0,79.3,58.0,14,6.6,Yes,School,Yes,Medium,9,Online,2,83.7,Excellent
12199,Male,21,3.1,87.5,45.6,10,7.8,No,Postgraduate,Yes,Medium,6,Self Study,4,73.3,Good
12200,Female,21,2.3,70.5,80.0,13,7.0,Yes,Postgraduate,No,High,2,Self Study,7,86.1,Excellent
12201,Male,16,5.8,93.9,71.6,6,5.0,Yes,Graduate,No,Medium,3,Coaching,4,89.4,Excellent
12202,Female,18,4.7,81.4,70.0,3,6.6,No,Graduate,No,Medium,8,Coaching,6,78.9,Good
12203,Female,20,4.3,72.6,58.3,2,5.7,Yes,School,No,High,5,Self Study,4,74.7,Good
12204,Male,17,2.8,93.2,69.1,8,7.1,Yes,Graduate,Yes,Medium,10,Self Study,6,86.2,Excellent
12205,Male,19,4.5,66.5,75.2,2,6.0,Yes,School,No,Low,1,Self Study,5,60.5,Average
12206,Female,15,2.1,76.4,,9,7.5,Yes,Graduate,No,Medium,1,Online,5,73.4,Good
12207,Female,21,4.8,76.3,74.2,7,7.0,Yes,School,Yes,Medium,7,Self Study,6,87.2,Excellent
12208,Male,19,6.0,100.0,56.9,5,5.6,No,Graduate,Yes,Low,4,Self Study,1,97.2,Excellent
12209,Male,20,6.4,75.1,69.4,10,6.5,Yes,Postgraduate,Yes,Medium,9,Self Study,2,,
12210,Male,20,4.9,60.5,84.0,11,7.7,Yes,School,Yes,Low,8,Self Study,3,100.0,Excellent
12211,Female,16,1.6,76.2,85.2,2,8.3,Yes,Graduate,No,Low,1,Coaching,7,66.3,Good
12212,Male,18,4.1,86.6,86.6,8,6.0,No,Postgraduate,Yes,Low,10,Coaching,2,100.0,Excellent
12213,Female,21,7.2,89.8,72.0,15,5.8,Yes,School,Yes,Medium,10,Online,4,100.0,Excellent
12214,Male,16,2.4,100.0,68.4,6,9.1,Yes,Postgraduate,Yes,High,3,Coaching,5,88.9,Excellent
12215,Female,20,3.7,96.1,61.7,12,7.0,Yes,Graduate,Yes,Medium,7,Self Study,5,88.0,Excellent
12216,Male,17,6.1,83.9,42.7,6,7.1,Yes,Graduate,Yes,High,7,Coaching,4,93.2,Excellent
12217,Male,19,4.8,73.1,49.2,5,6.2,Yes,Graduate,Yes,Low,1,Online,4,75.8,Good
12218,Female,18,7.8,98.2,65.6,13,7.2,Yes,School,Yes,Medium,8,Self Study,3,98.3,Excellent
12219,Female,19,2.6,78.3,,6,8.9,Yes,School,Yes,Medium,10,Self Study,6,76.2,Good
12220,Male,20,2.2,75.4,87.8,14,7.3,Yes,Graduate,No,High,5,Self Study,4,100.0,Excellent
12221,Male,17,5.8,77.8,86.4,11,8.2,Yes,Graduate,No,Medium,10,Online,1,100.0,Excellent
12222,Male,16,1.9,69.5,58.4,13,7.0,Yes,Postgraduate,No,Medium,7,Self Study,6,78.1,Good
12223,Male,17,3.5,77.3,79.5,13,5.9,Yes,Graduate,Yes,Medium,8,Self Study,7,79.6,Good
12224,Male,19,3.7,79.7,61.3,14,6.2,Yes,School,Yes,High,6,Coaching,3,86.2,Excellent
12225,Female,20,5.5,89.3,77.6,9,5.8,Yes,School,No,High,7,Coaching,7,86.5,Excellent
12226,Male,20,4.8,78.1,79.3,15,7.2,Yes,Postgraduate,Yes,High,10,Self Study,5,100.0,Excellent
12227,Female,17,4.5,69.3,85.4,2,8.3,No,School,No,Medium,6,Self Study,2,89.8,Excellent
12228,Male,21,3.2,66.0,61.1,8,7.2,Yes,Postgraduate,Yes,Low,6,Coaching,4,84.2,Excellent
12229,Male,15,5.7,84.1,82.2,7,6.7,Yes,School,Yes,Medium,2,Self Study,3,83.9,Excellent
12230,Female,15,9.0,82.7,41.8,3,6.1,Yes,School,No,Medium,6,Self Study,4,84.9,Excellent
12231,Male,15,4.9,76.5,86.1,14,7.4,No,School,No,Medium,9,Self Study,4,,
12232,Female,21,4.0,77.3,67.6,13,5.6,No,Graduate,Yes,Low,7,Coaching,7,66.1,Good
12233,Male,16,1.7,85.9,67.9,12,5.8,Yes,Graduate,No,Medium,8,Self Study,7,78.4,Good
12234,Female,19,2.8,95.9,39.5,10,8.0,Yes,Postgraduate,Yes,Low,2,Coaching,2,83.6,Excellent
12235,Female,20,3.5,74.2,62.6,10,6.7,Yes,Graduate,No,Medium,9,Self Study,2,94.4,Excellent
12236,Female,20,2.9,82.9,87.0,7,6.7,Yes,School,No,Low,6,Self Study,6,78.9,Good
12237,Male,21,3.8,91.6,62.0,11,6.8,Yes,Graduate,No,High,5,Coaching,4,92.3,Excellent
12238,Male,15,6.6,74.2,78.0,15,7.8,Yes,Graduate,Yes,Low,1,Self Study,3,98.1,Excellent
12239,Male,17,5.8,81.8,68.5,5,7.2,No,Graduate,Yes,Medium,9,Self Study,5,83.4,Excellent
12240,Female,18,3.5,81.6,82.9,6,6.2,Yes,Postgraduate,No,Low,7,Online,6,78.3,Good
12241,Male,19,1.9,68.9,70.7,3,6.2,Yes,Postgraduate,Yes,Low,4,Online,3,71.4,Good
12242,Male,19,5.9,83.7,55.0,14,6.8,No,Graduate,No,Medium,6,Coaching,1,93.2,Excellent
12243,Male,18,3.7,82.3,68.8,9,7.3,No,Graduate,No,Low,10,Coaching,4,87.0,Excellent
12244,Male,17,1.0,87.6,90.4,10,7.0,Yes,Graduate,Yes,Medium,9,Coaching,4,89.2,Excellent
12245,Male,15,4.9,70.1,75.0,5,6.9,Yes,Graduate,No,Low,3,Self Study,5,78.3,Good
12246,Male,18,5.4,82.1,66.4,2,7.1,Yes,Graduate,Yes,Medium,8,Self Study,4,79.6,Good
12247,Male,16,0.5,95.8,99.6,13,7.0,No,School,Yes,High,1,Coaching,4,96.5,Excellent
12248,Female,18,2.5,100.0,84.2,14,6.1,Yes,School,No,Medium,5,Coaching,9,73.0,Good
12249,Male,20,3.6,94.8,79.4,6,8.2,Yes,Postgraduate,No,Low,6,Self Study,4,88.4,Excellent
12250,Male,18,5.0,70.2,72.4,12,6.5,Yes,Postgraduate,No,Medium,7,Online,3,92.0,Excellent
12251,Female,19,3.0,86.5,78.2,10,7.1,Yes,School,No,Low,1,Self Study,5,75.5,Good
12252,Female,15,2.5,77.2,78.7,10,4.7,Yes,Postgraduate,Yes,Medium,4,Self Study,6,73.0,Good
12253,Male,19,5.0,84.8,37.4,4,6.8,Yes,Postgraduate,No,High,3,Self Study,3,66.1,Good
12254,Female,18,3.1,74.3,73.5,10,5.8,Yes,School,No,Low,4,Coaching,9,70.1,Good
12255,Female,15,4.7,64.9,65.7,4,5.9,Yes,Postgraduate,No,Medium,7,Self Study,2,81.4,Excellent
12256,Female,16,2.0,78.6,61.0,5,9.7,Yes,Postgraduate,No,High,1,Self Study,2,79.1,Good
12257,Female,20,1.6,89.2,65.3,6,7.3,Yes,Graduate,Yes,Medium,8,Coaching,2,74.8,Good
12258,Female,21,5.0,84.9,46.2,5,8.3,Yes,Postgraduate,No,Low,2,Coaching,4,85.1,Excellent
12259,Male,18,4.2,86.0,42.7,14,7.9,Yes,Graduate,Yes,High,6,Self Study,5,81.6,Excellent
12260,Male,21,5.3,84.2,85.5,2,8.1,Yes,Graduate,No,Low,9,Coaching,3,79.3,Good
12261,Female,16,2.9,86.0,74.5,14,6.8,Yes,Graduate,Yes,Medium,9,Online,6,90.2,Excellent
12262,Female,17,2.5,87.3,34.2,4,8.8,No,Graduate,Yes,Low,10,Self Study,5,,
12263,Male,21,6.0,79.3,59.9,14,7.9,Yes,Graduate,Yes,High,5,Coaching,3,90.7,Excellent
12264,Male,16,1.4,,80.3,6,7.0,Yes,Graduate,No,Medium,5,Self Study,6,81.4,Excellent
12265,Female,19,5.8,99.4,64.1,14,7.3,Yes,Postgraduate,Yes,Medium,10,Self Study,4,100.0,Excellent
12266,Male,16,5.9,83.4,85.4,9,6.8,No,Postgraduate,Yes,High,2,Self Study,3,99.0,Excellent
12267,Female,17,5.2,82.4,82.7,8,7.1,No,School,No,Low,10,Online,3,94.5,Excellent
12268,Male,18,2.7,83.0,49.0,3,7.0,No,Graduate,Yes,High,1,Self Study,5,66.2,Good
12269,Female,17,2.5,79.8,66.0,8,7.4,Yes,School,No,Medium,1,Online,7,58.4,Average
12270,Female,21,3.5,77.6,61.7,9,8.9,Yes,Graduate,Yes,Low,1,Self Study,2,79.9,Good
12271,Female,21,1.7,84.1,48.6,15,5.7,Yes,School,No,Medium,3,Self Study,5,73.5,Good
12272,Female,18,2.3,76.9,47.6,5,8.3,Yes,Postgraduate,No,Low,9,Self Study,5,75.3,Good
12273,Female,18,4.8,80.5,56.7,3,6.6,Yes,Graduate,No,Medium,3,Self Study,7,63.1,Average
12274,Female,15,,74.1,59.0,5,8.4,Yes,Graduate,Yes,Medium,5,Self Study,5,79.3,Good
12275,Female,16,2.1,83.1,72.0,5,6.6,Yes,Graduate,No,Medium,9,Self Study,4,73.6,Good
12276,Male,15,4.9,87.8,82.6,15,7.5,Yes,School,Yes,High,9,Coaching,3,100.0,Excellent
12277,Female,20,4.5,,75.2,4,6.8,Yes,School,No,High,5,Coaching,6,77.5,Good
12278,Male,16,6.2,61.9,78.5,15,5.1,Yes,School,Yes,Medium,4,Online,4,85.6,Excellent
12279,Female,17,4.7,87.9,64.3,3,8.9,Yes,Graduate,No,Medium,5,Self Study,2,88.4,Excellent
12280,Female,20,5.5,83.2,76.4,13,6.0,Yes,Postgraduate,No,Low,6,Coaching,6,88.1,Excellent
12281,Male,19,4.6,72.1,65.9,7,7.1,Yes,School,No,High,4,Self Study,5,73.6,Good
12282,Male,19,5.4,89.7,61.8,2,5.8,No,Graduate,Yes,High,7,Self Study,2,88.7,Excellent
12283,Male,15,1.7,68.0,94.6,10,5.5,Yes,School,No,High,9,Self Study,3,79.9,Good
12284,Female,18,3.6,92.5,35.4,12,6.8,Yes,Graduate,Yes,Medium,1,Online,1,75.1,Good
12285,Male,18,3.7,81.4,41.8,13,6.3,Yes,,No,Medium,9,Self Study,4,69.9,Good
12286,Male,17,3.4,59.3,73.4,4,5.7,Yes,Postgraduate,No,Low,7,Self Study,6,63.8,Average
12287,Female,20,4.5,83.8,64.3,10,7.0,Yes,Postgraduate,No,Medium,1,Self Study,6,85.0,Excellent
12288,Female,21,4.8,77.9,47.9,9,5.4,Yes,Graduate,Yes,Low,8,Self Study,5,73.0,Good
12289,Male,16,4.4,76.4,53.2,8,7.1,Yes,Graduate,No,Medium,5,Self Study,2,76.4,Good
12290,Male,17,3.5,74.6,55.1,14,6.9,No,School,Yes,Medium,1,Coaching,4,78.8,Good
12291,Female,17,2.6,80.7,80.5,7,4.3,Yes,School,No,Medium,1,Coaching,8,76.8,Good
12292,Female,20,5.6,77.1,85.0,7,6.4,Yes,Postgraduate,Yes,Medium,1,Self Study,3,92.6,Excellent
12293,Female,15,4.4,63.4,91.0,9,7.5,Yes,Graduate,No,Low,5,Self Study,6,89.9,Excellent
12294,Male,21,2.2,94.7,45.8,15,5.8,Yes,Graduate,No,Medium,6,Self Study,6,69.8,Good
12295,Male,20,3.5,79.6,48.9,14,7.6,Yes,School,Yes,Medium,3,Self Study,6,72.1,Good
12296,Male,18,1.0,74.7,47.9,11,7.5,Yes,School,No,Low,10,Self Study,6,64.7,Average
12297,Female,19,3.9,70.7,86.0,3,5.9,No,Graduate,Yes,Medium,1,Self Study,6,75.1,Good
12298,Male,21,3.5,89.7,73.8,6,7.0,Yes,Graduate,Yes,Low,10,Self Study,2,95.9,Excellent
12299,Male,20,2.9,69.0,69.1,2,7.9,Yes,Postgraduate,No,Medium,2,Self Study,7,58.6,Average
12300,Female,16,6.3,83.3,71.2,3,6.0,Yes,Graduate,No,Medium,2,Coaching,1,85.1,Excellent
12301,Female,15,2.0,76.2,67.2,13,6.8,Yes,Postgraduate,No,Low,5,Coaching,6,73.8,Good
12302,Female,19,4.9,76.7,52.3,13,8.3,Yes,School,Yes,Medium,8,Self Study,4,79.8,Good
12303,Male,16,7.3,71.0,75.2,3,6.1,Yes,School,Yes,Medium,7,Self Study,3,91.6,Excellent
12304,Male,15,5.5,75.8,65.4,8,7.5,Yes,School,No,High,8,Coaching,2,94.8,Excellent
12305,Male,21,3.7,82.1,51.2,5,5.8,No,School,No,Low,5,Self Study,6,63.0,Average
12306,Male,18,2.0,84.4,76.0,3,6.8,Yes,Postgraduate,No,Medium,9,Online,7,75.2,Good
12307,Female,19,1.6,74.1,62.0,7,7.5,Yes,Postgraduate,No,Low,8,Coaching,5,81.3,Excellent
12308,Male,16,3.1,81.1,71.2,3,4.4,Yes,Graduate,No,Low,1,Coaching,5,69.4,Good
12309,Female,15,2.7,90.9,66.3,12,6.4,Yes,Graduate,Yes,Medium,6,Self Study,7,78.0,Good
12310,Female,15,2.6,65.4,80.5,15,7.5,Yes,Graduate,No,Medium,10,Self Study,4,90.6,Excellent
12311,Female,17,3.3,81.9,71.1,7,7.2,Yes,Graduate,No,Medium,8,Self Study,5,86.4,Excellent
12312,Male,15,3.6,72.5,55.6,5,6.4,Yes,School,Yes,Medium,9,Self Study,4,75.5,Good
12313,Male,17,4.6,71.5,72.5,8,5.8,Yes,Graduate,Yes,High,8,Online,9,75.8,Good
12314,Male,17,1.8,84.6,73.0,15,7.7,Yes,School,No,High,7,Online,4,97.1,Excellent
12315,Male,18,2.7,76.5,75.2,4,6.6,No,Postgraduate,No,Low,4,Online,6,73.8,Good
12316,Male,19,3.5,69.8,82.5,11,7.6,Yes,Graduate,Yes,Low,1,Self Study,2,78.6,Good
12317,Male,17,3.5,95.2,59.4,3,7.4,Yes,Graduate,Yes,Medium,4,Online,3,69.9,Good
12318,Female,18,6.7,91.2,77.4,6,6.5,No,Postgraduate,No,Medium,3,Coaching,3,99.6,Excellent
12319,Male,15,4.2,62.7,43.9,8,8.2,Yes,Graduate,No,Medium,8,Self Study,4,81.2,Excellent
12320,Female,17,1.2,67.3,66.3,7,6.3,Yes,School,No,Medium,4,Online,5,67.4,Good
12321,Male,21,4.5,87.9,64.2,4,8.3,Yes,Graduate,No,High,4,Online,4,87.8,Excellent
12322,Male,21,4.7,79.2,88.3,12,8.5,Yes,Graduate,No,Medium,9,Self Study,3,100.0,Excellent
12323,Male,18,3.6,97.0,65.8,11,8.2,Yes,Graduate,No,High,2,Coaching,7,83.4,Excellent
12324,Male,21,1.9,88.2,76.5,8,6.8,Yes,School,Yes,High,8,Coaching,3,78.8,Good
12325,Male,18,6.6,85.0,43.3,7,9.8,Yes,School,No,Medium,4,Coaching,5,77.6,Good
12326,Female,15,2.1,71.8,63.1,3,7.2,Yes,Graduate,No,Low,10,Self Study,6,73.1,Good
12327,Male,21,,86.9,56.2,11,7.3,Yes,Graduate,No,Medium,10,Self Study,3,94.3,Excellent
12328,Male,17,4.1,69.2,100.0,5,7.0,No,School,No,Medium,5,Online,4,,
12329,Female,19,4.8,95.1,58.7,6,5.8,Yes,Postgraduate,Yes,High,8,Self Study,5,83.9,Excellent
12330,Male,19,6.5,86.2,69.0,14,8.4,No,Graduate,Yes,High,10,Self Study,7,99.6,Excellent
12331,Female,17,4.7,73.8,69.8,10,6.4,Yes,School,No,Low,7,Self Study,4,80.4,Excellent
12332,Male,20,2.9,90.0,45.7,11,8.0,Yes,Graduate,Yes,Low,9,Self Study,10,68.1,Good
12333,Female,18,5.6,100.0,60.6,5,8.3,Yes,Graduate,Yes,High,7,Self Study,5,91.6,Excellent
12334,Male,17,2.8,79.8,73.7,9,7.7,Yes,Graduate,No,Medium,1,Self Study,5,72.2,Good
12335,Male,17,4.1,87.5,69.2,2,6.2,Yes,Graduate,Yes,Medium,7,Online,6,83.8,Excellent
12336,Female,20,1.7,77.7,35.8,5,6.6,Yes,School,Yes,Medium,3,Self Study,2,59.0,Average
12337,Female,16,2.1,82.9,60.1,13,4.1,Yes,Graduate,Yes,Low,6,Online,8,70.9,Good
12338,Male,15,3.9,66.9,82.3,8,6.9,No,Graduate,Yes,Medium,8,Online,2,91.2,Excellent
12339,Female,21,4.4,82.0,76.2,10,7.9,Yes,Graduate,Yes,Low,2,Self Study,6,90.3,Excellent
12340,Male,17,1.1,82.4,85.1,13,6.7,Yes,Graduate,Yes,Medium,7,Self Study,4,89.5,Excellent
12341,Male,19,4.6,100.0,54.2,15,6.4,Yes,Graduate,No,Low,6,Self Study,3,90.5,Excellent
12342,Male,20,2.5,64.0,85.9,3,6.7,Yes,School,No,Medium,3,Online,8,69.0,Good
12343,Female,20,5.8,79.2,67.4,10,8.3,Yes,School,No,Medium,8,Coaching,4,100.0,Excellent
12344,Male,19,3.2,94.9,90.3,15,6.9,Yes,School,No,Low,8,Online,2,99.7,Excellent
12345,Female,19,2.0,79.6,68.0,4,,Yes,,No,High,1,Online,6,71.9,Good
12346,Male,20,3.9,80.3,39.3,14,6.4,Yes,Graduate,No,Low,4,Self Study,3,74.0,Good
12347,Female,21,2.3,73.7,79.9,10,7.2,Yes,Graduate,No,Medium,1,Online,7,62.9,Average
12348,Female,15,5.8,,61.8,6,6.5,No,School,No,Low,7,Coaching,4,80.4,Excellent
12349,Male,20,3.8,63.7,62.7,12,9.3,Yes,Graduate,Yes,High,9,Self Study,2,97.4,Excellent
12350,Male,16,3.6,75.7,47.7,14,7.2,Yes,School,No,Low,10,Online,6,78.4,Good
12351,Male,21,4.7,72.1,90.7,3,9.3,Yes,School,No,Medium,4,Coaching,5,95.6,Excellent
12352,Female,15,,83.2,60.7,11,6.5,Yes,,No,High,3,Self Study,2,83.9,Excellent
12353,Male,16,1.7,74.1,90.1,15,8.7,Yes,School,No,Low,4,Self Study,5,85.6,Excellent
12354,Female,16,4.5,77.2,62.0,11,7.1,Yes,School,No,Medium,1,Coaching,5,82.2,Excellent
12355,Male,19,2.0,77.5,55.0,9,7.9,Yes,Graduate,No,Medium,4,Coaching,5,73.7,Good
12356,Female,15,2.0,81.5,86.5,3,5.7,Yes,School,No,Medium,7,Self Study,5,74.8,Good
12357,Male,15,5.1,76.7,67.0,8,7.4,Yes,Postgraduate,No,Low,1,Self Study,6,76.1,Good
12358,Male,18,4.6,71.4,67.1,14,5.8,Yes,Postgraduate,No,High,8,Self Study,6,74.7,Good
12359,Female,21,1.8,82.9,50.1,13,7.3,Yes,Graduate,Yes,High,9,Coaching,5,89.3,Excellent
12360,Male,18,2.8,92.7,61.6,8,5.3,Yes,School,No,Low,4,Coaching,5,71.0,Good
12361,Female,18,2.4,83.3,74.0,6,6.9,Yes,Graduate,No,High,8,Online,5,77.2,Good
12362,Male,19,6.6,75.9,49.8,13,8.2,Yes,Graduate,Yes,High,5,Self Study,3,89.7,Excellent
12363,Male,18,5.2,80.8,60.5,15,7.6,Yes,Graduate,Yes,Medium,10,Self Study,2,100.0,Excellent
12364,Female,17,3.1,61.5,62.1,6,5.6,Yes,School,No,Medium,6,Self Study,3,70.9,Good
12365,Female,19,4.7,80.6,68.9,13,4.9,Yes,School,Yes,Low,6,Online,5,84.4,Excellent
12366,Female,15,1.6,78.0,88.7,6,7.5,Yes,School,Yes,Medium,9,Self Study,4,95.6,Excellent
12367,Male,16,2.7,72.7,63.8,13,8.7,No,Graduate,Yes,High,3,Self Study,4,84.6,Excellent
12368,Male,19,4.0,74.5,58.3,15,5.9,Yes,Graduate,Yes,Medium,7,Self Study,7,77.2,Good
12369,Male,17,4.5,77.9,100.0,11,9.3,Yes,Postgraduate,No,Medium,9,Self Study,4,96.4,Excellent
12370,Female,15,3.6,91.9,61.9,8,7.0,Yes,School,No,Medium,3,Coaching,5,81.0,Excellent
12371,Male,15,4.2,92.9,65.3,6,1.5,No,Graduate,No,Low,9,Self Study,5,75.4,Good
12372,Male,21,3.9,72.7,63.0,2,5.3,No,School,Yes,Low,3,Coaching,7,65.5,Good
12373,Male,17,3.5,76.8,64.1,2,7.8,Yes,School,No,Low,7,Self Study,7,67.4,Good
12374,Male,15,3.3,77.1,69.1,13,7.1,Yes,Graduate,Yes,Low,4,Self Study,4,83.6,Excellent
12375,Male,20,3.1,90.1,80.9,11,8.6,Yes,School,No,Medium,7,Coaching,6,94.2,Excellent
12376,Male,18,4.2,83.5,73.7,5,5.7,Yes,Postgraduate,Yes,Medium,2,Self Study,8,64.8,Average
12377,Female,18,4.5,82.9,83.1,9,7.1,Yes,Postgraduate,No,Medium,9,Self Study,2,100.0,Excellent
12378,Female,21,4.1,87.4,82.6,14,7.0,Yes,School,No,High,2,Self Study,6,87.5,Excellent
12379,Male,17,1.9,76.0,70.9,11,6.8,No,School,No,Medium,4,Coaching,2,80.5,Excellent
12380,Female,19,2.2,95.6,73.3,14,6.6,Yes,,No,Low,9,Coaching,5,89.2,Excellent
12381,Female,20,4.4,82.0,83.5,3,6.6,Yes,Postgraduate,No,High,1,Self Study,4,85.7,Excellent
12382,Male,19,6.2,73.4,52.4,3,7.2,Yes,School,No,Low,9,Coaching,1,81.3,Excellent
12383,Male,16,4.0,79.7,100.0,11,7.3,Yes,Graduate,No,Medium,5,Self Study,6,87.1,Excellent
12384,Male,19,3.1,94.3,60.8,10,7.3,Yes,School,No,Low,3,Coaching,5,67.2,Good
12385,Male,20,4.2,77.7,63.1,11,8.3,Yes,Graduate,No,High,9,Coaching,3,94.4,Excellent
12386,Female,15,2.0,91.5,51.0,15,5.7,Yes,School,No,Medium,9,Self Study,6,77.3,Good
12387,Female,16,5.9,75.7,51.4,3,5.0,Yes,Postgraduate,No,High,9,Online,6,77.6,Good
12388,Male,19,4.1,74.3,81.6,15,8.1,Yes,Graduate,Yes,High,6,Self Study,1,100.0,Excellent
12389,Female,15,2.7,88.6,99.8,2,6.0,Yes,School,Yes,High,2,Self Study,1,88.7,Excellent
12390,Male,21,3.5,73.3,60.1,9,6.6,Yes,School,No,Medium,8,Self Study,5,75.2,Good
12391,Female,15,3.0,90.2,72.9,13,6.3,Yes,Graduate,No,Medium,8,Coaching,4,83.1,Excellent
12392,Female,21,5.9,85.5,71.1,11,6.3,Yes,Graduate,No,High,9,Self Study,7,90.0,Excellent
12393,Male,19,3.5,73.3,82.0,5,5.4,Yes,Postgraduate,No,Low,8,Self Study,4,87.8,Excellent
12394,Male,18,4.0,81.3,99.1,10,6.4,Yes,Graduate,Yes,High,4,Online,5,100.0,Excellent
12395,Female,16,4.7,76.5,89.3,14,7.7,Yes,Postgraduate,No,Low,5,Online,4,96.3,Excellent
12396,Female,17,2.6,85.5,64.7,4,7.0,Yes,School,No,Medium,7,Coaching,2,85.0,Excellent
12397,Male,20,4.1,100.0,75.4,15,7.6,Yes,Postgraduate,No,Medium,8,Self Study,5,100.0,Excellent
12398,Male,20,4.2,78.3,76.8,11,6.5,Yes,Postgraduate,Yes,High,4,Coaching,2,90.8,Excellent
12399,Male,16,1.3,87.3,67.7,3,8.0,Yes,Graduate,No,Medium,3,Self Study,3,74.3,Good
12400,Female,18,4.2,82.2,52.7,6,6.4,Yes,Postgraduate,Yes,Medium,10,Self Study,3,85.1,Excellent
12401,Female,21,3.7,82.2,56.8,14,4.7,Yes,Graduate,No,Medium,10,Self Study,3,91.7,Excellent
12402,Female,16,4.0,80.3,84.1,6,7.3,Yes,Graduate,No,Medium,3,Online,4,81.5,Excellent
12403,Female,19,3.9,73.4,85.5,15,7.8,Yes,School,No,Low,1,Self Study,4,86.9,Excellent
12404,Female,16,4.2,85.4,65.1,7,6.4,Yes,School,Yes,Medium,7,Self Study,5,78.9,Good
12405,Female,20,5.9,79.1,71.7,6,8.3,No,Graduate,No,Medium,1,Self Study,1,90.9,Excellent
12406,Male,16,1.9,73.0,84.8,13,6.1,Yes,Postgraduate,No,High,2,Coaching,5,90.8,Excellent
12407,Female,17,3.3,92.1,44.1,12,7.7,Yes,Postgraduate,No,High,6,Coaching,4,92.0,Excellent
12408,Male,18,4.9,83.0,61.8,5,8.9,Yes,Graduate,Yes,Low,4,Self Study,4,87.6,Excellent
12409,Male,17,4.6,79.7,96.3,12,7.0,No,Postgraduate,No,Low,1,Coaching,5,86.4,Excellent
12410,Female,16,4.5,95.4,72.2,5,6.8,No,Postgraduate,No,Medium,4,Self Study,5,80.7,Excellent
12411,Female,19,8.2,63.6,52.2,14,6.9,Yes,Graduate,Yes,Medium,7,Self Study,2,100.0,Excellent
12412,Female,15,4.8,94.7,69.6,2,8.8,Yes,School,No,Medium,8,Self Study,4,90.3,Excellent
12413,Male,21,5.6,73.2,82.3,11,7.4,Yes,Graduate,No,High,8,Self Study,3,98.8,Excellent
12414,Female,15,3.3,84.1,32.3,4,9.4,Yes,Graduate,No,Low,3,Online,7,54.0,Average
12415,Male,17,2.2,76.1,70.5,11,7.3,Yes,Postgraduate,No,High,7,Coaching,5,63.7,Average
12416,Male,21,3.3,72.8,62.8,15,6.3,Yes,Graduate,No,Medium,4,Self Study,5,69.3,Good
12417,Male,16,4.9,95.1,45.0,11,6.4,Yes,Postgraduate,No,High,7,Online,2,89.1,Excellent
12418,Female,15,4.5,100.0,69.1,8,7.1,Yes,Postgraduate,No,Medium,1,Coaching,3,88.1,Excellent
12419,Male,20,4.4,79.8,66.1,13,4.8,Yes,Graduate,Yes,High,5,Self Study,5,86.9,Excellent
12420,Female,15,3.5,85.4,67.7,4,6.5,Yes,Postgraduate,Yes,Low,4,Online,5,79.9,Good
12421,Male,21,3.2,82.6,63.1,9,6.5,Yes,Graduate,No,Medium,7,Coaching,5,93.2,Excellent
12422,Male,18,3.5,99.3,53.7,15,7.3,Yes,Graduate,Yes,Low,3,Coaching,2,82.9,Excellent
12423,Female,21,5.0,60.9,47.6,6,9.1,Yes,Graduate,Yes,Medium,3,Self Study,3,63.9,Average
12424,Male,16,5.1,85.8,58.3,2,7.1,No,Postgraduate,No,High,6,Self Study,4,76.4,Good
12425,Female,15,2.2,74.7,80.0,8,4.9,Yes,Postgraduate,Yes,High,7,Online,8,87.2,Excellent
12426,Female,21,5.0,58.4,71.3,8,6.0,Yes,Graduate,Yes,Medium,5,Coaching,1,88.3,Excellent
12427,Male,20,2.8,78.4,67.0,13,,Yes,Graduate,No,Low,9,Coaching,3,93.1,Excellent
12428,Female,21,4.6,100.0,53.4,13,7.1,Yes,Graduate,Yes,High,10,Coaching,1,98.4,Excellent
12429,Female,17,3.5,75.4,62.8,6,8.8,Yes,Postgraduate,No,Medium,7,Online,5,78.3,Good
12430,Female,17,6.3,89.9,78.3,12,8.1,Yes,Postgraduate,Yes,Medium,6,Self Study,6,89.8,Excellent
12431,Female,19,3.1,94.0,75.1,4,8.0,Yes,Postgraduate,No,Medium,6,Self Study,5,82.3,Excellent
12432,Female,18,4.1,81.9,61.3,4,6.8,Yes,Graduate,No,High,1,Self Study,6,71.6,Good
12433,Female,16,4.8,83.2,31.4,10,8.2,Yes,Graduate,No,Medium,5,Self Study,2,82.3,Excellent
12434,Male,17,2.4,64.8,58.6,11,6.0,Yes,School,Yes,Medium,9,Self Study,6,73.9,Good
12435,Female,19,3.7,74.8,61.2,13,8.1,Yes,Graduate,No,Low,7,Self Study,3,95.1,Excellent
12436,Female,15,3.4,91.1,55.3,10,6.7,Yes,Graduate,Yes,Medium,1,Self Study,5,73.2,Good
12437,Female,17,3.0,82.6,62.2,3,5.4,No,Postgraduate,No,Medium,2,Coaching,6,68.7,Good
12438,Female,17,3.1,85.7,79.4,11,7.7,Yes,School,Yes,High,9,Self Study,4,92.7,Excellent
12439,Male,15,5.6,83.3,67.5,8,8.5,Yes,Postgraduate,Yes,Medium,8,Self Study,5,89.0,Excellent
12440,Female,15,2.8,100.0,81.9,5,6.6,Yes,Graduate,Yes,High,5,Self Study,5,88.7,Excellent
12441,Female,18,4.7,77.7,46.9,6,8.7,Yes,School,Yes,Medium,10,Self Study,5,76.7,Good
12442,Male,15,4.3,98.1,63.7,13,5.2,Yes,Graduate,Yes,Medium,1,Coaching,8,88.0,Excellent
12443,Male,17,1.6,83.3,40.9,4,5.7,Yes,Graduate,Yes,Medium,8,Self Study,6,56.8,Average
12444,Female,18,4.6,98.9,62.0,9,6.8,Yes,Graduate,No,High,10,Self Study,3,93.1,Excellent
12445,Male,21,1.5,69.8,53.4,3,6.6,Yes,Graduate,No,Medium,5,Self Study,4,55.7,Average
12446,Female,15,4.8,,85.9,12,6.3,Yes,Graduate,No,Medium,5,Self Study,6,92.7,Excellent
12447,Male,18,3.0,78.1,73.7,4,7.1,No,School,Yes,Medium,3,Coaching,7,62.8,Average
12448,Male,15,3.8,83.4,82.2,15,6.4,Yes,Postgraduate,Yes,Medium,9,Online,5,97.7,Excellent
12449,Female,18,1.7,94.2,62.0,14,6.6,Yes,Postgraduate,No,High,8,Self Study,3,81.8,Excellent
12450,Female,18,4.0,85.8,53.7,13,7.3,Yes,Graduate,Yes,Low,5,Self Study,3,77.1,Good
12451,Female,20,5.3,94.2,53.3,6,6.3,Yes,School,No,Medium,3,Online,5,72.2,Good
12452,Female,18,2.5,75.3,71.7,12,6.9,Yes,Graduate,No,Medium,5,Coaching,6,83.4,Excellent
12453,Female,21,2.8,73.8,93.3,3,6.3,Yes,School,Yes,Low,5,Self Study,7,73.3,Good
12454,Female,15,4.5,82.2,73.8,6,5.7,Yes,Postgraduate,No,High,4,Coaching,1,92.1,Excellent
12455,Female,15,4.6,81.6,62.8,3,7.8,Yes,School,No,Medium,9,Online,6,82.1,Excellent
12456,Female,15,0.5,80.1,65.4,2,8.9,Yes,School,No,High,4,Self Study,8,56.9,Average
12457,Female,17,7.0,72.4,67.6,7,8.2,No,School,No,Medium,2,Coaching,1,79.7,Good
12458,Male,16,4.6,94.0,96.4,10,7.4,Yes,Graduate,Yes,Medium,8,Coaching,4,99.4,Excellent
12459,Male,15,4.9,78.4,85.3,14,6.3,Yes,Graduate,No,Medium,8,Self Study,6,92.6,Excellent
12460,Female,16,3.6,96.3,71.6,2,6.7,Yes,Graduate,Yes,Medium,1,Online,2,81.9,Excellent
12461,Female,21,0.8,82.1,69.5,7,8.2,Yes,Graduate,Yes,Low,7,Online,4,79.0,Good
12462,Female,20,4.9,88.5,72.2,11,4.5,Yes,Postgraduate,No,Low,5,Coaching,6,84.8,Excellent
12463,Male,15,2.9,87.6,74.9,4,6.6,No,Graduate,Yes,Low,7,Self Study,4,84.4,Excellent
12464,Female,21,4.7,73.8,62.2,12,7.8,Yes,School,No,Medium,3,Coaching,4,84.5,Excellent
12465,Male,16,3.4,85.7,56.2,9,5.7,Yes,Graduate,No,Medium,2,Coaching,5,65.8,Good
12466,Female,17,4.2,100.0,82.5,9,7.5,Yes,Graduate,Yes,Medium,6,Self Study,2,85.1,Excellent
12467,Female,17,2.6,84.5,68.3,3,7.4,Yes,Graduate,Yes,Low,1,Self Study,3,66.6,Good
12468,Female,17,5.2,91.0,81.3,4,5.4,No,Graduate,No,Medium,3,Self Study,5,83.8,Excellent
12469,Female,20,1.9,88.9,91.0,14,7.1,Yes,Graduate,Yes,Low,1,Self Study,7,82.8,Excellent
12470,Male,19,7.4,85.1,75.3,14,6.3,No,School,Yes,High,4,Coaching,5,97.8,Excellent
12471,Male,19,7.4,83.9,73.0,8,7.5,Yes,Graduate,No,Medium,10,Online,6,98.9,Excellent
12472,Female,19,6.4,87.5,100.0,10,7.7,Yes,Graduate,Yes,Medium,6,Self Study,5,100.0,Excellent
12473,Female,20,5.8,89.6,70.9,9,7.4,Yes,Graduate,Yes,Low,8,Coaching,7,90.7,Excellent
12474,Male,16,3.7,68.5,52.7,9,7.1,Yes,School,No,Medium,8,Coaching,5,76.9,Good
12475,Male,17,5.7,84.5,64.1,11,7.3,Yes,School,Yes,Medium,2,Self Study,5,92.1,Excellent
12476,Male,15,3.6,80.2,89.7,9,5.7,Yes,Graduate,No,Medium,10,Coaching,6,82.0,Excellent
12477,Male,19,1.3,78.1,49.9,3,7.0,Yes,Graduate,No,Low,2,Self Study,4,67.3,Good
12478,Male,18,6.2,95.0,57.5,3,6.1,Yes,School,Yes,Medium,3,Self Study,3,67.5,Good
12479,Male,19,5.6,74.7,83.5,13,8.1,Yes,Graduate,Yes,Low,7,Self Study,2,96.3,Excellent
12480,Female,18,3.7,68.1,64.2,12,7.8,Yes,Graduate,No,High,5,Online,4,81.0,Excellent
12481,Male,16,1.8,90.0,66.5,4,7.7,Yes,Graduate,No,Medium,3,Online,9,56.4,Average
12482,Male,15,2.9,67.8,83.0,2,8.9,Yes,Graduate,No,Medium,4,Coaching,8,72.8,Good
12483,Male,21,0.9,62.7,58.0,5,6.6,Yes,Graduate,Yes,Medium,5,Coaching,5,63.2,Average
12484,Male,17,5.3,91.1,47.4,10,6.4,Yes,Graduate,No,Medium,7,Coaching,4,89.4,Excellent
12485,Female,15,1.2,83.6,48.6,10,6.6,Yes,Graduate,Yes,Low,8,Self Study,2,,
12486,Male,17,4.3,86.7,76.1,4,5.2,Yes,Graduate,No,Medium,4,Self Study,3,84.0,Excellent
12487,Female,21,2.5,77.6,71.6,4,5.3,Yes,Graduate,No,High,4,Self Study,4,80.5,Excellent
12488,Female,16,1.5,68.2,58.3,4,7.7,Yes,Graduate,Yes,Medium,1,Self Study,4,66.4,Good
12489,Male,21,4.2,70.1,51.8,8,5.5,Yes,School,No,Low,10,Online,4,72.7,Good
12490,Female,18,3.3,79.3,64.2,5,5.8,Yes,Graduate,No,Low,7,Coaching,5,75.6,Good
12491,Female,21,5.1,69.3,83.6,8,6.9,Yes,Postgraduate,No,High,3,Coaching,6,85.4,Excellent
12492,Male,19,1.8,85.1,56.3,2,6.5,Yes,School,No,Low,1,Online,4,53.3,Average
12493,Male,15,2.6,,58.7,15,8.0,Yes,School,Yes,Low,10,Coaching,7,81.2,Excellent
12494,Female,18,0.5,83.9,51.3,14,7.1,Yes,Graduate,No,High,1,Coaching,6,59.0,Average
12495,Female,17,0.5,83.6,62.9,6,6.1,Yes,Graduate,No,High,2,Coaching,7,62.7,Average
12496,Female,16,6.7,85.9,72.7,13,8.1,Yes,Postgraduate,Yes,Medium,9,Self Study,3,93.7,Excellent
12497,Female,18,7.1,87.0,97.6,9,7.8,Yes,School,No,Low,4,Self Study,5,99.5,Excellent
12498,Male,15,3.9,78.6,71.0,2,5.4,Yes,Postgraduate,No,Medium,9,Coaching,6,76.3,Good
12499,Female,19,2.5,83.8,67.2,5,7.3,Yes,Graduate,No,High,6,Self Study,7,77.2,Good
12500,Male,20,3.3,84.4,80.1,2,6.2,Yes,Graduate,Yes,Medium,6,Coaching,6,79.2,Good
12501,Male,15,5.2,57.7,77.7,11,6.2,Yes,Graduate,No,Low,10,Online,6,85.6,Excellent
12502,Female,18,3.0,88.5,59.9,12,9.1,Yes,Graduate,Yes,High,1,Online,4,83.4,Excellent
12503,Female,19,4.2,83.5,100.0,10,7.1,Yes,School,Yes,Medium,4,Self Study,7,86.5,Excellent
12504,Female,15,3.8,87.6,67.7,2,6.8,No,Postgraduate,Yes,Medium,4,Self Study,3,76.6,Good
12505,Male,17,2.9,69.1,,5,7.1,Yes,School,No,High,8,Online,4,76.4,Good
12506,Male,16,3.0,78.8,75.7,8,8.0,Yes,School,No,Medium,4,Online,5,78.5,Good
12507,Female,15,4.3,71.1,72.8,4,6.2,Yes,School,No,High,9,Self Study,3,81.5,Excellent
12508,Female,20,2.2,89.4,89.4,3,6.4,Yes,Postgraduate,Yes,Low,8,Online,4,89.1,Excellent
12509,Female,18,4.5,67.9,59.7,6,7.7,Yes,School,Yes,Medium,10,Online,3,73.8,Good
12510,Female,20,3.0,72.7,79.0,10,5.3,Yes,Graduate,No,Medium,9,Self Study,6,73.4,Good
12511,Male,19,4.0,87.3,70.3,3,8.1,Yes,Graduate,No,Medium,8,Self Study,4,95.5,Excellent
12512,Male,21,6.0,75.7,81.8,15,5.2,Yes,Postgraduate,Yes,Medium,4,Online,6,91.9,Excellent
12513,Male,21,3.5,72.7,65.0,8,6.7,Yes,Postgraduate,Yes,Medium,8,Coaching,8,72.4,Good
12514,Male,19,5.3,91.1,63.1,4,5.2,Yes,Graduate,Yes,Medium,5,Coaching,5,82.3,Excellent
12515,Male,17,0.9,91.5,78.2,2,5.8,Yes,School,No,Medium,4,Online,5,73.7,Good
12516,Female,17,3.0,89.2,73.0,15,8.4,Yes,School,No,Medium,3,Online,5,88.7,Excellent
12517,Male,20,3.8,90.5,56.5,10,8.1,Yes,School,No,Medium,9,Self Study,3,81.8,Excellent
12518,Male,17,6.9,79.7,86.8,14,8.3,No,Graduate,No,Medium,8,Self Study,4,100.0,Excellent
12519,Female,18,0.7,80.0,78.3,12,5.4,Yes,Graduate,Yes,Medium,1,Online,10,62.9,Average
12520,Male,16,3.6,75.5,67.0,15,5.8,Yes,Graduate,Yes,Medium,4,Self Study,5,83.1,Excellent
12521,Male,21,6.1,83.7,61.4,14,7.4,No,Graduate,Yes,Low,6,Self Study,5,88.5,Excellent
12522,Female,19,2.5,76.7,73.1,12,7.8,No,Graduate,No,High,8,Online,5,80.5,Excellent
12523,Male,17,3.5,77.7,77.2,13,6.1,Yes,School,No,High,4,Coaching,4,84.4,Excellent
12524,Female,19,4.3,88.0,45.7,13,6.4,No,Postgraduate,Yes,Medium,8,Self Study,5,79.9,Good
12525,Female,17,4.1,93.8,73.3,5,5.8,Yes,Postgraduate,Yes,Medium,3,Self Study,3,93.9,Excellent
12526,Male,16,6.3,86.0,77.1,10,8.8,Yes,Graduate,Yes,Low,2,Online,3,94.9,Excellent
12527,Female,21,4.5,,35.1,15,6.5,Yes,Graduate,Yes,Medium,1,Self Study,2,98.5,Excellent
12528,Female,21,5.9,74.9,70.7,14,7.0,Yes,Postgraduate,No,Medium,9,Self Study,7,91.1,Excellent
12529,Female,20,3.2,63.6,77.7,3,7.1,No,Postgraduate,Yes,Medium,7,Online,6,67.2,Good
12530,Female,17,2.6,89.1,76.1,3,8.2,Yes,Graduate,Yes,Low,9,Coaching,3,89.0,Excellent
12531,Female,16,3.4,74.3,79.2,4,6.0,Yes,School,No,Low,6,Self Study,2,85.2,Excellent
12532,Female,15,1.9,79.3,63.4,12,8.3,Yes,Postgraduate,Yes,High,6,Coaching,6,84.9,Excellent
12533,Female,20,4.6,64.3,53.4,7,5.6,Yes,Graduate,Yes,Medium,3,Self Study,5,70.6,Good
12534,Male,17,3.2,73.0,42.8,10,8.3,Yes,Graduate,No,High,1,Self Study,8,60.7,Average
12535,Female,21,2.7,67.0,83.3,3,5.1,Yes,,Yes,Medium,8,Online,8,69.5,Good
12536,Female,21,4.6,77.7,77.8,2,6.9,Yes,,No,High,2,Self Study,6,66.7,Good
12537,Female,15,2.0,78.1,84.4,12,8.8,Yes,Graduate,No,Low,9,Coaching,4,95.7,Excellent
12538,Male,21,5.0,82.9,57.8,6,7.8,No,Graduate,Yes,Low,1,Self Study,4,72.5,Good
12539,Male,15,3.0,94.4,79.3,2,7.5,No,Graduate,No,Medium,10,Self Study,5,90.7,Excellent
12540,Male,18,5.7,88.8,47.0,5,5.8,Yes,Graduate,Yes,Medium,5,Self Study,5,73.6,Good
12541,Male,18,3.2,65.8,55.8,6,6.2,Yes,Graduate,No,Low,3,Self Study,4,65.1,Good
12542,Male,21,4.8,88.1,69.8,7,8.5,Yes,Graduate,Yes,Medium,3,Coaching,2,99.0,Excellent
12543,Male,19,4.1,83.1,77.3,14,7.5,Yes,Graduate,No,Low,7,Coaching,8,94.2,Excellent
12544,Male,21,5.0,81.0,91.5,4,8.0,Yes,Postgraduate,Yes,Low,9,Coaching,4,100.0,Excellent
12545,Female,19,4.0,,64.6,10,7.1,Yes,Graduate,No,High,5,Self Study,5,72.8,Good
12546,Male,20,1.1,84.0,55.9,5,6.7,Yes,Graduate,No,Medium,5,Self Study,4,60.0,Average
12547,Female,20,5.4,75.1,55.2,8,7.8,Yes,School,Yes,Medium,9,Self Study,6,84.5,Excellent
12548,Male,21,3.7,80.2,58.4,6,7.3,Yes,Graduate,No,Low,5,Coaching,6,69.2,Good
12549,Male,17,5.1,93.8,99.1,6,6.8,Yes,School,No,High,4,Online,4,98.9,Excellent
12550,Male,17,4.9,75.0,78.6,10,5.4,Yes,Graduate,No,High,10,Coaching,5,95.7,Excellent
12551,Female,21,2.6,71.7,83.6,10,8.0,Yes,Graduate,Yes,Medium,9,Self Study,5,89.2,Excellent
12552,Male,20,2.3,81.4,64.7,3,7.5,Yes,Graduate,No,Medium,6,Coaching,5,68.3,Good
12553,Female,21,4.8,70.7,68.0,4,6.3,Yes,School,No,Medium,1,Self Study,5,76.5,Good
12554,Female,19,3.3,64.8,77.8,5,8.3,Yes,Graduate,No,Low,4,Self Study,5,72.0,Good
12555,Male,21,5.3,78.6,60.9,14,7.3,Yes,School,No,Medium,10,Self Study,4,94.0,Excellent
12556,Female,20,3.5,96.5,63.9,6,7.3,Yes,Graduate,No,Low,10,Self Study,3,85.0,Excellent
12557,Male,20,5.4,81.6,58.6,10,8.0,Yes,School,Yes,Low,7,Self Study,4,95.1,Excellent
12558,Male,16,4.5,83.8,61.7,8,7.7,Yes,Postgraduate,Yes,Medium,5,Self Study,6,89.7,Excellent
12559,Male,18,4.3,60.7,68.7,6,7.3,Yes,Graduate,No,Medium,9,Coaching,6,,
12560,Male,20,3.2,86.4,56.5,2,6.8,No,Postgraduate,No,Medium,6,Self Study,7,76.9,Good
12561,Female,20,4.2,82.9,72.0,8,9.2,Yes,Postgraduate,No,Medium,1,Self Study,7,79.1,Good
12562,Female,21,5.7,75.4,72.0,15,6.2,Yes,Postgraduate,No,Medium,4,Self Study,6,86.1,Excellent
12563,Female,17,3.7,83.8,65.5,15,7.8,Yes,Postgraduate,Yes,High,4,Self Study,5,82.6,Excellent
12564,Male,17,4.6,83.7,56.4,6,6.9,Yes,School,Yes,Medium,7,Self Study,5,79.2,Good
12565,Female,21,3.9,71.4,69.5,9,7.5,Yes,Graduate,No,Medium,3,Self Study,4,79.9,Good
12566,Male,21,4.0,85.3,60.9,6,8.4,Yes,Graduate,Yes,Medium,8,Self Study,6,80.9,Excellent
12567,Male,16,6.6,94.0,68.7,14,6.7,Yes,Graduate,Yes,High,3,Coaching,6,92.2,Excellent
12568,Male,17,5.7,79.7,83.4,9,7.7,Yes,Graduate,Yes,Medium,7,Self Study,6,95.9,Excellent
12569,Female,21,3.9,73.3,50.5,14,7.3,Yes,Graduate,Yes,Low,4,Coaching,6,72.8,Good
12570,Female,16,4.1,80.2,98.4,13,6.3,Yes,School,Yes,Low,3,Self Study,4,89.0,Excellent
12571,Male,20,2.7,,67.0,6,8.4,Yes,,No,Medium,8,Coaching,4,84.2,Excellent
12572,Female,15,3.5,69.7,73.8,8,7.8,Yes,Graduate,No,Medium,10,Self Study,4,86.0,Excellent
12573,Female,16,4.3,87.8,57.5,9,6.5,Yes,Graduate,Yes,Low,8,Online,3,77.5,Good
12574,Female,20,5.2,75.2,84.0,5,,Yes,Postgraduate,No,Medium,6,Self Study,5,86.3,Excellent
12575,Female,19,5.0,84.4,66.2,13,6.1,Yes,Graduate,No,Medium,10,Online,1,100.0,Excellent
12576,Female,18,2.0,76.4,62.5,9,7.0,Yes,School,No,Medium,9,Self Study,4,75.6,Good
12577,Female,20,5.4,76.3,59.9,4,6.5,Yes,School,No,Medium,10,Coaching,4,73.1,Good
12578,Female,17,3.7,97.2,64.2,8,7.8,Yes,Graduate,Yes,Medium,1,Self Study,9,76.6,Good
12579,Male,18,2.2,67.9,73.9,13,6.5,Yes,Graduate,Yes,Medium,9,Self Study,5,82.2,Excellent
12580,Female,19,5.9,86.9,70.4,7,7.8,Yes,Graduate,No,Medium,6,Self Study,4,85.5,Excellent
12581,Male,20,6.1,99.3,67.4,11,7.7,Yes,Graduate,No,High,7,Self Study,3,97.5,Excellent
12582,Female,17,4.2,88.9,58.0,15,6.6,No,Postgraduate,No,Medium,10,Self Study,8,84.7,Excellent
12583,Male,19,4.9,68.7,57.2,6,9.0,Yes,Graduate,No,Medium,6,Coaching,3,71.6,Good
12584,Male,18,5.0,69.2,61.5,15,6.2,Yes,School,No,Medium,7,Self Study,8,80.0,Good
12585,Male,18,6.0,74.5,74.4,7,5.5,Yes,Graduate,No,High,10,Coaching,3,100.0,Excellent
12586,Male,21,5.0,83.6,77.3,9,7.9,Yes,School,No,Medium,2,Self Study,6,87.7,Excellent
12587,Male,17,1.7,84.3,79.2,12,4.6,Yes,School,Yes,Medium,8,Coaching,6,87.2,Excellent
12588,Male,19,7.0,69.3,68.0,2,8.6,Yes,Graduate,Yes,Low,8,Coaching,3,87.3,Excellent
12589,Male,21,5.5,73.3,73.4,11,7.1,Yes,Graduate,No,Medium,2,Self Study,6,88.8,Excellent
12590,Male,20,3.0,73.9,65.6,9,5.4,Yes,School,Yes,Medium,1,Coaching,7,68.8,Good
12591,Female,21,2.2,80.2,43.6,11,6.0,Yes,Graduate,No,Low,7,Self Study,5,62.2,Average
12592,Female,19,4.6,100.0,65.0,15,5.2,Yes,Graduate,No,Medium,4,Self Study,5,90.1,Excellent
12593,Female,16,3.4,72.7,62.7,8,7.4,Yes,School,Yes,High,4,Coaching,4,81.3,Excellent
12594,Male,21,4.3,72.2,53.5,14,5.5,No,Graduate,No,Low,3,Coaching,5,81.7,Excellent
12595,Male,19,5.0,70.7,60.1,9,7.6,Yes,School,No,Medium,6,Self Study,2,90.4,Excellent
12596,Female,16,2.9,88.4,69.9,5,6.7,Yes,Graduate,No,High,3,Self Study,1,80.0,Good
12597,Male,17,2.0,81.6,52.1,11,6.5,Yes,Graduate,Yes,High,1,Coaching,2,78.1,Good
12598,Male,16,4.4,73.0,58.0,4,7.6,Yes,Graduate,Yes,Medium,1,Self Study,4,74.2,Good
12599,Female,20,2.9,78.4,89.7,14,7.7,Yes,Graduate,No,Low,3,Online,3,92.1,Excellent
12600,Female,15,4.0,74.1,45.6,4,8.3,Yes,Graduate,No,Medium,7,Online,4,72.1,Good
12601,Male,20,1.7,85.0,65.4,8,6.3,Yes,School,No,Medium,6,Self Study,4,83.1,Excellent
12602,Female,18,3.4,100.0,51.7,13,7.0,Yes,Graduate,Yes,Medium,8,Self Study,4,82.6,Excellent
12603,Male,15,4.9,87.5,57.5,2,6.3,Yes,Graduate,Yes,Medium,6,Coaching,3,91.7,Excellent
12604,Female,19,4.8,81.1,65.2,8,7.2,Yes,School,No,Medium,3,Coaching,6,70.6,Good
12605,Male,20,2.5,75.4,54.2,9,6.1,No,Graduate,No,Medium,10,Self Study,6,69.0,Good
12606,Male,20,1.9,68.6,76.0,6,,Yes,School,No,High,6,Online,8,73.6,Good
12607,Female,18,3.8,89.3,86.9,11,6.5,Yes,Graduate,No,Medium,7,Coaching,5,88.8,Excellent
12608,Male,17,4.7,88.8,79.8,6,7.3,Yes,Graduate,Yes,Medium,5,Self Study,1,91.3,Excellent
12609,Female,16,4.4,77.3,82.3,7,7.0,No,,Yes,Low,5,Self Study,3,90.8,Excellent
12610,Male,15,3.0,94.1,48.7,5,7.6,Yes,Postgraduate,Yes,High,10,Coaching,5,73.4,Good
12611,Female,17,4.3,82.2,64.6,10,6.9,Yes,Graduate,Yes,Medium,4,Coaching,5,89.7,Excellent
12612,Female,19,6.2,89.7,74.5,14,6.4,Yes,Postgraduate,Yes,Medium,9,Self Study,3,100.0,Excellent
12613,Male,15,4.1,85.0,80.2,4,7.2,Yes,Graduate,No,Low,1,Self Study,3,89.4,Excellent
12614,Female,21,1.2,80.2,92.5,7,6.0,Yes,Graduate,Yes,Medium,10,Self Study,4,88.6,Excellent
12615,Male,19,4.1,72.5,83.0,5,7.6,Yes,Graduate,No,Low,8,Self Study,4,,
12616,Male,17,7.1,,80.6,5,6.7,Yes,Postgraduate,No,Medium,9,Coaching,4,99.1,Excellent
12617,Male,21,1.7,90.4,100.0,15,7.2,Yes,Graduate,Yes,Low,4,Self Study,3,96.2,Excellent
12618,Female,16,3.8,76.9,69.3,11,7.2,Yes,Postgraduate,No,Medium,7,Coaching,5,88.3,Excellent
12619,Female,21,3.4,86.4,64.0,15,8.8,Yes,Graduate,Yes,Medium,8,Self Study,5,87.5,Excellent
12620,Female,16,4.0,71.2,70.5,10,7.4,Yes,Postgraduate,Yes,Medium,1,Coaching,4,92.0,Excellent
12621,Female,17,4.1,89.8,55.2,11,7.1,Yes,Graduate,Yes,High,7,Online,3,88.1,Excellent
12622,Female,17,5.6,85.1,68.9,12,6.2,Yes,School,Yes,Medium,9,Self Study,6,97.6,Excellent
12623,Male,21,,70.0,43.8,11,7.9,Yes,School,No,Low,9,Online,7,70.1,Good
12624,Female,16,5.8,79.8,60.6,13,6.7,Yes,Graduate,No,Low,8,Coaching,3,92.9,Excellent
12625,Female,21,3.6,91.3,66.4,6,5.3,Yes,School,No,Low,9,Online,4,83.0,Excellent
12626,Male,17,3.2,69.4,81.3,3,6.8,No,School,No,Medium,3,Self Study,6,72.2,Good
12627,Female,16,2.7,71.3,83.6,8,7.2,Yes,Graduate,No,Low,7,Online,3,84.3,Excellent
12628,Male,19,0.9,81.3,54.5,2,6.1,Yes,Graduate,No,Medium,3,Self Study,3,65.1,Good
12629,Male,19,4.2,100.0,97.1,2,6.9,Yes,School,No,Medium,9,Self Study,3,100.0,Excellent
12630,Male,17,7.1,75.3,70.1,2,6.9,Yes,Graduate,No,High,6,Online,4,99.6,Excellent
12631,Male,15,4.5,87.0,71.4,3,6.9,No,Graduate,Yes,Low,9,Online,3,86.9,Excellent
12632,Male,17,4.9,84.6,45.4,11,8.4,No,Graduate,No,High,3,Self Study,4,75.3,Good
12633,Female,18,3.1,76.1,59.3,10,5.6,Yes,Graduate,No,High,4,Self Study,2,75.7,Good
12634,Female,15,3.4,83.6,82.7,15,9.2,No,School,Yes,Medium,10,Online,5,100.0,Excellent
12635,Female,15,5.4,77.5,70.4,6,7.0,No,Postgraduate,No,Medium,10,Self Study,7,74.7,Good
12636,Male,21,7.0,78.4,69.5,6,7.6,Yes,Postgraduate,No,Medium,2,Self Study,2,85.8,Excellent
12637,Male,15,,65.4,71.2,8,7.1,Yes,Graduate,No,Low,4,Self Study,5,82.2,Excellent
12638,Male,17,5.1,81.8,47.8,12,5.1,Yes,School,Yes,High,2,Self Study,4,73.2,Good
12639,Female,20,3.9,91.0,66.6,15,5.8,Yes,Graduate,Yes,High,7,Self Study,5,95.0,Excellent
12640,Male,17,4.1,82.6,87.7,12,6.4,Yes,Postgraduate,Yes,Medium,1,Coaching,4,97.0,Excellent
12641,Female,18,2.6,92.9,83.2,9,8.1,Yes,Postgraduate,No,Low,1,Self Study,4,81.1,Excellent
12642,Female,15,1.5,87.8,66.2,15,5.5,Yes,Postgraduate,No,Low,6,Coaching,4,89.8,Excellent
12643,Female,20,2.0,81.4,89.9,4,6.1,No,Postgraduate,No,Medium,9,Self Study,3,80.2,Excellent
12644,Female,19,3.9,75.7,50.4,8,7.2,Yes,Graduate,No,High,8,Coaching,6,73.9,Good
12645,Male,20,3.3,77.1,54.4,5,7.5,Yes,School,Yes,Low,7,Self Study,2,83.3,Excellent
12646,Female,21,1.4,67.3,94.1,4,7.5,Yes,School,Yes,Medium,6,Coaching,5,71.9,Good
12647,Female,17,3.7,79.3,76.1,7,5.9,Yes,School,No,High,2,Online,5,80.2,Excellent
12648,Female,15,3.3,83.5,64.0,12,5.2,Yes,School,Yes,Medium,3,Coaching,5,85.8,Excellent
12649,Female,17,1.9,99.2,67.2,6,7.6,Yes,School,No,Medium,7,Self Study,6,61.2,Average
12650,Female,16,3.2,87.3,56.7,13,8.6,No,Graduate,No,Medium,10,Online,4,85.3,Excellent
12651,Female,18,3.3,73.4,71.9,10,6.6,Yes,Postgraduate,No,Low,1,Self Study,6,78.3,Good
12652,Male,16,2.8,67.6,70.8,11,5.7,Yes,School,No,Medium,4,Self Study,9,64.5,Average
12653,Female,21,5.3,79.9,68.3,5,6.5,Yes,Postgraduate,Yes,Low,2,Online,4,81.8,Excellent
12654,Female,19,0.8,90.1,51.8,14,7.4,Yes,Postgraduate,No,Medium,2,Self Study,2,76.4,Good
12655,Male,16,0.6,79.8,71.7,4,6.7,Yes,School,No,Medium,4,Self Study,5,66.9,Good
12656,Female,21,3.8,87.4,60.6,7,8.5,Yes,School,Yes,High,2,Online,4,75.7,Good
12657,Male,20,4.0,80.2,54.2,12,8.0,Yes,Graduate,No,Medium,3,Self Study,5,81.6,Excellent
12658,Female,18,4.4,89.2,85.7,11,7.2,No,Postgraduate,No,High,5,Coaching,1,100.0,Excellent
12659,Male,16,2.9,66.0,98.4,6,4.9,Yes,Graduate,Yes,Medium,8,Coaching,6,79.3,Good
12660,Male,17,2.3,98.0,95.2,5,6.2,Yes,School,Yes,Medium,6,Self Study,4,85.3,Excellent
12661,Female,19,3.8,70.9,77.1,8,6.4,Yes,Graduate,Yes,Medium,6,Self Study,6,72.8,Good
12662,Male,20,3.1,89.9,64.3,8,6.2,Yes,Postgraduate,Yes,Medium,7,Self Study,4,84.6,Excellent
12663,Male,16,6.3,79.3,67.0,2,7.2,Yes,School,Yes,Medium,3,Online,5,82.9,Excellent
12664,Male,20,3.3,,73.7,5,7.2,Yes,Graduate,Yes,Medium,1,Coaching,2,83.6,Excellent
12665,Male,16,3.7,79.6,62.1,4,5.2,Yes,Graduate,Yes,Medium,1,Self Study,5,71.8,Good
12666,Female,16,7.8,84.6,86.5,4,7.9,Yes,School,No,Low,9,Coaching,2,100.0,Excellent
12667,Female,18,3.5,86.6,39.5,6,7.0,Yes,Postgraduate,Yes,Low,9,Self Study,4,78.2,Good
12668,Male,16,4.7,92.6,63.9,2,7.4,Yes,School,No,Low,4,Coaching,9,69.1,Good
12669,Female,17,4.8,96.1,79.2,11,7.8,Yes,Postgraduate,Yes,Low,8,Self Study,3,,
12670,Male,17,5.0,85.3,56.2,11,6.2,Yes,Graduate,No,Medium,3,Self Study,4,73.9,Good
12671,Female,16,4.3,99.1,64.6,5,8.4,Yes,School,Yes,Medium,4,Self Study,2,78.8,Good
12672,Male,20,4.1,82.9,76.3,14,6.8,Yes,Graduate,Yes,Medium,7,Coaching,4,95.7,Excellent
12673,Male,17,4.0,92.8,89.3,10,8.7,No,School,No,Low,10,Self Study,4,99.8,Excellent
12674,Male,19,2.9,86.3,49.9,6,6.0,No,School,No,Medium,7,Self Study,4,67.5,Good
12675,Female,20,4.3,76.5,48.8,4,8.6,Yes,School,No,Low,10,Online,7,74.2,Good
12676,Male,19,7.0,83.8,54.8,8,6.0,Yes,Postgraduate,No,Low,10,Self Study,6,88.5,Excellent
12677,Male,16,5.7,87.0,46.5,15,9.8,Yes,Postgraduate,No,High,1,Self Study,2,80.8,Excellent
12678,Female,20,4.3,81.7,47.5,2,6.0,Yes,School,Yes,Medium,5,Self Study,6,78.0,Good
12679,Female,16,5.2,86.1,54.4,2,8.2,Yes,Graduate,No,Low,5,Coaching,3,73.5,Good
12680,Male,16,2.4,90.7,85.3,7,6.6,Yes,Postgraduate,No,Low,2,Self Study,3,77.9,Good
12681,Female,21,3.4,81.8,63.6,14,7.8,No,Graduate,No,Medium,3,Online,3,89.9,Excellent
12682,Female,17,5.3,52.6,68.4,5,7.0,Yes,School,No,Medium,10,Self Study,2,84.3,Excellent
12683,Male,19,6.2,98.8,54.6,12,5.8,Yes,Graduate,Yes,Low,2,Online,6,78.4,Good
12684,Female,15,2.6,79.0,76.9,10,4.0,No,Graduate,No,Medium,5,Self Study,4,74.8,Good
12685,Male,19,3.0,73.8,94.3,4,9.8,Yes,Graduate,No,Medium,5,Online,6,80.8,Excellent
12686,Female,21,7.3,70.8,55.6,14,7.1,No,Graduate,Yes,Medium,7,Self Study,4,86.7,Excellent
12687,Male,19,4.0,78.6,92.1,4,4.0,Yes,Graduate,No,Medium,6,Self Study,5,87.9,Excellent
12688,Female,19,6.7,76.4,73.1,9,7.3,Yes,Graduate,Yes,High,1,Online,3,91.2,Excellent
12689,Male,20,4.1,74.6,68.2,11,7.8,Yes,Graduate,Yes,Low,5,Self Study,7,72.3,Good
12690,Male,17,4.2,75.2,73.6,11,6.2,Yes,Graduate,No,Low,4,Coaching,5,78.1,Good
12691,Female,17,3.3,87.3,73.5,13,6.2,Yes,Graduate,Yes,Low,2,Coaching,4,83.4,Excellent
12692,Male,15,5.3,100.0,94.0,11,7.0,Yes,Graduate,No,Low,10,Self Study,6,98.0,Excellent
12693,Female,19,6.0,90.2,75.3,11,8.3,Yes,School,Yes,Medium,6,Self Study,5,93.3,Excellent
12694,Female,20,2.1,93.2,75.6,4,7.1,Yes,Graduate,Yes,Low,10,Online,3,87.7,Excellent
12695,Female,20,3.2,78.2,62.1,6,8.6,Yes,Graduate,No,High,10,Coaching,4,83.8,Excellent
12696,Male,20,5.3,83.0,79.7,6,8.2,No,Graduate,No,High,10,Online,1,97.9,Excellent
12697,Female,15,3.6,86.3,54.6,7,6.7,Yes,Graduate,No,Medium,3,Coaching,5,70.5,Good
12698,Male,19,3.0,75.4,69.5,3,5.3,Yes,Graduate,No,Medium,9,Coaching,6,83.1,Excellent
12699,Male,20,5.4,77.7,100.0,3,6.8,Yes,Graduate,No,Medium,1,Coaching,5,100.0,Excellent
12700,Female,16,5.6,90.5,32.9,8,7.6,Yes,Graduate,Yes,Medium,6,Self Study,2,82.0,Excellent
12701,Female,18,3.1,92.9,71.3,12,7.1,Yes,Graduate,No,Medium,9,Online,4,95.5,Excellent
12702,Female,21,4.1,82.7,71.8,14,7.7,No,Graduate,Yes,Low,6,Online,5,82.1,Excellent
12703,Male,17,1.9,70.0,64.8,15,7.9,Yes,Graduate,No,High,3,Coaching,7,72.3,Good
12704,Female,20,2.4,79.0,65.1,8,7.6,Yes,Postgraduate,No,Medium,1,Online,5,75.9,Good
12705,Female,18,4.0,67.6,69.3,14,6.7,No,Graduate,Yes,Medium,5,Self Study,4,70.2,Good
12706,Male,19,3.9,82.8,64.5,8,7.6,Yes,School,No,Medium,8,Self Study,6,83.6,Excellent
12707,Female,19,2.3,84.6,71.1,8,9.5,Yes,Postgraduate,No,Low,10,Self Study,5,81.8,Excellent
12708,Male,19,2.7,79.3,61.2,4,5.4,No,Graduate,Yes,High,8,Coaching,6,67.5,Good
12709,Male,20,2.1,84.4,96.3,10,7.5,Yes,Graduate,No,Medium,5,Self Study,6,88.9,Excellent
12710,Female,21,4.5,86.2,64.5,6,,Yes,Postgraduate,No,High,8,Self Study,4,98.9,Excellent
12711,Female,17,0.7,84.6,76.0,8,5.7,Yes,School,Yes,High,8,Coaching,4,78.7,Good
12712,Male,21,2.2,70.0,58.6,15,8.1,Yes,School,No,Medium,4,Self Study,5,74.3,Good
12713,Male,19,0.8,79.5,81.1,9,8.2,Yes,School,No,High,3,Self Study,7,74.9,Good
12714,Male,19,4.5,86.1,78.3,6,5.4,Yes,Postgraduate,Yes,High,3,Self Study,8,82.2,Excellent
12715,Female,17,,97.8,73.9,11,7.8,Yes,Graduate,Yes,Low,8,Self Study,3,80.1,Excellent
12716,Male,17,3.9,79.3,53.6,12,6.7,Yes,Postgraduate,No,Medium,9,Self Study,7,80.4,Excellent
12717,Male,19,6.4,87.5,57.5,10,6.9,Yes,School,No,Medium,2,Self Study,3,86.0,Excellent
12718,Female,17,6.5,90.8,91.6,2,6.6,Yes,School,No,Medium,10,Self Study,4,,
12719,Male,17,0.9,80.0,57.3,5,8.4,Yes,School,No,Medium,1,Self Study,8,60.0,Average
12720,Female,20,4.3,,77.0,3,6.9,Yes,Postgraduate,No,Medium,5,Online,4,79.7,Good
12721,Male,17,2.2,94.0,54.8,15,6.5,Yes,School,No,High,5,Self Study,5,78.4,Good
12722,Female,19,1.9,95.8,82.1,6,6.5,Yes,Postgraduate,Yes,Medium,1,Self Study,4,89.1,Excellent
12723,Male,15,3.6,86.6,58.4,8,6.6,Yes,Graduate,No,Medium,8,Coaching,5,80.1,Excellent
12724,Male,15,5.8,100.0,54.5,14,5.8,Yes,Postgraduate,Yes,Medium,10,Self Study,5,89.6,Excellent
12725,Male,20,4.8,75.8,58.0,15,6.5,Yes,Graduate,No,High,3,Self Study,3,89.1,Excellent
12726,Female,15,2.7,100.0,60.2,5,7.1,Yes,Graduate,Yes,Medium,7,Coaching,7,84.9,Excellent
12727,Female,20,4.9,89.7,73.7,14,7.4,Yes,School,Yes,Medium,10,Self Study,3,93.4,Excellent
12728,Male,21,0.5,95.4,69.0,12,8.3,Yes,Graduate,No,Medium,7,Online,6,66.5,Good
12729,Male,18,2.6,78.8,52.7,10,7.3,Yes,Graduate,Yes,Medium,5,Self Study,5,79.2,Good
12730,Female,21,2.5,90.4,67.6,4,6.5,Yes,School,Yes,Low,10,Coaching,7,79.5,Good
12731,Male,17,3.9,96.3,52.0,11,5.9,Yes,Postgraduate,No,High,5,Online,3,88.5,Excellent
12732,Male,21,3.5,71.1,77.0,10,7.3,Yes,School,No,Low,7,Online,6,69.6,Good
12733,Female,16,3.6,80.4,79.6,8,6.9,Yes,School,Yes,Low,8,Self Study,9,79.8,Good
12734,Male,17,3.5,60.6,67.7,10,6.9,Yes,Graduate,Yes,High,7,Coaching,2,93.4,Excellent
12735,Male,17,3.8,,71.8,4,7.3,Yes,Graduate,No,Medium,4,Self Study,3,92.8,Excellent
12736,Male,20,4.7,73.8,92.5,10,7.6,Yes,School,No,Medium,8,Self Study,8,87.0,Excellent
12737,Male,15,4.0,79.8,65.8,4,7.3,Yes,Postgraduate,Yes,Medium,4,Coaching,4,82.7,Excellent
12738,Female,20,3.3,100.0,54.8,6,6.8,No,School,Yes,Low,5,Self Study,5,59.3,Average
12739,Female,15,4.4,99.2,76.1,8,6.1,Yes,Graduate,No,Low,6,Self Study,4,93.8,Excellent
12740,Female,17,5.1,67.6,52.1,4,6.3,Yes,School,Yes,High,3,Coaching,7,73.6,Good
12741,Male,19,2.9,87.6,65.1,14,7.9,Yes,School,No,Low,8,Self Study,2,89.5,Excellent
12742,Female,16,3.7,90.0,59.6,14,6.5,Yes,Graduate,Yes,Low,3,Coaching,7,84.3,Excellent
12743,Male,18,5.7,78.6,58.2,8,5.5,Yes,Postgraduate,No,Medium,2,Self Study,2,78.9,Good
12744,Female,21,,83.8,64.5,9,8.3,Yes,Graduate,No,High,8,Coaching,2,87.1,Excellent
12745,Male,20,6.7,84.8,80.6,6,6.0,No,School,Yes,Medium,9,Self Study,2,97.0,Excellent
12746,Female,15,1.7,68.5,83.5,4,7.0,Yes,School,No,Low,3,Coaching,5,75.8,Good
12747,Male,19,3.2,71.7,81.0,15,7.5,Yes,Postgraduate,Yes,Medium,6,Self Study,3,99.8,Excellent
12748,Male,19,2.3,83.7,72.7,7,7.0,Yes,School,No,High,10,Coaching,4,87.5,Excellent
12749,Male,15,7.3,83.0,64.4,15,4.3,Yes,Graduate,No,Medium,4,Coaching,3,97.4,Excellent
12750,Male,19,3.0,74.9,35.0,2,7.4,Yes,School,Yes,High,5,Self Study,3,66.9,Good
12751,Male,18,3.0,74.1,73.1,3,8.5,Yes,School,No,Medium,7,Coaching,3,79.6,Good
12752,Female,19,3.2,81.1,36.1,8,7.9,Yes,School,No,Medium,7,Online,5,75.6,Good
12753,Female,17,4.0,90.9,41.1,12,4.7,Yes,School,No,High,2,Self Study,4,69.0,Good
12754,Male,16,3.3,81.2,65.7,7,9.3,No,Graduate,Yes,Medium,1,Coaching,1,86.1,Excellent
12755,Female,20,3.6,98.2,71.7,13,5.5,Yes,Graduate,No,Medium,4,Self Study,5,82.2,Excellent
12756,Female,20,0.5,75.0,61.7,3,5.8,No,Postgraduate,Yes,Low,5,Coaching,7,63.8,Average
12757,Female,16,3.9,83.9,89.5,13,7.9,Yes,School,No,Medium,7,Online,4,96.1,Excellent
12758,Female,16,3.8,78.5,74.5,8,7.5,No,Graduate,Yes,Low,4,Coaching,2,97.2,Excellent
12759,Female,19,5.5,87.9,64.5,5,7.1,Yes,Graduate,No,Medium,2,Self Study,5,79.4,Good
12760,Female,20,5.9,74.2,87.4,10,6.4,Yes,School,No,Medium,8,Self Study,2,100.0,Excellent
12761,Female,16,3.5,,89.9,12,8.5,Yes,School,Yes,Medium,5,Self Study,4,93.4,Excellent
12762,Female,16,5.1,65.1,75.2,14,7.0,Yes,School,No,Medium,1,Self Study,4,81.6,Excellent
12763,Male,20,2.0,99.2,57.1,3,5.3,Yes,School,No,High,6,Coaching,7,68.0,Good
12764,Male,19,5.0,82.9,60.3,11,8.4,Yes,Graduate,Yes,Low,5,Coaching,5,87.7,Excellent
12765,Male,21,2.9,87.5,47.7,6,7.2,No,School,No,Medium,6,Coaching,5,65.1,Good
12766,Female,20,1.9,95.3,67.4,9,8.2,Yes,Graduate,No,Medium,9,Self Study,6,78.5,Good
12767,Male,21,3.5,90.6,53.3,8,7.6,Yes,Graduate,Yes,Medium,2,Coaching,3,80.0,Good
12768,Female,16,6.0,74.7,,12,9.6,Yes,Graduate,No,Medium,7,Self Study,6,92.0,Excellent
12769,Female,16,4.1,88.0,71.6,7,6.7,Yes,School,No,Medium,2,Self Study,1,84.3,Excellent
12770,Female,16,6.2,100.0,40.2,5,7.0,Yes,Graduate,Yes,Medium,8,Self Study,6,79.6,Good
12771,Male,15,2.6,73.1,50.3,8,7.8,Yes,Graduate,No,High,4,Coaching,3,68.0,Good
12772,Female,20,5.5,100.0,60.9,11,6.7,Yes,Postgraduate,No,High,8,Self Study,5,97.7,Excellent
12773,Female,19,2.8,85.9,67.3,13,7.9,Yes,School,Yes,High,1,Online,7,81.6,Excellent
12774,Male,15,4.2,77.7,61.1,2,4.0,Yes,School,No,Medium,7,Self Study,6,73.3,Good
12775,Female,16,4.1,73.1,64.2,9,6.9,Yes,Postgraduate,No,Medium,3,Self Study,5,78.6,Good
12776,Male,16,4.9,79.8,58.1,3,6.9,Yes,School,No,Medium,4,Self Study,6,67.3,Good
12777,Female,17,4.2,62.4,47.7,10,6.8,Yes,School,No,Medium,3,Self Study,2,69.9,Good
12778,Male,18,2.6,77.8,60.5,10,6.0,Yes,Postgraduate,Yes,Low,4,Self Study,3,76.7,Good
12779,Male,17,5.2,79.4,65.0,13,8.0,Yes,Graduate,Yes,Medium,8,Coaching,5,93.3,Excellent
12780,Male,21,6.6,71.3,63.7,4,6.4,Yes,Graduate,Yes,High,1,Self Study,4,76.7,Good
12781,Male,16,2.9,89.5,69.6,13,7.2,Yes,School,No,Medium,7,Self Study,4,76.2,Good
12782,Male,18,0.9,79.8,73.9,11,7.0,No,School,No,Low,2,Self Study,7,60.5,Average
12783,Female,18,4.6,75.6,77.5,11,7.6,Yes,School,No,Medium,4,Self Study,6,81.5,Excellent
12784,Male,17,3.3,78.7,59.1,10,8.6,Yes,Graduate,No,Medium,6,Self Study,3,84.1,Excellent
12785,Male,20,3.6,85.6,45.9,9,7.2,Yes,Graduate,No,High,1,Coaching,5,70.7,Good
12786,Female,21,4.7,,85.8,2,7.9,Yes,Graduate,Yes,Low,9,Coaching,2,94.9,Excellent
12787,Female,15,3.1,75.0,73.4,13,7.2,Yes,Postgraduate,No,Medium,7,Coaching,2,93.8,Excellent
12788,Female,18,3.4,83.3,54.6,7,6.4,Yes,Postgraduate,Yes,Medium,7,Self Study,3,89.0,Excellent
12789,Female,15,3.6,81.5,71.9,3,6.8,Yes,School,Yes,Medium,10,Self Study,5,79.8,Good
12790,Male,18,6.2,70.6,83.0,10,6.7,Yes,Graduate,Yes,Medium,4,Coaching,3,88.4,Excellent
12791,Female,19,3.8,79.1,92.2,15,7.6,Yes,Graduate,No,Medium,2,Coaching,5,89.9,Excellent
12792,Male,17,1.8,87.8,71.5,11,7.1,Yes,Postgraduate,No,Medium,9,Self Study,5,94.6,Excellent
12793,Female,17,1.9,87.7,82.8,5,6.1,No,Postgraduate,Yes,Medium,7,Self Study,7,85.3,Excellent
12794,Female,17,4.0,79.7,51.1,13,6.8,Yes,Graduate,No,Medium,5,Online,6,81.8,Excellent
12795,Female,17,2.0,88.8,67.5,13,5.3,Yes,Graduate,No,Medium,1,Self Study,4,79.4,Good
12796,Female,17,1.3,72.2,63.3,6,6.8,Yes,School,No,Medium,3,Online,7,64.5,Average
12797,Female,17,4.8,72.5,72.8,9,7.0,Yes,Graduate,Yes,Medium,6,Coaching,3,89.5,Excellent
12798,Male,19,4.9,79.5,90.6,13,9.0,Yes,Graduate,Yes,Medium,1,Self Study,5,99.2,Excellent
12799,Female,15,3.2,97.0,71.5,4,8.5,Yes,Graduate,Yes,Medium,6,Self Study,4,,
12800,Female,15,4.3,83.6,54.9,6,5.9,Yes,Graduate,No,High,9,Online,7,82.5,Excellent
12801,Female,18,4.1,79.2,50.3,8,7.2,Yes,Graduate,No,High,5,Self Study,6,71.0,Good
12802,Male,19,4.8,97.4,91.0,2,7.2,Yes,Graduate,Yes,Medium,7,Self Study,3,95.5,Excellent
12803,Male,16,4.8,79.1,75.2,4,,Yes,Postgraduate,Yes,Low,3,Self Study,4,,
12804,Female,16,0.5,100.0,74.3,10,6.8,Yes,Graduate,No,Medium,6,Self Study,10,75.9,Good
12805,Male,19,3.4,76.9,63.2,5,6.6,No,Postgraduate,No,Low,2,Coaching,3,75.4,Good
12806,Male,17,4.6,71.9,71.8,5,9.1,Yes,Graduate,Yes,Medium,8,Self Study,3,91.4,Excellent
12807,Male,20,3.1,80.3,54.2,6,6.5,Yes,Graduate,No,Medium,6,Coaching,4,78.2,Good
12808,Female,16,3.9,79.5,73.4,3,7.4,No,Graduate,No,High,7,Coaching,3,78.8,Good
12809,Male,15,5.0,73.9,51.6,10,4.2,Yes,Graduate,No,Medium,4,Self Study,3,81.2,Excellent
12810,Male,18,3.9,100.0,63.0,5,7.9,Yes,Postgraduate,No,Low,4,Coaching,4,80.6,Excellent
12811,Male,17,6.2,85.2,59.0,11,8.3,Yes,School,No,Medium,7,Self Study,5,86.0,Excellent
12812,Female,20,5.6,86.6,25.0,13,5.8,Yes,Postgraduate,No,Medium,7,Coaching,2,78.6,Good
12813,Female,18,3.6,77.4,63.1,8,,Yes,Graduate,No,Low,7,Self Study,4,78.1,Good
12814,Male,17,3.5,76.2,55.4,14,7.5,No,Graduate,Yes,Medium,2,Coaching,3,79.6,Good
12815,Male,16,0.5,92.3,65.1,4,7.0,Yes,School,Yes,Low,2,Online,3,59.0,Average
12816,Female,16,3.3,65.2,68.0,15,7.5,Yes,School,Yes,Low,3,Coaching,6,66.1,Good
12817,Male,20,1.6,70.6,92.8,6,6.7,Yes,School,Yes,Medium,4,Self Study,4,77.0,Good
12818,Female,16,4.2,79.5,72.3,6,9.0,Yes,School,No,High,6,Self Study,2,93.9,Excellent
12819,Male,18,4.0,95.5,72.7,15,6.3,Yes,School,Yes,High,6,Online,6,95.0,Excellent
12820,Female,20,4.9,78.3,74.9,8,10.0,Yes,Postgraduate,No,Medium,1,Online,6,91.2,Excellent
12821,Male,21,6.0,86.2,80.2,12,8.4,Yes,Graduate,No,Medium,1,Coaching,4,95.6,Excellent
12822,Female,16,3.8,82.3,74.4,13,7.9,Yes,Postgraduate,No,High,9,Self Study,3,96.5,Excellent
12823,Male,15,7.4,95.0,71.9,8,5.9,Yes,Graduate,Yes,High,6,Self Study,3,100.0,Excellent
12824,Female,20,4.2,66.2,78.0,6,8.0,Yes,Graduate,Yes,High,1,Online,3,89.0,Excellent
12825,Female,19,1.7,89.4,34.0,8,7.7,Yes,Postgraduate,Yes,Medium,9,Self Study,5,78.6,Good
12826,Female,17,2.9,80.0,97.2,7,4.7,Yes,School,No,High,4,Coaching,7,79.7,Good
12827,Male,19,3.2,91.2,90.3,7,5.5,Yes,Graduate,Yes,Medium,7,Self Study,5,87.7,Excellent
12828,Male,16,4.7,73.8,71.0,5,7.4,Yes,Postgraduate,Yes,Low,5,Coaching,4,84.6,Excellent
12829,Female,19,2.3,82.2,48.2,14,6.9,Yes,Postgraduate,Yes,Low,2,Self Study,4,70.1,Good
12830,Female,20,3.3,81.0,84.9,10,6.4,Yes,Graduate,No,High,7,Self Study,6,84.8,Excellent
12831,Male,17,3.5,72.0,58.3,13,8.2,Yes,Postgraduate,No,High,4,Self Study,5,80.4,Excellent
12832,Male,18,3.1,69.2,75.5,11,6.0,Yes,Graduate,No,Medium,2,Online,2,77.9,Good
12833,Male,17,5.1,76.2,50.0,6,6.5,Yes,School,Yes,Medium,3,Coaching,1,83.5,Excellent
12834,Female,15,4.8,83.3,99.2,6,6.3,Yes,School,Yes,Medium,9,Coaching,4,100.0,Excellent
12835,Female,15,5.7,74.4,,15,7.6,Yes,Graduate,No,Medium,6,Online,6,81.2,Excellent
12836,Female,21,3.3,78.7,69.0,2,5.1,Yes,School,Yes,Medium,5,Self Study,7,76.1,Good
12837,Female,18,5.7,,38.3,6,6.5,Yes,School,Yes,Medium,8,Online,6,68.8,Good
12838,Male,16,1.6,78.3,67.4,12,5.1,Yes,School,No,Medium,3,Self Study,5,65.4,Good
12839,Male,15,1.6,92.2,62.0,9,6.7,Yes,Postgraduate,No,Medium,2,Self Study,8,71.1,Good
12840,Male,17,1.9,89.1,83.9,10,7.8,Yes,Postgraduate,Yes,High,1,Self Study,4,81.5,Excellent
12841,Female,21,3.8,81.1,62.0,2,7.8,Yes,Postgraduate,No,High,2,Online,4,80.8,Excellent
12842,Male,17,5.7,84.4,83.9,5,6.2,No,Graduate,Yes,Low,10,Coaching,2,100.0,Excellent
12843,Male,21,2.8,73.7,53.7,10,7.6,Yes,Postgraduate,Yes,Medium,10,Self Study,4,78.9,Good
12844,Male,18,3.0,98.2,64.1,6,6.8,Yes,Graduate,Yes,Medium,5,Online,3,80.5,Excellent
12845,Male,20,3.5,100.0,64.3,8,8.5,Yes,Graduate,Yes,Low,5,Coaching,7,76.2,Good
12846,Female,20,4.7,83.6,74.9,15,6.9,Yes,Graduate,Yes,Medium,4,Coaching,7,95.1,Excellent
12847,Male,15,3.0,100.0,73.2,10,4.0,Yes,School,No,Medium,6,Coaching,6,79.7,Good
12848,Male,15,2.9,75.2,78.1,10,8.0,Yes,Graduate,No,Low,2,Self Study,5,79.2,Good
12849,Female,21,1.6,69.5,71.7,4,6.5,Yes,Graduate,No,High,7,Self Study,4,74.3,Good
12850,Male,21,2.9,74.9,77.3,10,6.7,Yes,Postgraduate,No,Medium,6,Coaching,1,90.7,Excellent
12851,Male,15,5.7,79.8,55.4,15,7.4,Yes,School,Yes,Low,10,Self Study,3,93.3,Excellent
12852,Male,19,3.9,100.0,73.4,10,5.4,Yes,School,Yes,Medium,4,Coaching,6,87.0,Excellent
12853,Female,21,2.6,79.2,90.5,12,7.1,Yes,Graduate,Yes,Medium,8,Self Study,6,90.5,Excellent
12854,Male,21,5.8,73.4,44.5,15,7.6,Yes,School,No,Medium,2,Coaching,3,80.7,Excellent
12855,Female,17,2.9,73.0,74.8,14,7.4,Yes,Postgraduate,Yes,Medium,1,Online,6,74.7,Good
12856,Female,20,6.1,93.4,77.5,6,6.3,Yes,Graduate,Yes,Low,8,Self Study,3,92.7,Excellent
12857,Female,19,6.0,92.0,88.5,6,8.1,Yes,Graduate,No,Medium,9,Self Study,2,100.0,Excellent
12858,Male,21,3.9,77.1,78.2,5,5.9,Yes,Graduate,Yes,High,9,Self Study,6,84.9,Excellent
12859,Female,16,1.4,63.2,69.4,12,6.3,Yes,Graduate,No,Medium,1,Self Study,4,59.7,Average
12860,Male,19,7.5,70.7,74.0,7,6.9,Yes,School,Yes,Medium,4,Self Study,5,91.4,Excellent
12861,Male,15,4.4,99.2,57.7,13,7.3,Yes,Graduate,No,High,5,Self Study,1,96.5,Excellent
12862,Female,17,3.3,88.9,62.6,13,6.6,Yes,School,No,High,3,Self Study,4,77.9,Good
12863,Male,15,5.3,82.7,49.3,11,8.4,No,Graduate,Yes,High,3,Self Study,5,75.9,Good
12864,Male,18,4.9,100.0,88.8,3,7.3,Yes,Postgraduate,Yes,Low,4,Online,5,88.5,Excellent
12865,Male,20,5.9,100.0,74.3,11,7.1,Yes,School,No,Low,1,Self Study,4,81.6,Excellent
12866,Male,19,2.7,81.6,55.2,4,7.3,Yes,Graduate,No,Medium,10,Self Study,5,72.4,Good
12867,Male,17,4.3,81.8,71.8,9,7.8,Yes,Graduate,Yes,High,4,Coaching,5,87.6,Excellent
12868,Female,17,1.9,76.2,84.2,5,7.3,Yes,Graduate,Yes,Medium,6,Self Study,3,87.7,Excellent
12869,Female,17,4.9,79.2,81.9,2,5.0,No,Graduate,Yes,High,8,Coaching,4,91.9,Excellent
12870,Male,20,3.8,67.1,55.0,10,8.2,Yes,Graduate,Yes,Medium,2,Coaching,5,81.6,Excellent
12871,Female,16,4.2,67.1,25.0,8,7.1,Yes,Graduate,No,Low,3,Coaching,5,60.5,Average
12872,Male,15,3.6,64.8,73.5,10,7.8,Yes,Graduate,Yes,High,7,Self Study,4,81.8,Excellent
12873,Male,18,3.4,92.8,55.6,8,6.6,Yes,School,No,High,10,Self Study,4,92.4,Excellent
12874,Male,20,2.4,66.4,76.7,7,5.0,Yes,Graduate,No,Medium,5,Online,3,75.4,Good
12875,Male,18,5.1,100.0,81.3,2,4.5,Yes,Graduate,No,Medium,10,Online,6,81.4,Excellent
12876,Male,16,6.2,74.7,83.6,5,6.0,Yes,Graduate,Yes,Medium,1,Coaching,5,88.3,Excellent
12877,Male,15,,99.4,92.4,14,7.6,Yes,Postgraduate,No,Medium,8,Self Study,6,89.9,Excellent
12878,Male,21,4.7,78.3,85.3,12,8.4,No,School,No,Medium,10,Self Study,2,99.5,Excellent
12879,Female,20,4.5,66.3,92.5,8,7.3,Yes,Graduate,Yes,Medium,8,Coaching,5,91.7,Excellent
12880,Male,16,3.8,94.8,87.3,2,5.8,Yes,Graduate,Yes,Medium,2,Self Study,4,86.8,Excellent
12881,Male,15,1.4,96.0,88.5,15,6.1,Yes,Graduate,No,Low,1,Online,6,86.6,Excellent
12882,Male,15,1.7,72.9,67.4,12,8.5,Yes,Postgraduate,No,Low,5,Online,10,66.7,Good
12883,Female,17,2.6,78.7,49.9,2,5.6,Yes,Graduate,Yes,Low,6,Self Study,7,57.0,Average
12884,Male,20,0.5,72.9,100.0,4,9.3,Yes,Graduate,No,Medium,7,Self Study,4,88.1,Excellent
12885,Female,16,6.1,80.8,68.9,4,9.1,Yes,Graduate,Yes,Medium,10,Self Study,3,91.7,Excellent
12886,Male,20,4.4,83.1,85.2,14,9.3,Yes,Graduate,Yes,Medium,6,Self Study,3,100.0,Excellent
12887,Male,15,3.8,78.5,60.3,15,7.4,Yes,Postgraduate,Yes,Medium,3,Self Study,5,85.5,Excellent
12888,Female,20,0.5,63.8,81.5,7,6.6,Yes,Postgraduate,Yes,Low,1,Coaching,3,,
12889,Male,16,0.9,76.2,33.8,4,7.4,Yes,School,No,Medium,10,Self Study,6,54.3,Average
12890,Male,21,3.8,89.0,62.3,10,8.0,Yes,Graduate,Yes,Medium,7,Self Study,1,92.4,Excellent
12891,Male,18,7.0,79.9,66.6,5,6.3,Yes,Graduate,Yes,Medium,7,Self Study,1,100.0,Excellent
12892,Female,16,2.7,78.7,74.5,3,5.8,Yes,Graduate,No,Low,8,Self Study,9,61.0,Average
12893,Female,16,5.2,72.7,83.0,5,,Yes,Graduate,No,Medium,9,Self Study,4,90.3,Excellent
12894,Female,20,3.0,75.9,52.7,5,6.2,Yes,Postgraduate,No,Medium,9,Online,7,78.0,Good
12895,Female,17,3.9,96.1,77.2,2,8.4,Yes,Graduate,Yes,Medium,9,Self Study,3,97.8,Excellent
12896,Male,17,5.7,70.6,85.2,11,6.3,Yes,School,Yes,Low,2,Coaching,1,92.4,Excellent
12897,Female,20,3.2,89.2,100.0,6,7.1,Yes,Graduate,No,Medium,3,Self Study,3,91.8,Excellent
12898,Male,18,2.7,82.5,77.9,9,8.1,Yes,Graduate,Yes,High,1,Coaching,9,79.3,Good
12899,Female,19,6.1,84.4,,9,8.4,Yes,Postgraduate,Yes,High,2,Self Study,1,98.3,Excellent
12900,Male,18,3.9,74.7,50.2,12,7.2,Yes,Graduate,No,High,10,Self Study,8,84.8,Excellent
12901,Male,15,5.5,78.5,93.6,12,7.4,Yes,Postgraduate,No,Low,5,Self Study,5,100.0,Excellent
12902,Female,15,2.7,81.9,78.3,9,5.9,Yes,Graduate,No,Medium,7,Coaching,5,76.6,Good
12903,Male,15,6.1,76.8,67.7,13,8.1,Yes,Graduate,Yes,Low,6,Self Study,3,85.3,Excellent
12904,Female,19,4.2,85.3,45.3,9,8.4,Yes,Graduate,No,Medium,5,Self Study,3,76.3,Good
12905,Male,18,4.5,86.6,55.0,2,4.9,Yes,School,Yes,Medium,2,Self Study,6,55.2,Average
12906,Female,20,4.0,100.0,76.8,14,8.9,Yes,School,No,Medium,8,Coaching,6,100.0,Excellent
12907,Female,21,3.0,84.8,73.0,12,6.2,Yes,Graduate,Yes,High,8,Self Study,5,79.9,Good
12908,Male,16,3.8,62.9,40.8,7,7.7,Yes,School,No,High,2,Self Study,6,59.4,Average
12909,Female,21,3.1,93.6,76.9,7,7.1,Yes,School,No,Low,4,Coaching,4,77.3,Good
12910,Female,21,5.3,80.0,46.0,14,6.9,Yes,School,No,High,10,Self Study,8,71.4,Good
12911,Female,19,3.5,100.0,87.0,7,6.8,Yes,School,No,High,9,Self Study,5,100.0,Excellent
12912,Male,18,1.4,96.7,70.9,7,5.9,Yes,School,Yes,Medium,7,Self Study,9,66.1,Good
12913,Female,16,1.1,76.9,61.5,12,7.6,Yes,Graduate,No,Medium,10,Coaching,4,91.4,Excellent
12914,Female,16,1.0,89.2,81.9,6,6.7,Yes,Postgraduate,Yes,Low,9,Online,5,89.8,Excellent
12915,Male,15,4.8,76.1,72.9,7,5.6,Yes,Graduate,No,Medium,7,Coaching,7,81.9,Excellent
12916,Male,19,2.0,82.0,86.5,12,5.9,Yes,Graduate,Yes,Low,6,Coaching,6,,
12917,Male,18,4.3,88.8,69.1,5,5.6,Yes,School,Yes,Medium,7,Coaching,6,78.9,Good
12918,Female,16,4.0,93.1,69.9,2,6.4,Yes,School,Yes,Low,9,Self Study,3,95.5,Excellent
12919,Male,15,3.7,91.0,64.0,6,7.5,Yes,Postgraduate,No,Medium,10,Online,4,91.0,Excellent
12920,Female,15,4.5,82.7,71.7,4,6.2,Yes,Graduate,Yes,Medium,4,Self Study,3,82.2,Excellent
12921,Female,19,4.1,100.0,91.8,7,8.1,Yes,Postgraduate,No,Low,4,Coaching,4,93.5,Excellent
12922,Male,19,0.5,78.3,61.0,3,6.9,Yes,Graduate,Yes,High,2,Self Study,5,67.6,Good
12923,Male,19,3.3,65.9,77.1,10,6.7,No,Graduate,Yes,Low,1,Coaching,4,78.8,Good
12924,Female,15,4.5,67.9,55.7,9,7.0,No,Graduate,No,Medium,4,Online,6,73.6,Good
12925,Male,15,6.4,96.7,39.1,5,8.5,Yes,School,Yes,Medium,3,Online,2,88.9,Excellent
12926,Female,15,6.5,81.2,70.9,10,5.5,Yes,Postgraduate,No,Medium,9,Online,1,100.0,Excellent
12927,Female,20,1.6,83.6,73.2,4,8.8,No,Graduate,No,Medium,5,Online,4,78.7,Good
12928,Female,20,3.2,76.6,66.5,2,8.1,Yes,Graduate,No,Medium,7,Self Study,8,61.6,Average
12929,Male,17,1.3,77.5,47.1,8,7.0,Yes,School,Yes,Medium,3,Self Study,6,53.4,Average
12930,Female,15,6.2,74.1,72.3,4,8.3,Yes,Graduate,Yes,Medium,5,Self Study,2,88.3,Excellent
12931,Female,17,5.4,86.7,71.7,13,6.6,Yes,Postgraduate,No,Medium,9,Self Study,5,96.0,Excellent
12932,Male,20,4.4,81.0,55.6,6,7.3,Yes,Graduate,No,Low,3,Self Study,4,81.9,Excellent
12933,Female,16,4.1,86.4,49.1,8,6.4,No,Postgraduate,No,High,4,Self Study,5,86.4,Excellent
12934,Female,20,6.0,85.4,64.5,6,8.1,No,School,Yes,Medium,6,Online,5,87.5,Excellent
12935,Female,18,5.7,77.7,77.1,8,6.2,Yes,Postgraduate,Yes,Low,3,Coaching,5,90.8,Excellent
12936,Male,15,5.7,67.4,73.8,3,6.9,Yes,Graduate,No,Medium,6,Self Study,4,75.4,Good
12937,Male,21,4.5,66.5,55.7,15,7.7,Yes,Postgraduate,Yes,Medium,7,Coaching,7,80.9,Excellent
12938,Male,18,3.2,100.0,69.9,4,8.2,Yes,Graduate,Yes,Medium,6,Coaching,5,82.3,Excellent
12939,Male,19,5.0,96.8,80.4,7,6.1,Yes,Graduate,No,High,2,Online,5,86.4,Excellent
12940,Male,15,5.1,95.4,51.6,13,7.8,Yes,Graduate,Yes,Medium,8,Self Study,4,94.2,Excellent
12941,Female,17,3.5,75.3,68.9,7,5.9,Yes,Postgraduate,No,Low,9,Coaching,4,80.8,Excellent
12942,Male,19,3.2,82.1,86.8,11,4.6,Yes,Postgraduate,Yes,Medium,3,Self Study,3,78.2,Good
12943,Female,19,5.6,73.8,50.2,2,6.2,No,Graduate,No,High,2,Online,5,74.7,Good
12944,Male,15,6.5,68.9,84.2,6,7.9,Yes,Graduate,No,Medium,6,Online,6,98.1,Excellent
12945,Male,19,2.6,76.1,90.7,12,7.0,Yes,Graduate,No,Low,2,Self Study,6,81.8,Excellent
12946,Male,21,3.4,95.3,64.9,5,6.4,Yes,School,No,Medium,4,Self Study,6,72.1,Good
12947,Male,20,4.4,90.4,63.2,7,7.1,Yes,School,Yes,Medium,7,Self Study,3,80.6,Excellent
12948,Female,16,4.6,72.3,82.5,3,7.0,Yes,Graduate,Yes,Medium,3,Self Study,3,79.8,Good
12949,Female,21,3.0,78.9,65.4,9,7.7,Yes,Graduate,Yes,High,4,Self Study,3,88.8,Excellent
12950,Female,19,6.8,89.5,35.1,6,5.2,Yes,,No,Low,4,Coaching,4,71.3,Good
12951,Male,15,4.5,76.3,66.6,14,6.9,Yes,Graduate,Yes,High,8,Self Study,6,100.0,Excellent
12952,Female,15,4.7,82.8,74.6,7,7.1,Yes,Graduate,No,High,9,Self Study,3,99.6,Excellent
12953,Male,21,6.6,86.0,78.4,13,5.5,No,School,No,Low,9,Coaching,4,99.4,Excellent
12954,Female,16,3.1,85.9,55.7,14,5.5,No,School,Yes,Medium,2,Coaching,6,86.5,Excellent
12955,Male,15,3.7,84.5,64.2,13,6.6,Yes,School,No,Low,8,Self Study,7,84.9,Excellent
12956,Male,18,1.8,75.5,81.7,12,7.0,No,Graduate,No,Medium,3,Coaching,2,82.2,Excellent
12957,Male,18,3.5,76.5,67.2,10,7.0,Yes,Graduate,No,Medium,9,Coaching,4,81.3,Excellent
12958,Male,19,1.4,70.7,46.6,8,6.4,No,Postgraduate,Yes,Medium,6,Self Study,4,62.8,Average
12959,Male,19,5.0,66.4,85.3,3,,No,School,Yes,Medium,10,Self Study,3,87.5,Excellent
12960,Female,21,4.5,80.9,65.0,3,6.6,Yes,Postgraduate,No,Medium,5,Coaching,4,77.7,Good
12961,Female,20,3.4,90.2,83.3,7,7.3,Yes,Graduate,Yes,Low,4,Self Study,1,84.6,Excellent
12962,Female,15,3.6,68.2,48.5,11,8.4,Yes,Graduate,No,Low,9,Self Study,4,78.1,Good
12963,Male,15,5.0,84.7,66.3,2,4.6,Yes,Graduate,No,Medium,4,Self Study,5,80.2,Excellent
12964,Female,15,2.0,89.8,75.1,15,7.7,Yes,Postgraduate,No,High,8,Online,3,100.0,Excellent
12965,Male,17,4.1,63.6,66.8,15,6.9,Yes,Graduate,Yes,Medium,1,Coaching,4,82.6,Excellent
12966,Female,17,4.9,79.3,51.4,3,7.6,Yes,Graduate,Yes,Medium,7,Coaching,4,83.4,Excellent
12967,Male,21,0.9,98.5,34.6,3,8.3,Yes,School,No,High,10,Self Study,5,55.0,Average
12968,Male,17,4.9,87.5,89.3,13,6.2,Yes,School,Yes,Low,3,Online,2,100.0,Excellent
12969,Female,15,1.1,63.3,71.5,4,8.0,Yes,School,Yes,High,10,Self Study,6,66.0,Good
12970,Male,21,3.6,88.6,84.3,4,5.6,Yes,School,No,Low,1,Online,6,75.5,Good
12971,Male,16,1.9,74.5,81.0,4,7.1,Yes,Graduate,No,Low,2,Coaching,4,73.4,Good
12972,Female,21,6.1,88.9,76.4,11,6.7,No,School,Yes,High,4,Coaching,7,89.2,Excellent
12973,Male,20,1.9,75.1,63.5,3,7.1,Yes,Graduate,No,Medium,4,Online,6,57.8,Average
12974,Female,21,1.2,81.5,74.9,4,5.9,Yes,Postgraduate,No,High,7,Online,6,71.2,Good
12975,Male,20,4.0,,88.1,7,7.5,Yes,Postgraduate,Yes,Medium,9,Self Study,6,86.4,Excellent
12976,Female,16,3.1,82.0,69.2,10,8.7,Yes,School,Yes,Low,2,Self Study,3,76.0,Good
12977,Female,19,1.4,,94.6,15,5.9,No,School,No,Low,8,Coaching,5,91.8,Excellent
12978,Female,17,4.6,79.8,47.0,5,7.2,Yes,Graduate,Yes,Medium,9,Self Study,5,75.0,Good
12979,Female,19,0.6,70.2,45.5,5,7.9,No,School,No,Medium,6,Self Study,4,53.8,Average
12980,Female,20,2.1,86.9,81.8,9,6.7,Yes,Graduate,Yes,Medium,10,Self Study,5,91.2,Excellent
12981,Female,18,2.9,83.8,56.5,7,8.5,Yes,Graduate,No,Low,1,Self Study,6,68.7,Good
12982,Male,17,5.1,65.8,96.6,10,6.5,Yes,Graduate,No,Low,8,Coaching,5,100.0,Excellent
12983,Male,21,5.9,91.9,86.7,5,6.9,Yes,School,No,Medium,5,Self Study,4,98.7,Excellent
12984,Female,19,5.6,80.2,90.2,10,5.9,No,School,Yes,Low,5,Self Study,5,78.2,Good
12985,Male,21,3.6,83.6,80.4,14,7.1,Yes,Postgraduate,No,Medium,7,Self Study,4,98.9,Excellent
12986,Male,16,0.5,89.6,55.1,11,7.0,Yes,Postgraduate,No,Low,8,Online,7,73.2,Good
12987,Male,20,4.4,85.3,44.8,12,7.7,Yes,Graduate,Yes,High,5,Self Study,8,84.6,Excellent
12988,Female,17,6.2,93.7,88.9,2,6.3,No,Graduate,Yes,Medium,3,Online,5,89.8,Excellent
12989,Male,18,5.8,79.1,47.0,14,6.2,Yes,Graduate,Yes,Low,3,Online,6,83.2,Excellent
12990,Female,21,4.5,92.3,90.2,11,7.5,Yes,School,Yes,Medium,10,Self Study,4,99.4,Excellent
12991,Female,17,1.9,83.2,77.4,10,8.5,Yes,Postgraduate,Yes,Medium,5,Coaching,4,89.2,Excellent
12992,Female,16,3.0,87.1,66.9,4,7.7,Yes,School,No,Medium,4,Self Study,3,70.9,Good
12993,Male,21,6.9,86.0,74.2,9,9.0,No,Graduate,No,Medium,6,Self Study,2,92.9,Excellent
12994,Female,21,1.5,94.4,74.5,11,7.6,Yes,School,No,Medium,7,Self Study,5,86.2,Excellent
12995,Female,17,2.0,89.2,65.2,10,7.6,Yes,Graduate,Yes,High,1,Coaching,6,76.6,Good
12996,Male,17,5.3,77.6,88.0,3,7.7,No,Graduate,No,Low,1,Online,6,73.2,Good
12997,Female,16,3.1,75.6,87.5,2,8.6,Yes,Graduate,Yes,Medium,6,Self Study,4,89.5,Excellent
12998,Male,15,1.9,81.5,70.2,8,8.4,No,Graduate,Yes,Low,7,Self Study,4,62.8,Average
12999,Female,18,6.2,74.4,59.6,12,5.8,Yes,Graduate,No,Medium,5,Coaching,4,83.3,Excellent
13000,Male,16,4.5,71.5,86.3,7,7.9,Yes,,Yes,Medium,3,Self Study,5,76.9,Good
13001,Female,20,3.2,60.7,39.7,11,7.3,Yes,Graduate,Yes,Low,8,Self Study,6,72.2,Good
13002,Female,16,2.0,66.5,74.2,15,6.8,Yes,Graduate,No,Low,2,Self Study,4,73.1,Good
13003,Male,19,7.1,100.0,78.4,14,5.0,No,Graduate,No,Medium,7,Coaching,4,100.0,Excellent
13004,Female,18,3.8,75.4,56.4,10,5.3,Yes,Graduate,No,Medium,5,Self Study,7,72.1,Good
13005,Male,19,6.0,100.0,81.6,12,6.6,Yes,School,Yes,High,4,Self Study,4,100.0,Excellent
13006,Female,15,5.2,86.0,67.6,3,5.4,Yes,Graduate,No,Medium,2,Self Study,4,82.0,Excellent
13007,Female,18,3.0,81.5,60.4,3,6.6,Yes,School,Yes,High,7,Self Study,5,77.8,Good
13008,Male,19,3.0,67.0,81.5,11,7.8,Yes,,Yes,High,2,Self Study,5,81.2,Excellent
13009,Male,17,6.1,82.0,52.8,13,6.4,No,Graduate,No,Low,6,Self Study,2,91.6,Excellent
13010,Female,21,6.1,100.0,80.2,4,7.1,Yes,Postgraduate,No,High,9,Coaching,3,100.0,Excellent
13011,Male,18,0.8,97.6,40.2,10,5.8,Yes,School,No,High,8,Coaching,6,65.2,Good
13012,Female,17,4.7,84.7,72.0,6,7.3,Yes,Graduate,No,Medium,1,Self Study,8,66.3,Good
13013,Female,15,3.6,70.5,68.6,3,7.6,Yes,School,Yes,Medium,10,Coaching,4,91.0,Excellent
13014,Female,16,2.1,72.4,60.4,7,5.4,Yes,Postgraduate,No,Medium,7,Self Study,7,62.0,Average
13015,Male,18,4.2,73.5,73.5,8,6.2,Yes,School,Yes,Low,9,Self Study,5,89.2,Excellent
13016,Female,17,,94.8,66.9,12,5.6,Yes,Graduate,No,Medium,1,Self Study,7,72.9,Good
13017,Female,21,3.1,98.3,82.8,14,7.6,Yes,School,No,Low,10,Self Study,4,96.3,Excellent
13018,Male,20,2.5,84.0,75.8,15,7.2,Yes,Postgraduate,No,Medium,8,Coaching,7,90.3,Excellent
13019,Male,16,3.0,79.0,,3,6.9,No,School,No,Medium,9,Coaching,7,68.9,Good
13020,Male,19,3.7,97.5,72.1,14,6.9,Yes,Graduate,No,Low,10,Self Study,7,97.7,Excellent
13021,Male,18,2.2,72.2,61.4,9,7.4,Yes,School,Yes,Low,9,Self Study,7,67.4,Good
13022,Female,15,6.3,82.5,63.8,4,7.4,No,Graduate,No,Low,5,Self Study,4,87.4,Excellent
13023,Male,19,4.6,86.6,71.5,11,6.5,Yes,School,No,High,9,Coaching,6,87.9,Excellent
13024,Female,18,6.7,73.4,65.6,2,6.3,No,Graduate,Yes,High,10,Online,3,83.6,Excellent
13025,Male,15,3.5,75.6,83.6,8,6.9,No,School,Yes,Low,10,Coaching,1,100.0,Excellent
13026,Male,18,2.9,74.9,69.3,13,6.8,Yes,Postgraduate,Yes,High,7,Self Study,5,82.9,Excellent
13027,Male,20,6.6,96.2,73.3,15,9.3,Yes,Graduate,Yes,High,10,Self Study,3,100.0,Excellent
13028,Female,17,2.9,100.0,48.4,6,6.6,Yes,Graduate,No,High,6,Self Study,7,55.0,Average
13029,Female,17,3.5,83.1,81.2,4,7.3,Yes,School,No,High,5,Self Study,6,79.8,Good
13030,Male,15,5.0,79.3,59.9,10,7.5,Yes,School,No,Medium,2,Online,2,86.6,Excellent
13031,Female,16,1.8,76.0,53.4,4,8.5,Yes,Postgraduate,Yes,Low,5,Self Study,9,60.4,Average
13032,Male,21,4.9,82.0,91.0,15,,Yes,Graduate,Yes,High,10,Online,5,100.0,Excellent
13033,Male,19,4.7,76.5,77.8,6,8.5,Yes,Graduate,Yes,High,2,Self Study,2,89.4,Excellent
13034,Male,16,5.8,81.0,81.7,4,2.0,Yes,Graduate,Yes,Medium,9,Self Study,2,100.0,Excellent
13035,Female,18,5.2,86.1,74.4,5,9.8,Yes,School,No,Medium,7,Coaching,1,90.5,Excellent
13036,Female,16,5.9,77.9,66.7,7,7.4,Yes,Postgraduate,No,Medium,2,Self Study,5,82.0,Excellent
13037,Female,18,3.6,80.1,64.1,12,5.6,Yes,Graduate,No,Medium,3,Self Study,4,86.6,Excellent
13038,Male,16,2.4,80.1,78.9,14,6.8,Yes,Postgraduate,Yes,Medium,1,Self Study,4,75.8,Good
13039,Male,19,7.2,78.8,83.9,12,8.5,Yes,Graduate,No,Low,8,Self Study,2,100.0,Excellent
13040,Female,18,1.4,77.6,67.0,11,7.1,Yes,School,Yes,Medium,4,Self Study,5,65.7,Good
13041,Male,19,1.5,89.6,97.0,5,6.9,Yes,Graduate,Yes,Medium,2,Online,6,82.4,Excellent
13042,Female,18,4.7,64.3,65.2,15,7.8,Yes,Postgraduate,Yes,Low,2,Online,1,,
13043,Female,17,6.4,97.7,48.5,15,6.6,No,School,Yes,Medium,6,Coaching,2,89.0,Excellent
13044,Male,16,4.1,83.4,43.9,10,6.8,Yes,Graduate,No,Medium,4,Self Study,5,72.6,Good
13045,Female,16,5.4,88.1,44.4,12,6.0,Yes,Graduate,No,Medium,10,Self Study,3,87.9,Excellent
13046,Female,18,0.6,89.3,62.2,6,8.9,Yes,Graduate,No,Low,10,Coaching,6,70.7,Good
13047,Male,18,3.0,74.9,64.8,8,5.7,Yes,Graduate,Yes,Medium,3,Self Study,4,71.7,Good
13048,Female,19,0.8,72.9,77.6,13,7.2,Yes,Graduate,No,Medium,9,Self Study,8,72.2,Good
13049,Female,15,5.0,71.7,67.6,7,7.5,Yes,Postgraduate,No,Low,1,Self Study,5,64.2,Average
13050,Male,16,1.3,79.5,79.8,12,7.0,Yes,Graduate,No,Medium,5,Coaching,7,83.3,Excellent
13051,Female,20,1.8,89.0,68.6,14,5.6,Yes,Postgraduate,Yes,Medium,6,Coaching,6,88.9,Excellent
13052,Male,21,4.6,76.2,68.2,15,5.9,Yes,School,No,Medium,3,Self Study,6,70.0,Good
13053,Female,21,5.5,88.1,59.9,6,7.6,No,School,No,Medium,7,Coaching,3,93.3,Excellent
13054,Female,17,3.5,58.3,87.9,8,6.1,Yes,School,No,Medium,6,Self Study,7,78.4,Good
13055,Female,15,4.7,78.1,46.6,7,4.7,No,Graduate,Yes,Low,10,Self Study,5,66.6,Good
13056,Male,16,4.7,93.7,72.2,9,7.4,Yes,Graduate,Yes,Medium,10,Self Study,3,96.3,Excellent
13057,Female,15,3.5,80.3,65.5,12,6.0,Yes,,No,Medium,9,Coaching,1,86.7,Excellent
13058,Male,21,2.0,73.7,78.9,6,7.7,Yes,Graduate,Yes,Medium,8,Self Study,5,85.3,Excellent
13059,Male,21,4.7,75.4,67.7,5,6.8,Yes,Graduate,No,Medium,4,Online,7,70.4,Good
13060,Male,20,4.8,51.7,68.1,5,6.7,Yes,Graduate,No,High,9,Self Study,3,95.0,Excellent
13061,Female,20,5.2,71.9,64.3,12,7.1,Yes,Graduate,No,Low,4,Self Study,3,90.6,Excellent
13062,Male,17,4.3,92.6,87.5,15,5.7,Yes,Graduate,Yes,High,8,Coaching,4,97.9,Excellent
13063,Male,18,1.9,76.2,68.0,3,6.1,Yes,Postgraduate,No,Medium,5,Self Study,7,75.5,Good
13064,Female,20,4.9,77.4,95.6,15,6.7,Yes,Graduate,Yes,Medium,6,Self Study,1,100.0,Excellent
13065,Male,20,3.8,58.7,71.8,2,5.7,No,Postgraduate,No,Medium,9,Self Study,4,75.3,Good
13066,Male,18,3.0,65.7,68.3,9,7.8,Yes,Postgraduate,No,Medium,2,Self Study,3,81.6,Excellent
13067,Male,20,3.3,93.9,66.0,3,6.7,Yes,Postgraduate,Yes,Low,9,Self Study,6,84.1,Excellent
13068,Male,17,2.7,88.2,75.9,15,5.4,Yes,School,Yes,Low,9,Self Study,5,81.2,Excellent
13069,Female,17,5.2,69.0,59.8,12,6.4,Yes,Graduate,No,Medium,5,Self Study,4,87.0,Excellent
13070,Male,20,1.5,75.7,70.0,6,7.1,Yes,Graduate,No,Low,7,Coaching,5,70.9,Good
13071,Male,17,2.2,81.7,68.1,11,6.5,Yes,School,Yes,Low,3,Coaching,6,76.6,Good
13072,Female,20,3.3,70.0,72.6,13,7.4,Yes,Graduate,Yes,Low,8,Self Study,7,79.7,Good
13073,Female,18,6.4,62.0,72.9,5,7.6,Yes,School,No,High,2,Online,6,74.7,Good
13074,Female,17,5.5,80.4,73.6,10,9.6,No,Graduate,Yes,Low,8,Self Study,5,95.4,Excellent
13075,Female,16,1.2,87.7,69.3,6,8.3,Yes,Postgraduate,Yes,High,7,Online,7,76.0,Good
13076,Female,19,6.0,87.9,90.0,12,5.2,Yes,Graduate,No,Medium,3,Online,3,100.0,Excellent
13077,Male,18,6.0,90.8,73.9,9,6.6,Yes,Postgraduate,Yes,Low,9,Coaching,5,99.8,Excellent
13078,Female,17,1.9,66.5,100.0,12,6.7,Yes,Graduate,Yes,Low,3,Self Study,9,84.0,Excellent
13079,Female,20,0.5,82.6,68.7,10,7.6,Yes,Postgraduate,No,Low,6,Online,2,77.1,Good
13080,Male,15,3.7,79.3,81.4,10,6.0,Yes,School,No,Medium,9,Self Study,4,83.7,Excellent
13081,Male,15,5.6,81.1,57.8,3,6.4,Yes,,No,Low,1,Self Study,3,85.0,Excellent
13082,Male,21,6.3,79.9,87.6,13,5.6,Yes,School,Yes,High,5,Online,5,98.6,Excellent
13083,Female,19,2.4,75.4,58.1,4,6.3,Yes,Postgraduate,No,Medium,7,Self Study,8,62.3,Average
13084,Female,18,6.6,51.8,74.4,7,6.4,Yes,School,Yes,Medium,2,Self Study,5,80.7,Excellent
13085,Female,15,0.5,93.6,64.3,9,6.7,Yes,School,No,Medium,6,Coaching,5,70.9,Good
13086,Male,19,3.2,85.3,74.3,13,5.7,Yes,Graduate,Yes,Medium,7,Online,6,84.3,Excellent
13087,Male,18,3.1,67.2,64.7,10,8.1,Yes,Graduate,Yes,High,9,Self Study,4,99.0,Excellent
13088,Male,19,5.6,86.7,57.0,4,7.5,Yes,Postgraduate,No,Medium,3,Online,4,76.8,Good
13089,Female,15,5.9,77.5,64.2,6,5.4,Yes,Graduate,Yes,Medium,9,Self Study,5,77.5,Good
13090,Female,18,5.3,77.8,89.6,4,7.0,No,Graduate,No,High,7,Coaching,7,96.8,Excellent
13091,Female,19,1.6,74.3,74.5,10,5.3,Yes,School,No,High,6,Self Study,6,71.0,Good
13092,Female,17,5.2,87.4,50.0,12,8.5,Yes,Postgraduate,Yes,Medium,6,Self Study,4,90.3,Excellent
13093,Female,15,4.6,74.0,83.3,11,8.8,Yes,Graduate,No,Medium,10,Self Study,8,94.5,Excellent
13094,Female,21,1.1,71.0,55.5,12,6.9,Yes,Postgraduate,No,Medium,7,Self Study,2,66.8,Good
13095,Male,19,0.5,93.3,78.4,11,6.1,No,Graduate,Yes,Medium,5,Self Study,5,83.5,Excellent
13096,Male,19,,80.2,75.7,14,,Yes,Graduate,Yes,Medium,10,Coaching,3,99.6,Excellent
13097,Male,20,3.5,80.5,76.6,14,6.5,Yes,Graduate,No,Medium,7,Self Study,4,100.0,Excellent
13098,Male,19,1.7,88.9,93.9,5,6.9,Yes,Graduate,Yes,High,3,Coaching,6,79.6,Good
13099,Male,15,3.5,75.3,56.4,6,8.5,No,Postgraduate,No,Medium,7,Online,6,83.6,Excellent
13100,Male,18,4.4,77.3,76.6,2,8.1,Yes,Graduate,No,Medium,10,Coaching,3,100.0,Excellent
13101,Female,21,3.7,85.1,85.6,5,8.1,Yes,Postgraduate,Yes,Medium,7,Coaching,6,88.2,Excellent
13102,Male,17,1.3,66.6,59.0,9,7.2,Yes,Postgraduate,No,Low,8,Coaching,4,72.0,Good
13103,Female,21,6.8,84.2,57.6,11,5.7,Yes,Graduate,No,Medium,7,Online,2,92.8,Excellent
13104,Female,15,5.4,74.4,64.0,14,6.2,Yes,Graduate,Yes,Medium,9,Coaching,5,100.0,Excellent
13105,Female,17,3.3,90.6,72.5,10,7.1,Yes,Graduate,Yes,Low,1,Self Study,4,81.4,Excellent
13106,Female,17,3.3,87.5,48.3,15,5.7,Yes,School,Yes,Medium,9,Coaching,8,78.7,Good
13107,Male,19,4.4,86.1,75.7,9,7.3,Yes,Postgraduate,No,Low,10,Coaching,8,87.5,Excellent
13108,Female,16,2.0,65.9,48.3,14,7.9,Yes,School,No,Low,1,Coaching,4,67.6,Good
13109,Male,16,4.3,81.0,86.1,13,7.6,Yes,Graduate,No,Medium,8,Self Study,1,100.0,Excellent
13110,Female,19,1.7,70.2,75.2,8,7.6,Yes,Graduate,No,Medium,6,Self Study,3,75.9,Good
13111,Male,16,3.7,81.6,94.8,14,4.9,Yes,Postgraduate,No,Medium,4,Online,4,100.0,Excellent
13112,Male,21,1.9,58.8,77.4,14,8.5,Yes,Graduate,Yes,Medium,2,Online,5,76.9,Good
13113,Female,21,2.0,66.6,63.7,6,5.3,Yes,Graduate,No,Low,4,Self Study,5,68.9,Good
13114,Female,17,6.4,93.9,56.8,4,6.8,Yes,School,Yes,High,7,Self Study,2,84.1,Excellent
13115,Male,18,3.9,85.7,71.3,3,7.7,No,Postgraduate,Yes,Medium,6,Self Study,8,80.1,Excellent
13116,Female,17,4.1,78.5,67.6,14,7.4,Yes,Graduate,Yes,Medium,1,Coaching,6,88.1,Excellent
13117,Male,17,0.6,72.9,84.6,8,5.6,Yes,Graduate,Yes,Low,4,Self Study,9,65.7,Good
13118,Female,19,2.8,71.2,55.0,9,5.8,Yes,Postgraduate,No,High,1,Online,2,80.7,Excellent
13119,Male,17,4.5,84.0,96.3,5,7.3,Yes,Graduate,No,Medium,4,Self Study,7,83.3,Excellent
13120,Male,16,4.1,78.6,85.8,7,7.6,No,School,No,High,10,Self Study,4,94.9,Excellent
13121,Male,16,0.5,97.5,65.2,7,5.8,Yes,School,Yes,Medium,8,Self Study,5,63.9,Average
13122,Male,21,4.1,80.2,93.2,10,7.4,No,Graduate,Yes,High,10,Coaching,5,100.0,Excellent
13123,Male,16,4.4,82.6,57.0,4,5.3,Yes,School,No,Medium,2,Coaching,4,67.2,Good
13124,Male,17,5.9,68.1,70.9,12,7.7,Yes,Graduate,No,Low,7,Coaching,4,91.7,Excellent
13125,Male,19,,78.4,50.1,7,6.0,Yes,School,No,Medium,4,Self Study,7,68.8,Good
13126,Male,15,0.5,83.8,93.9,5,7.1,Yes,Graduate,Yes,Low,5,Self Study,2,91.8,Excellent
13127,Female,16,2.2,78.3,,2,6.9,Yes,Graduate,Yes,Medium,10,Self Study,8,54.8,Average
13128,Male,16,2.0,77.1,47.8,3,8.3,No,Graduate,No,Medium,9,Self Study,6,71.5,Good
13129,Female,21,5.0,85.3,59.1,5,7.3,Yes,Graduate,Yes,Medium,7,Self Study,4,91.4,Excellent
13130,Female,21,0.5,97.1,86.5,12,6.3,Yes,Graduate,Yes,Medium,10,Self Study,7,87.0,Excellent
13131,Male,20,3.1,83.4,81.4,13,,Yes,Graduate,No,Medium,5,Coaching,5,97.2,Excellent
13132,Female,16,6.1,93.4,69.7,15,9.4,Yes,Postgraduate,No,Medium,1,Self Study,3,97.0,Excellent
13133,Male,19,3.8,88.2,82.3,6,7.8,Yes,Graduate,Yes,Medium,10,Coaching,3,94.8,Excellent
13134,Male,19,5.2,92.8,66.4,10,6.9,No,Postgraduate,No,Medium,2,Self Study,7,78.3,Good
13135,Female,21,1.2,75.9,73.9,5,6.1,Yes,Graduate,Yes,Medium,3,Self Study,3,76.1,Good
13136,Female,16,1.2,79.9,91.1,3,6.3,Yes,Graduate,No,Medium,10,Self Study,5,80.6,Excellent
13137,Female,20,6.1,80.0,64.5,9,7.7,Yes,Graduate,Yes,High,9,Self Study,2,94.9,Excellent
13138,Male,16,4.0,87.5,57.3,11,6.0,Yes,School,No,Medium,1,Self Study,6,67.6,Good
13139,Female,18,4.0,89.9,74.6,12,7.0,No,Postgraduate,No,Low,9,Online,4,92.7,Excellent
13140,Male,21,2.0,83.3,78.4,3,8.6,Yes,Graduate,No,Medium,8,Self Study,3,78.9,Good
13141,Male,15,4.0,90.8,69.5,12,7.2,Yes,School,No,Medium,2,Self Study,3,88.6,Excellent
13142,Male,16,2.0,76.4,82.0,6,5.8,Yes,Graduate,No,High,6,Online,5,86.5,Excellent
13143,Female,20,5.7,90.9,65.2,5,9.4,Yes,Graduate,No,High,3,Self Study,4,94.5,Excellent
13144,Male,15,8.2,92.2,69.8,2,8.9,Yes,School,No,High,6,Coaching,1,100.0,Excellent
13145,Female,19,4.6,88.8,73.2,4,7.6,Yes,School,Yes,Medium,2,Coaching,3,87.2,Excellent
13146,Female,18,2.8,83.3,72.0,8,8.4,Yes,Postgraduate,No,Medium,1,Self Study,5,87.5,Excellent
13147,Female,17,0.5,89.1,90.6,4,6.7,Yes,Graduate,Yes,Medium,7,Self Study,8,75.8,Good
13148,Female,21,1.1,73.1,73.2,6,7.8,Yes,School,No,Low,8,Coaching,7,67.6,Good
13149,Female,20,6.3,84.0,63.7,9,6.5,Yes,School,No,Medium,2,Self Study,3,85.7,Excellent
13150,Male,17,2.2,85.0,75.4,3,5.5,Yes,Graduate,No,Medium,7,Self Study,7,72.8,Good
13151,Male,15,3.2,68.7,82.1,14,9.9,Yes,Graduate,No,Low,5,Self Study,4,87.8,Excellent
13152,Female,15,4.8,86.7,78.8,6,5.5,Yes,Graduate,No,High,10,Self Study,1,92.9,Excellent
13153,Male,15,6.2,69.5,78.1,12,7.3,Yes,Postgraduate,No,High,6,Online,6,90.2,Excellent
13154,Male,21,3.5,,47.0,11,7.3,Yes,School,No,Medium,5,Online,5,78.2,Good
13155,Male,19,3.2,82.4,33.1,12,7.6,No,School,No,Low,1,Online,5,65.0,Average
13156,Male,19,3.9,74.7,85.9,6,6.9,Yes,School,No,High,10,Self Study,5,98.8,Excellent
13157,Male,16,2.8,82.8,74.1,4,6.9,Yes,Graduate,No,Low,7,Online,5,75.4,Good
13158,Male,20,2.9,82.7,67.7,4,7.2,Yes,School,No,Low,2,Coaching,5,67.1,Good
13159,Female,20,4.5,73.8,77.7,5,7.5,Yes,Graduate,Yes,Medium,1,Coaching,4,76.7,Good
13160,Male,20,4.1,87.7,95.0,9,7.0,Yes,Postgraduate,Yes,High,3,Coaching,3,100.0,Excellent
13161,Female,18,7.2,74.4,87.8,10,6.9,Yes,School,No,Medium,6,Coaching,4,95.4,Excellent
13162,Female,19,,100.0,81.5,12,5.5,Yes,Postgraduate,No,Medium,10,Self Study,3,100.0,Excellent
13163,Male,18,5.6,80.9,55.6,15,9.2,Yes,Postgraduate,Yes,High,7,Coaching,2,100.0,Excellent
13164,Female,17,2.1,70.3,57.4,13,7.6,Yes,Graduate,No,Medium,1,Coaching,5,62.3,Average
13165,Female,19,4.6,72.2,34.6,6,7.2,Yes,Postgraduate,Yes,Medium,2,Self Study,6,68.3,Good
13166,Female,17,2.6,93.5,76.9,8,6.3,Yes,Graduate,No,Low,3,Self Study,4,84.9,Excellent
13167,Male,21,4.4,77.9,83.5,15,5.9,Yes,Graduate,No,Medium,1,Self Study,4,90.1,Excellent
13168,Male,20,4.9,68.4,84.7,11,7.9,Yes,Graduate,No,Medium,2,Coaching,1,,
13169,Male,20,3.9,90.5,77.5,7,6.8,Yes,School,No,Low,1,Coaching,2,83.9,Excellent
13170,Female,20,7.7,77.8,65.8,13,7.7,Yes,Graduate,No,Medium,8,Coaching,1,100.0,Excellent
13171,Female,18,6.1,88.5,60.1,3,5.5,Yes,Postgraduate,Yes,Low,7,Coaching,6,82.9,Excellent
13172,Female,21,5.7,91.4,56.4,11,8.7,Yes,Graduate,No,Low,8,Self Study,1,95.5,Excellent
13173,Female,16,5.0,84.7,65.7,15,8.0,Yes,Graduate,Yes,Medium,2,Coaching,5,86.0,Excellent
13174,Female,18,6.6,100.0,54.3,9,6.9,Yes,,Yes,Low,10,Self Study,4,78.1,Good
13175,Female,15,1.5,64.8,92.6,10,7.5,Yes,Postgraduate,Yes,Low,4,Coaching,6,86.6,Excellent
13176,Male,17,6.0,73.8,49.8,2,7.8,Yes,School,No,Medium,2,Self Study,6,67.8,Good
13177,Female,19,2.2,79.4,65.2,10,5.5,Yes,Graduate,No,High,2,Online,5,68.6,Good
13178,Male,18,2.9,100.0,40.9,6,8.8,Yes,School,No,Medium,4,Self Study,6,78.7,Good
13179,Male,21,4.7,100.0,72.2,15,7.5,Yes,Postgraduate,No,Low,1,Coaching,7,90.8,Excellent
13180,Male,19,5.8,94.9,68.0,6,6.2,Yes,Graduate,No,Medium,4,Self Study,7,81.0,Excellent
13181,Female,17,2.0,74.1,63.0,6,5.8,Yes,School,No,Medium,7,Self Study,4,75.5,Good
13182,Male,17,3.0,75.2,54.9,7,8.1,Yes,Graduate,No,Low,10,Coaching,1,85.7,Excellent
13183,Male,19,4.0,73.7,68.0,11,7.2,Yes,Graduate,Yes,Low,1,Self Study,4,79.9,Good
13184,Male,20,3.5,74.2,60.4,15,7.5,Yes,School,No,Medium,6,Self Study,5,76.2,Good
13185,Male,16,5.2,96.9,66.1,6,7.0,Yes,Postgraduate,Yes,Medium,3,Self Study,1,96.4,Excellent
13186,Male,19,9.0,79.6,95.4,4,5.9,Yes,Graduate,Yes,Low,4,Self Study,4,100.0,Excellent
13187,Female,19,4.5,80.9,70.4,12,7.6,Yes,School,Yes,Low,7,Self Study,1,89.0,Excellent
13188,Female,15,2.6,89.7,75.5,9,6.8,Yes,Postgraduate,Yes,Medium,3,Self Study,8,66.4,Good
13189,Male,21,1.7,65.4,61.5,8,7.0,Yes,School,No,Medium,5,Self Study,6,69.3,Good
13190,Male,18,3.3,82.5,57.0,15,9.6,No,School,No,Medium,4,Self Study,3,85.3,Excellent
13191,Male,16,2.3,71.0,67.7,8,8.0,Yes,Graduate,No,High,4,Self Study,5,80.0,Good
13192,Male,19,4.5,79.1,100.0,10,8.0,Yes,School,No,Low,8,Coaching,5,97.8,Excellent
13193,Female,19,,76.1,64.0,15,10.0,Yes,Graduate,No,Medium,3,Self Study,5,91.6,Excellent
13194,Female,21,3.1,75.6,73.1,4,7.4,No,Graduate,Yes,Medium,6,Self Study,5,72.8,Good
13195,Female,15,7.0,84.3,56.4,14,7.1,Yes,School,No,Medium,8,Coaching,5,92.5,Excellent
13196,Male,17,2.6,84.2,29.4,15,6.3,Yes,Postgraduate,Yes,Medium,7,Self Study,3,68.7,Good
13197,Female,16,3.6,79.8,56.9,8,6.5,Yes,Graduate,No,Medium,8,Self Study,5,83.6,Excellent
13198,Male,19,4.8,,100.0,6,4.7,Yes,Graduate,No,Medium,5,Coaching,8,88.5,Excellent
13199,Male,18,5.2,73.3,76.3,4,7.9,Yes,School,No,Medium,5,Coaching,4,86.7,Excellent
13200,Female,18,5.8,88.8,91.0,2,5.6,Yes,Postgraduate,No,Medium,1,Self Study,5,90.1,Excellent
13201,Female,21,4.5,79.9,63.1,15,8.0,Yes,,Yes,Low,8,Self Study,3,88.3,Excellent
13202,Female,18,5.5,77.2,35.0,8,7.0,Yes,School,No,Medium,7,Self Study,8,71.1,Good
13203,Female,17,2.7,74.1,52.5,11,7.1,No,Postgraduate,Yes,High,6,Self Study,5,84.5,Excellent
13204,Female,15,5.3,79.6,73.6,5,7.0,No,School,Yes,Medium,8,Coaching,2,96.8,Excellent
13205,Female,17,5.2,100.0,71.3,6,8.5,Yes,Postgraduate,Yes,Low,7,Coaching,6,83.0,Excellent
13206,Male,21,6.2,81.4,67.9,13,8.3,Yes,Graduate,No,High,2,Self Study,2,97.2,Excellent
13207,Male,18,1.1,70.6,60.6,11,7.0,No,Postgraduate,No,High,3,Coaching,6,70.2,Good
13208,Male,21,2.3,91.2,81.2,5,6.0,Yes,School,No,Medium,7,Online,7,83.7,Excellent
13209,Male,18,5.1,77.3,61.0,2,8.0,No,Postgraduate,No,Medium,1,Online,8,66.0,Good
13210,Male,18,0.5,84.8,72.3,13,5.9,Yes,School,No,Medium,9,Self Study,6,69.5,Good
13211,Male,18,4.6,75.9,70.7,3,5.3,Yes,School,Yes,Medium,4,Online,5,79.9,Good
13212,Female,18,5.5,94.8,62.8,2,7.5,Yes,Graduate,No,High,7,Self Study,1,92.9,Excellent
13213,Female,15,2.9,76.1,55.7,6,8.3,Yes,School,Yes,Medium,6,Self Study,4,69.6,Good
13214,Female,15,3.1,96.0,62.0,15,6.6,Yes,Graduate,No,Medium,7,Self Study,4,85.9,Excellent
13215,Male,18,2.1,71.5,94.2,11,7.4,Yes,Graduate,No,High,4,Self Study,5,78.7,Good
13216,Female,19,12.0,79.1,83.6,2,6.5,Yes,School,Yes,Medium,8,Self Study,4,82.4,Excellent
13217,Male,18,3.0,96.0,82.3,14,7.8,Yes,School,Yes,High,2,Self Study,6,86.2,Excellent
13218,Male,18,2.7,83.7,57.0,15,8.2,Yes,Graduate,Yes,Medium,4,Coaching,4,86.2,Excellent
13219,Male,17,2.6,100.0,47.9,11,6.7,Yes,Graduate,No,Low,1,Coaching,6,68.0,Good
13220,Male,19,,79.3,83.4,3,5.9,Yes,Graduate,Yes,High,2,Coaching,5,81.2,Excellent
13221,Male,19,3.3,84.6,80.7,2,5.4,Yes,Graduate,No,Low,1,Self Study,4,70.9,Good
13222,Female,15,6.8,100.0,69.9,14,8.0,Yes,Graduate,Yes,Medium,5,Self Study,2,100.0,Excellent
13223,Female,18,3.2,66.9,62.8,13,5.7,Yes,Graduate,No,Low,1,Coaching,5,65.1,Good
13224,Female,19,4.4,65.6,47.5,13,7.4,Yes,School,No,Medium,3,Coaching,7,75.1,Good
13225,Male,20,2.9,74.0,80.1,8,7.9,Yes,Graduate,Yes,Low,5,Self Study,3,83.4,Excellent
13226,Female,17,2.9,90.1,84.6,10,6.4,Yes,School,No,High,7,Online,5,78.4,Good
13227,Female,21,1.1,65.9,58.5,4,6.8,Yes,Graduate,Yes,High,1,Coaching,6,52.1,Average
13228,Male,19,1.3,88.0,57.3,2,8.1,Yes,School,Yes,Low,8,Coaching,5,74.3,Good
13229,Female,18,1.9,87.3,85.4,5,6.1,Yes,Graduate,No,Medium,6,Coaching,2,86.8,Excellent
13230,Male,19,4.1,100.0,59.0,10,6.0,Yes,School,Yes,Medium,1,Coaching,6,76.9,Good
13231,Male,21,5.5,92.5,92.9,7,6.7,Yes,School,No,High,1,Coaching,2,99.0,Excellent
13232,Male,16,0.9,85.6,66.5,10,8.4,Yes,School,No,Medium,10,Coaching,3,86.0,Excellent
13233,Male,16,2.9,95.6,62.6,8,8.8,Yes,Graduate,No,High,5,Self Study,2,96.1,Excellent
13234,Male,18,1.6,87.4,68.6,9,6.9,Yes,Graduate,Yes,High,10,Self Study,5,85.9,Excellent
13235,Male,15,3.4,77.4,62.6,15,6.2,Yes,Graduate,No,Medium,6,Self Study,3,86.3,Excellent
13236,Male,20,5.5,70.6,83.8,10,8.2,Yes,Postgraduate,No,Medium,2,Online,2,93.2,Excellent
13237,Female,21,3.1,76.3,80.4,15,5.2,Yes,Graduate,Yes,Medium,8,Self Study,6,78.2,Good
13238,Male,19,3.7,81.6,83.2,15,7.3,Yes,School,No,Medium,5,Self Study,5,91.8,Excellent
13239,Male,21,6.1,83.8,70.6,10,7.0,Yes,Postgraduate,No,Medium,4,Self Study,5,93.5,Excellent
13240,Male,15,4.5,60.6,61.6,15,8.4,Yes,Graduate,No,Medium,3,Self Study,3,89.5,Excellent
13241,Female,19,2.6,79.8,67.9,5,8.5,Yes,School,No,Medium,5,Online,5,84.0,Excellent
13242,Female,18,4.1,82.3,62.0,9,6.0,Yes,School,Yes,High,10,Coaching,6,78.1,Good
13243,Female,16,,87.5,88.5,3,7.2,No,Graduate,No,Medium,3,Self Study,3,78.3,Good
13244,Male,17,4.5,98.3,82.0,3,6.4,Yes,Graduate,No,Medium,6,Online,3,95.8,Excellent
13245,Male,18,4.6,83.9,66.7,3,6.7,No,Graduate,No,Medium,1,Online,6,72.2,Good
13246,Female,19,1.6,72.9,55.0,3,7.7,Yes,School,Yes,Low,8,Coaching,5,73.5,Good
13247,Male,16,4.1,63.8,89.6,7,6.6,Yes,Postgraduate,Yes,Low,9,Coaching,4,91.0,Excellent
13248,Female,19,3.6,88.9,69.9,12,7.2,Yes,Graduate,Yes,Medium,10,Coaching,5,100.0,Excellent
13249,Female,21,4.7,73.3,66.2,15,8.1,No,Graduate,Yes,Medium,9,Coaching,6,90.8,Excellent
13250,Male,15,5.1,90.7,89.7,15,8.7,Yes,School,No,Medium,7,Online,4,100.0,Excellent
13251,Female,21,4.6,96.0,60.9,4,7.3,Yes,Graduate,No,Low,6,Coaching,4,69.8,Good
13252,Female,19,3.3,66.6,63.5,8,7.1,Yes,Postgraduate,No,Medium,9,Self Study,5,81.9,Excellent
13253,Male,17,5.3,87.5,64.8,8,5.8,Yes,School,Yes,High,1,Self Study,2,85.3,Excellent
13254,Male,20,2.4,,49.6,3,8.7,Yes,Graduate,No,Low,3,Self Study,6,52.9,Average
13255,Male,19,1.7,92.2,72.4,2,7.5,Yes,School,No,High,1,Self Study,4,71.5,Good
13256,Female,20,,61.0,57.3,6,7.1,Yes,Graduate,No,Medium,3,Coaching,3,56.8,Average
13257,Male,15,3.7,73.5,60.0,13,7.1,Yes,Postgraduate,No,High,3,Online,2,83.6,Excellent
13258,Male,15,2.5,69.2,58.1,7,7.4,No,Graduate,No,Medium,5,Self Study,2,74.7,Good
13259,Female,19,4.4,87.2,59.8,7,7.8,Yes,Graduate,No,High,7,Self Study,1,90.3,Excellent
13260,Male,17,0.6,86.1,56.3,15,8.0,Yes,School,No,Medium,9,Coaching,4,81.1,Excellent
13261,Male,16,2.8,55.0,71.5,7,8.8,No,Postgraduate,Yes,Medium,6,Self Study,4,78.3,Good
13262,Female,17,4.6,79.0,65.8,11,7.3,Yes,Graduate,Yes,High,1,Self Study,6,93.7,Excellent
13263,Male,20,2.2,90.0,68.7,15,8.9,Yes,School,No,Low,1,Coaching,5,80.4,Excellent
13264,Male,16,4.5,83.5,100.0,3,8.2,Yes,Postgraduate,No,Medium,5,Self Study,5,94.6,Excellent
13265,Male,21,2.9,83.5,65.8,9,6.9,Yes,School,No,Medium,7,Coaching,7,78.5,Good
13266,Male,17,3.7,78.4,,6,5.2,Yes,School,Yes,Medium,9,Coaching,1,90.1,Excellent
13267,Male,16,4.8,71.4,78.1,3,7.1,Yes,,Yes,Medium,4,Coaching,5,75.6,Good
13268,Female,15,5.3,81.8,67.1,2,8.7,Yes,School,No,High,2,Self Study,4,84.3,Excellent
13269,Female,21,3.9,82.5,71.8,11,6.1,Yes,School,No,Low,2,Self Study,6,81.6,Excellent
13270,Male,15,2.5,88.2,68.3,11,7.1,Yes,School,No,High,7,Self Study,2,95.8,Excellent
13271,Female,17,3.1,89.0,70.8,9,7.2,Yes,Postgraduate,No,High,10,Self Study,4,95.7,Excellent
13272,Female,19,4.8,82.9,59.8,11,8.0,No,School,No,Medium,1,Self Study,3,78.1,Good
13273,Female,18,2.2,92.9,61.1,12,6.6,Yes,Graduate,No,Low,1,Coaching,3,78.5,Good
13274,Female,16,14.0,78.3,68.2,2,6.0,Yes,School,Yes,Medium,1,Self Study,9,70.7,Good
13275,Female,15,3.2,67.6,40.4,2,7.6,No,Graduate,No,Low,6,Online,4,59.9,Average
13276,Female,19,3.6,86.8,88.9,6,6.2,Yes,School,No,Medium,4,Coaching,6,76.9,Good
13277,Male,18,2.2,83.3,98.3,9,5.0,No,Postgraduate,No,Low,9,Self Study,7,96.3,Excellent
13278,Female,15,0.8,87.0,70.4,14,9.0,Yes,Graduate,No,Medium,9,Self Study,3,81.9,Excellent
13279,Male,16,4.6,69.4,,15,8.0,Yes,Postgraduate,Yes,Medium,6,Self Study,3,87.8,Excellent
13280,Male,18,5.3,99.9,83.1,13,9.1,Yes,Graduate,Yes,Medium,1,Coaching,4,100.0,Excellent
13281,Female,16,0.9,89.1,49.5,6,8.0,Yes,Graduate,No,High,6,Self Study,6,69.3,Good
13282,Male,17,4.4,79.1,81.0,10,7.7,Yes,School,No,Low,4,Self Study,5,86.1,Excellent
13283,Male,15,5.5,72.6,62.0,3,7.4,Yes,Graduate,Yes,Medium,9,Coaching,7,85.9,Excellent
13284,Male,20,4.8,92.8,100.0,8,6.8,Yes,Graduate,No,High,8,Self Study,6,99.9,Excellent
13285,Male,19,3.1,71.0,65.4,3,7.6,Yes,Graduate,Yes,Medium,10,Self Study,6,74.9,Good
13286,Female,20,2.3,100.0,80.7,15,6.4,Yes,School,No,Medium,4,Self Study,7,79.4,Good
13287,Female,15,3.9,75.9,65.5,8,5.8,No,Graduate,No,High,4,Self Study,7,73.6,Good
13288,Male,17,4.2,99.2,98.8,12,6.6,Yes,School,No,Medium,5,Coaching,4,100.0,Excellent
13289,Male,16,4.0,80.2,60.8,3,8.4,Yes,Graduate,Yes,High,9,Coaching,2,94.5,Excellent
13290,Male,19,3.5,97.8,,15,5.6,Yes,Postgraduate,Yes,High,6,Self Study,4,94.6,Excellent
13291,Male,20,2.1,74.7,76.8,9,5.7,Yes,School,Yes,Medium,4,Coaching,3,72.4,Good
13292,Female,16,4.5,82.2,73.7,3,7.7,Yes,School,Yes,Medium,10,Self Study,3,93.6,Excellent
13293,Female,20,4.6,90.0,71.2,7,6.5,Yes,School,Yes,Medium,4,Self Study,5,79.1,Good
13294,Male,19,4.1,88.6,58.7,4,7.5,Yes,Graduate,No,High,9,Coaching,4,80.9,Excellent
13295,Male,20,4.0,93.0,31.8,2,8.1,Yes,Graduate,No,Medium,7,Self Study,5,58.1,Average
13296,Female,15,6.5,77.1,83.0,2,7.5,Yes,Postgraduate,Yes,Medium,1,Coaching,4,98.7,Excellent
13297,Female,21,2.8,82.8,61.2,11,6.3,Yes,Postgraduate,No,Medium,5,Self Study,6,77.5,Good
13298,Male,18,5.9,94.5,84.4,14,8.4,No,Graduate,Yes,Medium,7,Self Study,2,100.0,Excellent
13299,Male,16,2.6,74.9,72.9,11,7.8,Yes,Graduate,No,Medium,10,Self Study,3,90.9,Excellent
13300,Male,16,5.6,87.7,84.8,11,7.0,Yes,School,No,High,6,Coaching,1,100.0,Excellent
13301,Female,21,5.8,79.8,79.2,2,7.0,No,Postgraduate,No,Medium,1,Self Study,5,81.3,Excellent
13302,Male,21,3.3,84.1,33.5,4,7.4,Yes,Graduate,Yes,Low,4,Online,8,56.8,Average
13303,Male,15,6.5,82.8,76.6,2,6.7,No,School,No,High,10,Self Study,4,86.7,Excellent
13304,Female,18,4.6,74.1,63.2,15,5.2,Yes,Postgraduate,No,Medium,5,Self Study,5,73.9,Good
13305,Female,20,2.4,79.4,84.3,12,7.8,No,Graduate,No,Low,4,Coaching,4,97.1,Excellent
13306,Male,19,3.2,83.4,76.3,15,7.8,Yes,School,Yes,Medium,9,Self Study,4,92.8,Excellent
13307,Male,16,5.6,81.0,76.4,14,4.5,Yes,Graduate,No,High,5,Self Study,7,86.2,Excellent
13308,Male,17,5.3,97.7,64.2,5,7.6,No,School,No,High,8,Self Study,4,84.0,Excellent
13309,Female,17,2.1,92.1,55.2,9,8.9,Yes,School,No,Medium,1,Self Study,6,73.5,Good
13310,Male,17,3.6,84.9,61.9,11,5.8,No,School,No,Medium,6,Coaching,7,75.6,Good
13311,Female,21,4.1,74.4,42.8,12,6.9,Yes,Graduate,No,Medium,1,Coaching,6,64.3,Average
13312,Female,16,3.0,73.8,59.7,11,6.8,Yes,School,Yes,Medium,2,Self Study,5,69.0,Good
13313,Female,19,7.6,100.0,47.5,8,8.8,Yes,School,Yes,Medium,6,Coaching,4,95.1,Excellent
13314,Female,21,4.2,71.9,47.9,2,8.2,Yes,Graduate,No,Medium,7,Self Study,4,70.0,Good
13315,Male,20,3.7,83.1,69.6,15,6.0,Yes,School,Yes,Medium,2,Coaching,6,85.4,Excellent
13316,Male,20,5.7,85.6,75.5,11,7.4,Yes,Graduate,No,Low,5,Coaching,3,100.0,Excellent
13317,Female,16,3.2,78.9,67.6,13,9.5,Yes,Graduate,Yes,Low,5,Online,5,81.8,Excellent
13318,Male,15,5.4,72.0,61.0,5,6.3,Yes,School,Yes,Medium,5,Coaching,6,74.6,Good
13319,Male,20,1.1,74.2,54.7,3,7.0,Yes,School,Yes,High,9,Online,2,,
13320,Male,20,3.1,76.5,63.6,14,7.6,No,School,No,Medium,10,Online,2,87.2,Excellent
13321,Male,20,5.5,74.9,56.5,13,6.3,Yes,Graduate,Yes,Medium,1,Online,4,71.0,Good
13322,Male,17,6.3,95.3,67.1,13,8.9,Yes,Postgraduate,Yes,Medium,10,Coaching,5,100.0,Excellent
13323,Female,18,2.6,81.9,46.7,8,6.5,Yes,School,Yes,High,1,Self Study,6,55.6,Average
13324,Female,15,2.4,76.8,77.8,14,5.5,Yes,School,Yes,Medium,10,Coaching,3,86.0,Excellent
13325,Female,17,4.7,83.1,60.1,5,6.4,Yes,School,Yes,High,7,Coaching,6,80.7,Excellent
13326,Female,18,2.8,88.7,73.3,12,7.7,No,Graduate,No,Medium,8,Online,8,89.5,Excellent
13327,Male,15,3.4,78.6,80.4,8,6.1,Yes,Graduate,No,Medium,3,Coaching,3,80.6,Excellent
13328,Female,15,5.2,91.0,72.6,4,7.3,Yes,Graduate,Yes,Low,6,Self Study,3,87.6,Excellent
13329,Male,15,2.9,69.3,79.2,12,7.6,Yes,Graduate,Yes,Low,6,Self Study,5,84.1,Excellent
13330,Male,16,0.7,93.7,39.1,7,5.7,Yes,School,Yes,Medium,4,Self Study,5,54.3,Average
13331,Female,21,1.7,81.9,61.1,4,6.4,Yes,Graduate,Yes,High,6,Self Study,7,67.3,Good
13332,Male,19,3.8,81.5,83.4,11,7.4,Yes,Postgraduate,Yes,Low,10,Coaching,5,87.2,Excellent
13333,Male,21,0.8,75.1,75.1,12,7.8,Yes,School,No,Medium,2,Self Study,5,68.4,Good
13334,Male,16,3.3,69.7,93.9,6,6.4,Yes,Graduate,Yes,Medium,5,Self Study,4,92.9,Excellent
13335,Male,19,1.6,65.3,91.9,15,7.2,Yes,Graduate,Yes,Medium,4,Self Study,3,92.2,Excellent
13336,Male,21,6.4,74.4,72.2,11,6.7,No,School,No,Medium,3,Coaching,6,82.2,Excellent
13337,Female,17,7.3,87.9,64.5,2,7.8,Yes,Graduate,Yes,Medium,5,Self Study,5,82.3,Excellent
13338,Female,19,2.1,72.4,54.6,6,7.6,Yes,School,No,High,2,Self Study,5,62.9,Average
13339,Male,19,4.2,66.5,61.3,15,6.6,Yes,School,No,Medium,2,Self Study,5,67.1,Good
13340,Female,20,2.3,72.9,62.3,4,7.5,Yes,Graduate,Yes,High,9,Self Study,5,74.8,Good
13341,Male,21,3.3,78.2,59.7,15,6.5,Yes,Postgraduate,No,Medium,4,Coaching,2,84.7,Excellent
13342,Female,19,6.7,78.5,55.1,9,7.5,Yes,School,Yes,High,4,Online,1,89.7,Excellent
13343,Male,19,3.1,80.7,73.6,11,7.5,Yes,Graduate,Yes,High,7,Self Study,4,88.5,Excellent
13344,Male,21,3.3,92.3,91.8,11,9.6,No,School,No,Low,8,Online,4,98.5,Excellent
13345,Male,19,2.3,94.5,81.1,9,6.6,Yes,Graduate,No,Medium,9,Coaching,5,84.0,Excellent
13346,Female,17,,100.0,63.5,9,6.8,Yes,Graduate,Yes,High,7,Self Study,7,95.0,Excellent
13347,Female,19,0.5,65.8,82.2,9,6.3,Yes,Graduate,Yes,Medium,3,Self Study,5,77.0,Good
13348,Female,18,3.1,73.4,72.9,10,5.9,No,Postgraduate,No,Medium,3,Self Study,4,90.0,Excellent
13349,Female,16,3.7,89.0,67.4,12,6.5,Yes,Graduate,No,Medium,8,Self Study,5,88.2,Excellent
13350,Male,18,2.7,77.5,66.6,8,7.7,Yes,School,No,High,9,Self Study,2,93.4,Excellent
13351,Male,19,5.2,90.6,65.2,8,7.8,Yes,Postgraduate,No,Low,10,Online,4,98.7,Excellent
13352,Male,21,5.7,84.1,77.1,12,7.3,Yes,School,No,Medium,9,Self Study,3,99.6,Excellent
13353,Male,19,1.5,97.8,70.0,12,6.7,Yes,Graduate,No,Medium,7,Online,6,74.8,Good
13354,Male,16,7.1,92.4,57.8,11,6.5,Yes,Graduate,Yes,Low,2,Self Study,4,92.6,Excellent
13355,Male,21,1.5,92.6,57.1,8,6.0,Yes,Postgraduate,Yes,Low,5,Self Study,5,71.9,Good
13356,Male,19,5.9,77.9,72.3,10,6.4,Yes,Graduate,No,Medium,2,Coaching,5,96.8,Excellent
13357,Female,17,4.0,81.0,74.0,9,5.6,Yes,Graduate,No,High,5,Coaching,6,88.3,Excellent
13358,Male,20,3.0,78.9,63.6,8,8.5,Yes,Graduate,No,High,7,Online,8,82.9,Excellent
13359,Female,17,3.1,66.9,52.2,4,9.0,No,Graduate,No,High,7,Self Study,6,65.8,Good
13360,Female,17,3.7,96.7,85.5,9,4.9,Yes,Postgraduate,No,High,3,Self Study,5,90.8,Excellent
13361,Male,20,4.1,89.5,82.5,8,7.3,Yes,School,Yes,Low,7,Self Study,3,80.2,Excellent
13362,Male,21,2.3,78.5,40.2,2,7.3,Yes,School,No,Medium,4,Self Study,6,58.6,Average
13363,Female,18,3.4,95.0,86.8,15,7.2,Yes,Graduate,No,Low,7,Self Study,7,97.8,Excellent
13364,Female,17,2.6,75.7,65.1,11,6.3,Yes,School,No,Medium,10,Coaching,7,84.8,Excellent
13365,Male,21,1.9,63.6,70.7,3,8.1,Yes,Postgraduate,No,High,3,Self Study,4,70.3,Good
13366,Male,16,2.5,92.1,83.9,4,7.5,Yes,Graduate,No,Low,2,Online,6,66.5,Good
13367,Female,20,2.0,69.2,91.1,9,8.1,No,Graduate,Yes,Medium,10,Coaching,5,86.2,Excellent
13368,Female,19,,80.0,82.0,14,6.2,Yes,Graduate,No,Medium,5,Self Study,7,82.7,Excellent
13369,Male,20,4.5,84.1,71.4,8,5.5,Yes,Postgraduate,No,Low,3,Self Study,5,82.0,Excellent
13370,Male,17,4.0,85.9,48.7,13,7.5,Yes,Graduate,No,High,3,Coaching,5,69.5,Good
13371,Female,20,7.0,90.5,39.6,3,5.9,Yes,School,No,Medium,5,Self Study,2,78.3,Good
13372,Male,15,0.5,87.8,80.3,9,8.2,No,Graduate,Yes,Medium,4,Self Study,7,67.6,Good
13373,Female,20,4.6,87.5,86.8,13,4.7,Yes,Graduate,Yes,High,10,Self Study,3,100.0,Excellent
13374,Male,15,3.8,74.1,56.6,13,6.5,Yes,Postgraduate,Yes,Low,4,Self Study,5,63.7,Average
13375,Male,19,5.1,84.9,64.2,5,6.3,Yes,Graduate,Yes,Medium,5,Coaching,4,90.3,Excellent
13376,Male,16,4.9,66.9,60.2,11,6.6,Yes,Graduate,Yes,Medium,3,Self Study,3,80.3,Excellent
13377,Male,21,3.5,97.6,59.8,2,7.3,Yes,Graduate,Yes,Medium,8,Self Study,6,66.3,Good
13378,Female,20,4.1,68.0,83.0,3,7.4,Yes,Graduate,Yes,Medium,8,Coaching,4,97.2,Excellent
13379,Male,15,2.6,78.5,71.1,14,7.7,Yes,Graduate,No,Medium,6,Coaching,1,99.6,Excellent
13380,Female,21,4.8,68.8,64.8,12,7.8,Yes,School,No,Medium,9,Self Study,4,93.6,Excellent
13381,Male,16,0.8,74.7,100.0,4,6.8,Yes,School,No,Low,3,Self Study,5,73.0,Good
13382,Female,18,5.0,82.1,47.9,15,9.3,Yes,Graduate,Yes,High,6,Self Study,6,82.6,Excellent
13383,Female,15,3.8,76.7,75.7,15,8.5,Yes,Graduate,No,Medium,8,Self Study,2,97.4,Excellent
13384,Female,15,3.0,93.4,53.3,2,6.7,Yes,School,Yes,High,9,Self Study,8,72.5,Good
13385,Male,16,3.4,84.3,65.8,2,6.8,Yes,Postgraduate,No,Low,4,Coaching,6,69.7,Good
13386,Female,18,3.5,77.4,70.1,5,6.6,No,School,No,High,2,Self Study,4,68.8,Good
13387,Female,18,5.9,80.7,79.8,13,7.4,Yes,Graduate,No,High,8,Online,3,100.0,Excellent
13388,Female,20,9.0,94.2,64.3,10,5.9,Yes,Postgraduate,No,Low,6,Self Study,2,100.0,Excellent
13389,Male,16,5.8,91.1,62.9,9,6.1,Yes,Postgraduate,Yes,Medium,1,Self Study,5,89.3,Excellent
13390,Male,20,2.9,70.6,64.1,7,4.6,Yes,Postgraduate,No,Medium,9,Online,4,86.4,Excellent
13391,Male,15,4.8,75.2,52.9,8,6.6,Yes,Postgraduate,No,Medium,5,Online,4,84.4,Excellent
13392,Female,17,4.9,86.7,76.9,10,8.2,Yes,Graduate,No,High,7,Self Study,2,93.6,Excellent
13393,Female,16,2.3,85.5,71.9,2,6.8,Yes,Graduate,Yes,Low,4,Self Study,6,69.2,Good
13394,Male,15,1.8,71.5,74.1,10,6.9,Yes,Postgraduate,No,High,10,Coaching,5,88.2,Excellent
13395,Female,19,3.7,89.5,67.0,5,7.3,Yes,Graduate,No,Medium,5,Coaching,4,87.4,Excellent
13396,Female,21,5.1,73.1,65.3,13,5.9,Yes,Graduate,No,Medium,6,Self Study,4,90.9,Excellent
13397,Male,19,1.2,95.0,84.5,4,7.0,Yes,School,No,Medium,6,Self Study,4,78.9,Good
13398,Male,20,2.6,87.3,82.3,2,8.0,Yes,Graduate,No,Medium,10,Self Study,5,82.2,Excellent
13399,Female,19,4.7,70.7,87.8,8,7.3,Yes,School,Yes,Medium,7,Coaching,2,100.0,Excellent
13400,Female,15,3.9,76.7,73.2,8,8.1,No,Graduate,No,Low,1,Self Study,6,75.5,Good
13401,Male,17,6.1,76.5,86.9,9,8.4,Yes,Graduate,No,High,9,Self Study,4,100.0,Excellent
13402,Female,20,1.5,83.6,62.2,14,7.7,Yes,School,No,Medium,1,Online,4,69.6,Good
13403,Female,15,7.6,80.0,65.2,11,6.2,Yes,Graduate,Yes,Medium,6,Online,5,100.0,Excellent
13404,Female,15,1.3,70.5,84.7,7,6.6,Yes,Graduate,No,High,4,Coaching,6,77.9,Good
13405,Female,20,0.6,68.1,79.8,12,9.1,No,Postgraduate,Yes,High,5,Self Study,3,83.2,Excellent
13406,Female,15,3.7,87.5,63.9,9,7.3,Yes,School,No,Medium,9,Self Study,7,80.6,Excellent
13407,Male,21,2.0,84.9,53.4,5,7.2,Yes,School,No,Low,2,Coaching,1,68.9,Good
13408,Male,20,,83.1,65.1,2,6.1,Yes,Graduate,Yes,High,1,Coaching,7,63.8,Average
13409,Male,19,3.7,84.7,58.4,2,6.9,Yes,Graduate,No,Low,10,Self Study,4,78.5,Good
13410,Male,18,3.5,75.8,92.1,5,7.8,Yes,Graduate,Yes,Medium,3,Self Study,6,74.9,Good
13411,Female,15,2.5,83.8,78.6,13,7.0,Yes,Graduate,No,High,5,Online,7,84.6,Excellent
13412,Male,17,4.5,100.0,57.3,8,6.4,Yes,Postgraduate,No,Low,10,Self Study,4,78.9,Good
13413,Male,20,3.3,93.7,53.4,8,6.7,Yes,School,Yes,Low,8,Online,4,66.0,Good
13414,Male,21,5.6,79.1,57.1,7,8.3,Yes,Graduate,Yes,Medium,7,Self Study,4,89.5,Excellent
13415,Male,18,3.5,76.8,60.2,5,7.7,Yes,School,No,Medium,1,Coaching,3,67.1,Good
13416,Male,20,2.3,53.4,65.7,12,7.6,Yes,Postgraduate,Yes,Medium,4,Self Study,4,77.6,Good
13417,Female,20,1.1,92.7,83.6,2,7.5,Yes,Postgraduate,Yes,High,6,Self Study,5,82.7,Excellent
13418,Female,15,3.5,89.9,54.5,10,5.7,Yes,Graduate,No,High,1,Online,3,79.0,Good
13419,Male,19,1.8,,100.0,15,7.3,Yes,Postgraduate,Yes,High,7,Coaching,4,97.3,Excellent
13420,Female,19,1.6,67.7,54.8,14,8.2,Yes,School,Yes,Low,8,Self Study,6,68.7,Good
13421,Female,18,4.6,70.4,48.3,7,6.7,Yes,Graduate,No,Medium,4,Self Study,6,65.1,Good
13422,Male,20,1.0,86.4,91.6,13,8.1,Yes,Graduate,No,High,10,Self Study,5,99.0,Excellent
13423,Female,21,6.1,81.1,86.5,5,7.6,Yes,Postgraduate,Yes,Low,10,Coaching,4,98.7,Excellent
13424,Male,18,4.1,88.9,65.4,5,7.9,Yes,Graduate,No,Medium,8,Self Study,4,83.8,Excellent
13425,Male,17,3.7,82.9,73.3,6,7.1,Yes,School,Yes,Low,4,Self Study,2,85.7,Excellent
13426,Female,21,2.1,91.7,73.7,2,8.0,Yes,School,No,Low,2,Self Study,3,69.1,Good
13427,Male,21,5.0,85.7,69.9,5,5.4,Yes,School,No,Low,7,Coaching,6,69.6,Good
13428,Female,19,3.8,90.3,49.8,13,7.0,Yes,Postgraduate,No,Medium,6,Self Study,7,72.1,Good
13429,Female,19,2.7,61.1,33.3,12,7.8,Yes,Graduate,No,Medium,8,Online,3,76.3,Good
13430,Female,15,4.1,69.7,56.2,6,7.3,Yes,Graduate,No,Low,5,Coaching,6,71.5,Good
13431,Female,17,1.1,78.4,93.4,6,8.2,No,School,No,Medium,2,Online,3,80.4,Excellent
13432,Female,16,1.2,92.8,94.0,6,6.8,Yes,Graduate,No,Low,10,Self Study,4,89.2,Excellent
13433,Female,18,2.0,100.0,64.3,3,6.4,No,Graduate,Yes,Low,10,Self Study,5,85.0,Excellent
13434,Male,20,4.4,80.4,54.6,4,5.2,No,Graduate,Yes,High,8,Online,4,67.0,Good
13435,Male,16,3.8,75.9,71.9,15,6.7,Yes,Graduate,Yes,Medium,1,Self Study,4,83.0,Excellent
13436,Female,21,5.5,62.5,74.1,11,7.6,Yes,School,No,Medium,9,Online,4,91.1,Excellent
13437,Male,15,2.3,90.6,76.4,11,7.8,Yes,School,No,Medium,10,Self Study,6,85.2,Excellent
13438,Male,15,4.7,76.5,32.6,5,5.5,Yes,Postgraduate,Yes,Low,5,Coaching,2,76.0,Good
13439,Male,21,3.6,100.0,100.0,13,8.3,Yes,Graduate,Yes,High,6,Coaching,5,100.0,Excellent
13440,Female,15,2.3,74.6,83.9,4,5.9,No,Graduate,No,Low,1,Coaching,7,65.7,Good
13441,Male,20,4.4,100.0,65.2,15,6.9,Yes,Postgraduate,Yes,Medium,7,Coaching,4,88.7,Excellent
13442,Male,20,3.7,89.5,57.9,9,6.4,No,Graduate,No,Medium,8,Self Study,4,94.7,Excellent
13443,Male,17,2.8,71.7,81.8,6,7.5,Yes,Graduate,No,Medium,3,Self Study,3,80.6,Excellent
13444,Male,15,3.9,84.3,74.9,12,7.1,Yes,Graduate,No,High,7,Self Study,8,86.1,Excellent
13445,Female,17,3.6,89.7,69.3,7,7.7,Yes,School,Yes,High,3,Online,7,85.2,Excellent
13446,Male,15,3.6,79.7,74.4,5,9.0,No,Graduate,No,Low,2,Self Study,4,74.7,Good
13447,Female,19,3.1,90.4,66.4,11,7.4,Yes,Postgraduate,Yes,Low,1,Self Study,7,82.1,Excellent
13448,Female,21,1.7,90.2,73.6,12,6.4,Yes,Graduate,No,Medium,8,Self Study,4,83.1,Excellent
13449,Male,21,3.9,88.0,78.2,10,7.5,Yes,School,Yes,Low,3,Online,4,95.3,Excellent
13450,Female,20,2.5,81.8,72.8,8,9.1,Yes,Postgraduate,No,Medium,2,Online,3,86.0,Excellent
13451,Female,20,2.2,70.3,72.1,6,,Yes,School,No,Medium,10,Online,2,79.1,Good
13452,Female,21,3.4,81.2,87.5,7,8.0,Yes,Graduate,No,High,8,Self Study,4,100.0,Excellent
13453,Male,20,5.0,83.8,45.6,14,5.2,No,Graduate,Yes,High,3,Coaching,4,84.3,Excellent
13454,Male,19,4.1,63.2,,7,7.4,Yes,Graduate,Yes,Medium,8,Self Study,5,72.9,Good
13455,Female,21,3.0,83.7,68.4,15,6.7,No,School,No,Low,5,Coaching,6,70.3,Good
13456,Female,17,2.9,81.0,57.8,4,6.3,Yes,Graduate,Yes,High,1,Online,5,73.2,Good
13457,Female,17,4.8,69.0,62.5,4,7.0,Yes,Graduate,Yes,Low,3,Self Study,3,83.0,Excellent
13458,Female,21,0.5,78.7,86.0,6,7.1,No,Postgraduate,Yes,Low,8,Self Study,4,80.6,Excellent
13459,Male,17,5.1,78.9,65.9,2,6.3,Yes,Postgraduate,No,Medium,8,Self Study,7,80.2,Excellent
13460,Female,17,0.8,100.0,42.4,14,7.2,Yes,School,No,Medium,5,Self Study,6,75.0,Good
13461,Male,16,1.5,84.2,62.1,6,6.8,Yes,School,No,Low,10,Self Study,8,69.0,Good
13462,Female,16,3.0,92.4,68.8,3,7.8,Yes,Graduate,No,Medium,6,Self Study,8,69.9,Good
13463,Male,19,7.3,80.8,68.6,10,7.3,Yes,Graduate,No,Low,1,Self Study,3,86.5,Excellent
13464,Male,21,6.5,63.3,75.8,15,7.4,Yes,School,No,High,10,Self Study,5,100.0,Excellent
13465,Female,15,4.9,,74.6,15,8.1,Yes,School,Yes,Medium,1,Coaching,3,97.0,Excellent
13466,Female,19,4.4,,66.1,3,7.6,Yes,School,No,High,10,Coaching,6,88.1,Excellent
13467,Female,20,0.8,78.6,51.3,13,7.0,Yes,Graduate,No,Medium,1,Online,7,63.5,Average
13468,Male,21,4.1,71.5,,7,4.7,Yes,Graduate,Yes,Medium,4,Self Study,1,83.2,Excellent
13469,Male,20,2.9,82.7,59.3,13,7.6,Yes,Postgraduate,No,High,1,Coaching,5,82.2,Excellent
13470,Female,16,2.5,92.7,64.0,10,6.0,Yes,School,Yes,Medium,8,Online,4,87.2,Excellent
13471,Male,18,4.0,91.3,77.7,12,6.9,Yes,Graduate,No,Low,4,Self Study,4,92.2,Excellent
13472,Male,21,3.0,97.9,73.7,13,7.4,Yes,Graduate,No,Medium,6,Coaching,4,91.0,Excellent
13473,Female,21,5.2,99.3,79.5,14,8.5,Yes,Graduate,No,Low,2,Online,6,92.1,Excellent
13474,Male,19,0.7,61.5,62.6,4,9.0,Yes,School,Yes,Medium,9,Coaching,4,72.0,Good
13475,Female,21,3.9,70.1,89.1,12,6.0,Yes,School,Yes,High,5,Self Study,3,92.5,Excellent
13476,Male,19,2.4,63.9,77.4,3,5.6,Yes,School,No,High,4,Self Study,4,78.1,Good
13477,Female,15,3.1,88.3,69.6,15,7.4,No,Graduate,No,Medium,1,Self Study,4,83.2,Excellent
13478,Female,21,4.3,75.1,76.4,10,7.3,No,Graduate,No,Medium,5,Coaching,5,77.9,Good
13479,Female,16,2.0,77.1,58.5,4,5.7,Yes,Graduate,Yes,Medium,8,Coaching,7,61.4,Average
13480,Female,17,4.1,79.8,38.5,6,7.0,Yes,Graduate,No,Low,2,Self Study,5,61.6,Average
13481,Male,16,3.5,85.8,59.5,14,7.7,Yes,Graduate,No,Medium,6,Self Study,6,85.5,Excellent
13482,Female,20,2.7,67.1,78.5,11,5.6,Yes,School,Yes,Medium,10,Self Study,6,76.3,Good
13483,Female,15,3.0,69.4,69.1,5,5.9,Yes,School,Yes,Medium,9,Coaching,6,78.5,Good
13484,Female,19,3.6,82.0,66.1,13,6.3,Yes,School,No,Low,10,Self Study,7,75.1,Good
13485,Female,21,2.6,94.0,56.1,12,6.8,Yes,School,No,Medium,9,Self Study,9,73.5,Good
13486,Female,20,3.8,81.7,40.6,3,7.8,Yes,Postgraduate,Yes,Medium,3,Coaching,6,69.8,Good
13487,Female,17,3.4,74.1,87.9,5,6.6,No,Postgraduate,No,Medium,2,Self Study,5,72.8,Good
13488,Female,21,2.8,60.5,65.1,13,7.1,Yes,Graduate,No,High,6,Coaching,4,84.1,Excellent
13489,Male,17,6.3,91.5,62.0,6,9.5,Yes,Graduate,No,Medium,8,Self Study,4,100.0,Excellent
13490,Male,19,4.5,74.6,58.6,2,5.9,No,Graduate,No,Medium,4,Self Study,7,64.3,Average
13491,Female,18,3.2,70.5,85.6,10,6.3,Yes,Graduate,Yes,Low,3,Coaching,3,85.8,Excellent
13492,Male,15,4.0,64.8,,14,7.7,Yes,Graduate,Yes,Medium,2,Self Study,7,82.8,Excellent
13493,Female,15,2.2,67.6,54.5,9,8.1,Yes,School,No,Medium,6,Self Study,4,70.4,Good
13494,Female,16,,72.4,84.3,15,7.5,Yes,Postgraduate,No,Medium,1,Online,4,88.3,Excellent
13495,Male,21,3.3,79.6,66.0,3,9.0,Yes,Graduate,Yes,Medium,7,Coaching,5,80.5,Excellent
13496,Female,21,1.8,69.9,59.5,11,7.3,Yes,School,No,Low,9,Self Study,4,64.0,Average
13497,Female,17,4.4,83.9,63.9,11,4.8,Yes,Graduate,Yes,Medium,9,Coaching,6,88.0,Excellent
13498,Female,21,3.0,79.5,57.0,15,,Yes,Postgraduate,Yes,High,3,Self Study,3,78.2,Good
13499,Male,15,3.2,100.0,49.5,9,6.4,Yes,Postgraduate,Yes,Low,1,Coaching,6,74.0,Good
13500,Female,21,2.9,65.0,78.9,13,8.5,Yes,Graduate,No,Medium,6,Coaching,5,90.3,Excellent
13501,Male,16,8.5,83.6,64.9,4,8.1,Yes,Graduate,No,High,8,Self Study,3,100.0,Excellent
13502,Female,15,2.7,83.7,76.6,2,5.3,Yes,Graduate,No,Low,10,Coaching,6,72.4,Good
13503,Male,20,0.5,71.7,72.0,12,,Yes,Graduate,Yes,High,2,Self Study,5,75.9,Good
13504,Female,17,1.2,,75.7,2,8.0,Yes,School,No,High,1,Self Study,6,65.4,Good
13505,Female,17,5.0,89.7,39.4,14,6.6,Yes,School,Yes,Medium,2,Self Study,4,72.9,Good
13506,Female,20,5.9,83.0,55.9,2,6.9,Yes,Graduate,Yes,Medium,6,Online,4,93.3,Excellent
13507,Male,17,2.7,95.8,76.0,11,8.5,Yes,Graduate,No,High,2,Coaching,2,88.2,Excellent
13508,Female,20,5.8,60.2,50.2,8,4.8,Yes,Graduate,No,Low,10,Online,7,75.3,Good
13509,Female,16,5.0,73.6,73.2,11,7.5,Yes,Graduate,Yes,Medium,4,Self Study,2,100.0,Excellent
13510,Male,15,3.5,96.8,48.5,10,8.2,Yes,Graduate,Yes,Medium,9,Self Study,7,81.6,Excellent
13511,Female,17,3.4,91.1,68.2,8,6.9,Yes,Graduate,No,High,4,Coaching,4,82.3,Excellent
13512,Female,19,4.1,87.4,90.5,8,7.7,Yes,Postgraduate,Yes,Medium,3,Self Study,7,,
13513,Female,16,5.2,94.3,78.8,9,7.1,Yes,Graduate,No,Medium,1,Online,6,79.7,Good
13514,Female,16,4.4,62.8,42.1,11,6.1,Yes,Graduate,No,Low,3,Coaching,6,65.9,Good
13515,Female,20,2.7,90.0,79.9,11,6.1,Yes,School,No,Low,8,Online,5,85.0,Excellent
13516,Female,18,3.5,92.6,93.5,8,7.8,No,School,No,High,8,Self Study,3,95.8,Excellent
13517,Female,18,7.0,75.4,100.0,6,6.3,Yes,Postgraduate,No,Medium,7,Self Study,4,100.0,Excellent
13518,Male,16,4.2,100.0,74.7,2,5.3,Yes,School,No,Medium,1,Self Study,4,76.8,Good
13519,Female,15,5.2,84.0,48.9,12,7.1,Yes,Graduate,No,Medium,4,Online,4,73.9,Good
13520,Female,15,4.7,60.1,74.1,5,6.4,Yes,School,Yes,Low,6,Self Study,2,88.7,Excellent
13521,Female,19,4.2,85.8,90.3,8,5.7,Yes,Graduate,No,Medium,10,Coaching,4,91.5,Excellent
13522,Female,15,4.0,74.8,65.4,15,7.1,Yes,Graduate,No,Medium,3,Coaching,1,93.4,Excellent
13523,Male,16,5.2,93.6,82.6,12,7.8,Yes,Graduate,Yes,High,2,Online,4,100.0,Excellent
13524,Male,21,4.9,87.5,56.2,6,7.0,Yes,Postgraduate,Yes,Low,9,Online,5,83.8,Excellent
13525,Male,17,4.2,76.0,73.2,8,5.8,Yes,School,Yes,Medium,5,Coaching,3,90.2,Excellent
13526,Male,20,2.7,97.0,33.1,6,7.5,Yes,Graduate,Yes,High,4,Self Study,4,70.2,Good
13527,Male,17,4.4,91.4,54.7,10,8.1,Yes,Postgraduate,No,High,4,Online,5,83.6,Excellent
13528,Male,21,3.7,73.7,67.9,4,9.4,Yes,Graduate,Yes,Medium,5,Self Study,6,65.8,Good
13529,Female,20,3.3,80.5,62.9,15,8.6,Yes,Postgraduate,Yes,Medium,5,Coaching,6,76.9,Good
13530,Male,18,8.1,87.2,49.8,15,5.9,Yes,Graduate,No,High,8,Self Study,4,100.0,Excellent
13531,Male,19,1.3,78.4,61.0,6,7.9,Yes,School,Yes,High,7,Coaching,5,77.9,Good
13532,Male,17,5.3,78.7,72.6,5,7.3,Yes,Postgraduate,No,High,1,Self Study,5,90.5,Excellent
13533,Male,21,2.4,82.4,66.8,9,5.7,No,Graduate,No,Medium,2,Coaching,8,81.3,Excellent
13534,Male,17,4.0,71.3,68.9,11,7.3,Yes,Graduate,Yes,Medium,7,Self Study,5,82.4,Excellent
13535,Female,20,7.9,,78.2,11,9.1,Yes,School,Yes,Medium,9,Coaching,4,100.0,Excellent
13536,Female,19,2.3,84.4,63.2,2,8.3,Yes,Graduate,Yes,High,10,Self Study,7,67.0,Good
13537,Male,19,2.6,62.1,87.0,11,5.9,Yes,Graduate,No,Medium,9,Self Study,5,83.0,Excellent
13538,Female,17,3.8,72.1,54.2,2,7.0,Yes,School,Yes,Low,7,Online,3,70.0,Good
13539,Male,20,2.4,64.3,95.0,6,7.5,Yes,Postgraduate,No,Medium,3,Coaching,6,79.4,Good
13540,Male,20,5.2,65.5,83.6,12,5.1,Yes,School,No,Medium,1,Self Study,5,87.4,Excellent
13541,Female,20,2.9,86.3,63.0,14,5.1,Yes,Graduate,No,Low,8,Coaching,5,85.9,Excellent
13542,Female,20,4.8,79.8,63.9,10,7.2,Yes,School,No,Low,10,Coaching,5,91.2,Excellent
13543,Female,16,1.7,79.4,70.9,4,7.2,Yes,Graduate,Yes,Low,5,Coaching,2,71.1,Good
13544,Male,21,0.9,68.8,76.4,11,5.0,Yes,Graduate,No,Medium,2,Self Study,5,69.0,Good
13545,Male,20,3.4,75.4,83.3,2,7.4,Yes,Graduate,No,Low,8,Online,3,86.9,Excellent
13546,Male,16,1.3,85.8,49.2,5,8.2,Yes,Graduate,No,Medium,4,Self Study,4,76.8,Good
13547,Male,21,6.2,81.5,74.1,3,6.8,Yes,Graduate,No,High,7,Coaching,4,94.2,Excellent
13548,Female,18,1.4,90.2,38.4,15,7.1,Yes,Postgraduate,Yes,Low,2,Self Study,4,67.3,Good
13549,Male,17,2.1,91.7,65.5,7,7.6,Yes,Postgraduate,No,Low,4,Coaching,8,77.9,Good
13550,Female,16,4.5,79.5,88.4,9,7.5,Yes,Graduate,No,Low,8,Self Study,5,90.7,Excellent
13551,Female,17,2.9,63.5,48.2,13,5.2,Yes,Graduate,No,High,9,Self Study,4,78.0,Good
13552,Female,15,1.4,74.4,45.6,15,6.0,Yes,School,No,Medium,3,Online,2,71.6,Good
13553,Male,19,7.1,81.0,71.1,15,6.6,Yes,School,No,Low,8,Online,3,96.6,Excellent
13554,Male,19,2.2,74.2,87.4,4,6.1,Yes,Graduate,No,Low,3,Online,5,70.4,Good
13555,Male,19,3.5,71.5,72.6,7,8.6,No,Graduate,Yes,Low,8,Coaching,3,85.4,Excellent
13556,Female,18,3.5,82.7,41.3,7,7.7,Yes,Graduate,Yes,Medium,5,Self Study,9,61.0,Average
13557,Male,17,4.9,100.0,44.4,13,5.8,Yes,Graduate,Yes,Medium,8,Coaching,2,83.4,Excellent
13558,Female,20,4.5,77.1,69.4,6,6.8,Yes,Graduate,Yes,Medium,3,Self Study,5,82.8,Excellent
13559,Female,21,2.5,82.0,51.5,5,8.2,Yes,Postgraduate,No,Medium,1,Self Study,5,69.8,Good
13560,Male,15,3.3,68.9,,12,6.3,Yes,School,Yes,Medium,8,Self Study,4,78.1,Good
13561,Female,17,3.4,94.4,70.7,8,7.9,Yes,Graduate,No,High,1,Self Study,1,84.0,Excellent
13562,Male,21,5.0,90.7,61.1,12,8.5,Yes,School,No,Medium,6,Self Study,4,91.3,Excellent
13563,Female,21,,90.1,93.4,7,8.3,Yes,School,No,High,1,Self Study,5,92.4,Excellent
13564,Male,21,7.0,95.6,76.3,8,7.2,Yes,Postgraduate,No,High,6,Coaching,5,100.0,Excellent
13565,Female,16,2.6,77.7,85.0,2,8.4,Yes,School,No,Medium,2,Online,5,,
13566,Female,18,3.8,79.0,80.9,2,6.4,Yes,School,No,Low,2,Self Study,7,67.1,Good
13567,Female,15,1.9,99.1,65.9,2,9.7,Yes,Graduate,No,Medium,10,Self Study,1,90.3,Excellent
13568,Male,21,1.7,88.3,65.3,4,7.3,Yes,School,Yes,Low,10,Self Study,5,72.7,Good
13569,Female,18,2.4,59.8,63.8,6,8.3,Yes,Graduate,No,Medium,5,Coaching,9,60.8,Average
13570,Male,16,2.2,86.5,77.5,2,6.6,Yes,Postgraduate,Yes,Medium,4,Self Study,7,74.0,Good
13571,Female,15,3.1,76.2,58.9,4,7.5,No,Graduate,Yes,Medium,7,Coaching,2,74.6,Good
13572,Male,20,2.2,91.0,92.2,13,7.6,Yes,Graduate,Yes,Medium,4,Self Study,5,86.7,Excellent
13573,Male,20,4.9,86.1,57.6,13,6.0,Yes,Graduate,No,Medium,2,Coaching,3,82.9,Excellent
13574,Male,21,2.5,64.6,71.0,6,5.9,Yes,Postgraduate,Yes,Low,3,Coaching,4,70.9,Good
13575,Male,21,2.4,84.7,64.8,15,6.8,Yes,School,No,Low,7,Self Study,8,73.1,Good
13576,Male,20,3.2,84.1,61.7,3,8.2,Yes,Graduate,No,Medium,10,Online,6,67.1,Good
13577,Female,20,5.4,85.6,98.4,2,5.0,Yes,Graduate,Yes,Low,7,Self Study,2,91.2,Excellent
13578,Male,20,4.1,87.8,61.9,6,6.6,Yes,Graduate,Yes,High,7,Self Study,3,94.9,Excellent
13579,Female,21,3.6,97.0,63.7,5,8.4,Yes,School,No,Medium,8,Coaching,4,85.3,Excellent
13580,Male,18,1.5,86.1,58.7,3,5.6,Yes,Graduate,No,High,1,Self Study,5,66.3,Good
13581,Female,20,2.0,82.2,68.6,13,8.4,Yes,Postgraduate,No,High,7,Online,5,89.3,Excellent
13582,Female,20,1.8,93.5,66.6,15,5.8,No,Graduate,No,Medium,2,Self Study,4,76.6,Good
13583,Male,15,5.9,100.0,52.3,5,6.0,Yes,School,Yes,Medium,5,Online,4,77.7,Good
13584,Female,19,4.6,91.2,62.1,6,6.8,Yes,School,Yes,High,5,Coaching,3,83.8,Excellent
13585,Female,17,2.4,84.1,76.5,12,9.1,Yes,Graduate,No,Low,8,Coaching,4,100.0,Excellent
13586,Female,15,2.9,86.3,82.4,15,6.3,Yes,Graduate,No,Medium,2,Self Study,6,80.7,Excellent
13587,Male,16,2.5,84.6,68.3,6,5.1,Yes,Postgraduate,Yes,Medium,10,Self Study,6,88.3,Excellent
13588,Male,15,2.4,82.2,68.8,11,5.5,Yes,Graduate,Yes,Medium,7,Online,4,80.0,Good
13589,Female,21,4.5,100.0,62.9,2,8.0,No,School,No,High,4,Coaching,6,77.0,Good
13590,Male,20,3.3,74.5,61.0,9,5.5,Yes,Graduate,No,Medium,4,Online,7,70.3,Good
13591,Female,15,7.1,93.5,55.1,15,8.3,Yes,Graduate,Yes,Medium,2,Self Study,4,93.0,Excellent
13592,Male,19,5.8,80.7,46.2,8,7.1,Yes,Graduate,No,Medium,4,Coaching,4,75.3,Good
13593,Female,19,5.9,67.2,58.2,10,7.0,No,Graduate,No,Medium,2,Online,7,74.0,Good
13594,Male,18,4.9,80.1,80.7,11,7.3,Yes,Graduate,No,Medium,8,Coaching,7,84.0,Excellent
13595,Male,19,3.1,76.5,62.1,10,6.1,No,School,Yes,High,8,Self Study,2,84.5,Excellent
13596,Female,21,4.8,87.8,63.2,11,7.2,Yes,School,No,Low,6,Online,6,82.7,Excellent
13597,Female,18,3.2,82.9,62.9,14,5.7,Yes,School,Yes,Low,10,Self Study,8,80.3,Excellent
13598,Female,19,6.4,71.8,85.4,2,8.5,Yes,Graduate,Yes,Low,2,Self Study,5,82.7,Excellent
13599,Female,18,4.4,96.7,55.0,14,5.9,Yes,School,Yes,Medium,9,Self Study,4,92.0,Excellent
13600,Male,17,4.2,92.9,71.9,14,7.5,Yes,Postgraduate,Yes,High,4,Online,4,98.7,Excellent
13601,Male,21,4.0,97.9,67.0,14,5.9,Yes,School,Yes,Medium,8,Online,8,85.5,Excellent
13602,Male,17,6.6,84.4,69.0,7,6.4,Yes,Graduate,No,Medium,9,Online,5,100.0,Excellent
13603,Male,20,1.5,81.6,71.4,10,6.6,No,Graduate,Yes,High,2,Self Study,6,74.7,Good
13604,Male,19,6.7,89.0,68.8,6,10.0,Yes,School,Yes,Low,9,Coaching,7,89.7,Excellent
13605,Female,19,3.5,76.2,79.1,13,7.0,Yes,Graduate,No,High,10,Self Study,3,100.0,Excellent
13606,Male,20,1.6,83.3,67.6,7,6.1,Yes,Postgraduate,Yes,High,8,Self Study,5,82.0,Excellent
13607,Male,20,2.6,80.2,92.4,6,6.5,Yes,Postgraduate,Yes,Medium,2,Coaching,5,94.4,Excellent
13608,Male,18,1.2,67.4,68.6,11,5.3,Yes,School,No,Medium,9,Self Study,5,61.4,Average
13609,Male,19,4.8,83.3,44.2,2,6.8,Yes,Graduate,No,Medium,3,Self Study,1,72.8,Good
13610,Male,18,2.1,77.6,76.9,7,9.0,Yes,School,No,Medium,1,Coaching,6,71.8,Good
13611,Female,17,4.1,79.6,73.5,4,7.4,No,Graduate,Yes,Low,7,Coaching,3,74.4,Good
13612,Male,20,5.6,85.6,68.5,7,13.0,Yes,Graduate,No,Low,2,Self Study,3,86.3,Excellent
13613,Female,21,2.7,94.7,64.4,8,6.0,Yes,Postgraduate,Yes,Low,6,Coaching,5,78.4,Good
13614,Female,19,3.4,73.5,38.4,2,6.8,No,Graduate,Yes,High,1,Online,4,50.1,Average
13615,Female,20,1.7,78.6,40.7,14,7.2,Yes,School,No,Medium,8,Self Study,5,64.3,Average
13616,Female,20,3.2,74.3,91.1,7,6.2,Yes,Postgraduate,No,Medium,2,Online,7,87.5,Excellent
13617,Male,17,7.9,73.7,59.8,7,7.4,Yes,Graduate,No,Medium,7,Coaching,6,94.6,Excellent
13618,Male,15,5.0,76.1,81.5,4,7.7,Yes,School,Yes,Medium,9,Self Study,4,86.0,Excellent
13619,Male,17,3.4,80.0,45.6,15,7.6,Yes,Postgraduate,No,Low,1,Self Study,4,69.1,Good
13620,Female,20,2.8,87.9,53.3,13,6.8,Yes,Graduate,No,Medium,1,Self Study,5,77.1,Good
13621,Female,20,3.7,85.2,77.5,8,8.2,Yes,Graduate,No,Medium,9,Coaching,3,84.2,Excellent
13622,Male,18,4.0,71.4,66.6,6,6.7,Yes,School,No,High,5,Self Study,5,79.3,Good
13623,Male,20,3.1,94.9,75.5,8,6.6,Yes,School,No,Low,6,Self Study,3,73.6,Good
13624,Female,15,4.6,91.4,67.8,15,8.6,No,School,Yes,High,3,Self Study,8,93.0,Excellent
13625,Female,19,2.3,73.0,65.1,5,5.8,Yes,Postgraduate,No,Medium,5,Online,5,75.0,Good
13626,Female,19,2.3,94.2,58.5,11,5.1,Yes,School,Yes,Medium,9,Self Study,4,,
13627,Female,18,4.4,85.3,51.3,14,6.0,Yes,Graduate,No,Low,9,Self Study,6,77.9,Good
13628,Female,20,1.9,80.4,,12,7.4,Yes,Postgraduate,No,Medium,9,Online,3,96.7,Excellent
13629,Female,18,5.0,85.6,89.9,14,8.4,Yes,,No,Medium,3,Self Study,3,91.0,Excellent
13630,Male,18,3.8,81.7,53.5,15,6.3,Yes,Postgraduate,Yes,Low,8,Coaching,6,82.4,Excellent
13631,Male,19,0.9,87.5,52.5,2,9.0,Yes,Postgraduate,No,High,5,Self Study,5,70.8,Good
13632,Female,20,4.0,83.9,63.1,5,7.0,Yes,Postgraduate,No,Medium,4,Self Study,6,64.5,Average
13633,Female,16,1.1,78.6,72.8,4,6.9,Yes,Postgraduate,Yes,Low,4,Self Study,1,80.2,Excellent
13634,Male,17,4.9,61.7,65.5,9,6.1,Yes,Graduate,Yes,Medium,10,Online,6,82.1,Excellent
13635,Female,17,3.4,87.3,75.0,7,9.1,Yes,School,Yes,Low,2,Coaching,3,88.8,Excellent
13636,Male,16,6.8,78.3,67.3,2,6.8,Yes,School,Yes,High,9,Self Study,2,92.0,Excellent
13637,Female,17,5.5,89.8,66.4,9,5.5,Yes,Graduate,No,Low,10,Coaching,2,89.6,Excellent
13638,Male,17,2.1,86.8,100.0,3,9.7,Yes,School,Yes,Medium,7,Coaching,4,85.9,Excellent
13639,Female,17,0.6,78.5,60.6,7,7.4,Yes,Graduate,Yes,Medium,1,Self Study,8,56.7,Average
13640,Female,17,2.6,92.2,91.0,7,7.9,Yes,School,Yes,Low,7,Self Study,6,84.0,Excellent
13641,Male,18,1.8,84.0,88.3,14,8.8,Yes,Graduate,Yes,Medium,2,Self Study,8,87.5,Excellent
13642,Male,19,,83.6,75.1,11,7.7,Yes,,Yes,Medium,4,Self Study,4,95.0,Excellent
13643,Female,17,3.8,80.6,41.0,10,8.1,No,School,No,High,1,Coaching,5,60.4,Average
13644,Male,20,5.3,98.8,68.4,13,7.1,Yes,Graduate,No,Medium,8,Coaching,2,100.0,Excellent
13645,Male,18,3.3,74.9,60.8,4,7.8,Yes,School,No,Low,5,Online,2,66.1,Good
13646,Female,20,3.5,78.8,68.3,5,7.0,Yes,Graduate,Yes,Medium,10,Coaching,4,,
13647,Male,15,3.7,69.6,53.1,12,7.0,Yes,School,No,Medium,7,Coaching,2,84.8,Excellent
13648,Male,16,5.6,89.3,78.6,12,7.1,No,Graduate,No,Medium,4,Coaching,3,100.0,Excellent
13649,Male,18,4.3,76.2,81.8,2,6.6,Yes,Postgraduate,Yes,High,8,Online,5,87.3,Excellent
13650,Female,17,2.1,77.3,84.4,5,7.6,Yes,School,No,Low,3,Coaching,7,67.5,Good
13651,Male,18,6.4,76.8,,5,7.6,No,Postgraduate,Yes,Medium,3,Online,4,81.9,Excellent
13652,Male,16,3.3,82.6,53.2,2,7.9,Yes,,No,Medium,3,Coaching,2,75.9,Good
13653,Male,18,3.1,69.5,72.9,11,7.7,Yes,Postgraduate,Yes,Low,8,Self Study,2,85.9,Excellent
13654,Male,19,0.5,59.6,,2,9.2,Yes,Postgraduate,No,Medium,10,Coaching,5,90.2,Excellent
13655,Male,20,4.8,86.6,69.0,13,8.2,Yes,,No,Low,9,Coaching,3,95.1,Excellent
13656,Male,16,4.0,60.9,74.3,10,6.8,No,School,No,High,6,Self Study,5,78.7,Good
13657,Male,17,4.0,90.5,64.7,12,7.5,Yes,School,No,Medium,1,Self Study,4,76.6,Good
13658,Male,18,3.2,97.6,61.0,8,8.6,Yes,School,Yes,Medium,10,Self Study,4,82.6,Excellent
13659,Female,18,2.9,80.4,77.2,15,6.0,No,Graduate,No,Medium,4,Self Study,7,71.8,Good
13660,Male,20,3.2,95.0,66.5,5,9.2,Yes,Postgraduate,Yes,Medium,7,Self Study,6,78.0,Good
13661,Male,17,4.5,81.8,73.6,9,6.1,Yes,School,Yes,Medium,5,Self Study,5,93.1,Excellent
13662,Female,19,4.8,98.0,75.1,2,8.0,Yes,Graduate,No,Medium,3,Coaching,3,92.5,Excellent
13663,Female,21,3.4,77.4,72.9,13,7.0,Yes,Postgraduate,No,High,4,Coaching,4,87.9,Excellent
13664,Female,17,5.3,58.4,75.8,9,6.9,Yes,School,No,Medium,6,Self Study,6,76.8,Good
13665,Male,20,3.7,81.2,56.1,4,5.6,Yes,School,Yes,Medium,5,Self Study,7,72.7,Good
13666,Male,17,3.0,99.1,55.2,13,8.0,Yes,School,Yes,Medium,2,Self Study,2,77.9,Good
13667,Male,17,4.1,87.3,67.4,15,5.6,Yes,School,Yes,Medium,4,Self Study,7,70.6,Good
13668,Male,19,1.6,76.8,67.7,2,5.4,Yes,Graduate,No,Medium,5,Coaching,4,72.2,Good
13669,Male,19,4.2,85.3,60.7,13,8.3,Yes,Graduate,Yes,Low,7,Coaching,5,82.3,Excellent
13670,Female,18,1.3,91.7,71.4,12,9.0,Yes,Graduate,No,Medium,5,Self Study,10,65.9,Good
13671,Male,16,2.2,81.1,80.7,6,6.3,Yes,School,No,High,2,Self Study,2,73.8,Good
13672,Female,15,0.6,100.0,84.6,10,8.1,Yes,Graduate,No,Medium,6,Online,6,86.3,Excellent
13673,Male,21,3.5,76.8,87.8,12,7.9,Yes,School,No,Medium,9,Online,4,93.9,Excellent
13674,Male,21,6.4,92.0,49.6,8,6.9,No,Graduate,Yes,Medium,4,Coaching,5,78.0,Good
13675,Female,21,3.6,89.6,51.7,11,8.5,No,School,No,Medium,7,Self Study,3,83.6,Excellent
13676,Female,18,4.8,75.0,63.9,2,6.8,Yes,Postgraduate,No,Medium,5,Self Study,1,79.1,Good
13677,Male,21,7.6,77.8,69.1,14,7.6,Yes,Graduate,Yes,Low,3,Self Study,2,89.2,Excellent
13678,Female,18,4.4,92.2,64.7,14,5.6,Yes,School,No,Low,9,Self Study,5,78.6,Good
13679,Male,15,2.6,83.4,60.3,4,5.7,No,Graduate,Yes,Low,10,Coaching,8,68.7,Good
13680,Male,16,2.8,85.4,63.7,8,8.3,No,Graduate,Yes,Medium,2,Self Study,5,69.8,Good
13681,Female,16,3.8,65.6,74.8,5,7.6,Yes,Postgraduate,No,Medium,7,Online,7,79.3,Good
13682,Male,17,2.8,88.6,49.4,7,6.8,Yes,Postgraduate,No,High,10,Coaching,4,88.9,Excellent
13683,Male,21,2.9,84.9,100.0,5,9.1,Yes,School,No,Low,6,Online,3,88.5,Excellent
13684,Male,17,5.4,81.4,68.3,14,9.1,Yes,Graduate,Yes,Low,6,Online,4,100.0,Excellent
13685,Male,19,5.4,85.6,82.7,11,7.5,Yes,School,No,Medium,10,Self Study,4,100.0,Excellent
13686,Male,16,1.2,77.9,59.9,13,5.4,Yes,Graduate,No,Low,7,Coaching,8,66.2,Good
13687,Male,19,2.5,76.1,76.0,13,6.9,Yes,School,No,Medium,9,Online,3,80.7,Excellent
13688,Female,18,3.1,79.6,69.4,12,6.1,Yes,Graduate,Yes,Low,2,Self Study,6,72.2,Good
13689,Female,16,4.8,77.4,80.0,4,7.1,No,Postgraduate,No,Low,6,Self Study,6,79.8,Good
13690,Male,18,5.6,100.0,65.2,13,6.0,Yes,Graduate,No,Medium,2,Self Study,5,92.2,Excellent
13691,Male,15,8.1,91.1,89.7,12,,Yes,Postgraduate,Yes,Medium,3,Self Study,5,100.0,Excellent
13692,Female,21,3.1,72.3,47.1,3,4.5,Yes,School,No,Low,8,Coaching,4,66.3,Good
13693,Male,19,3.1,100.0,81.3,3,7.2,Yes,Postgraduate,No,Medium,9,Self Study,3,92.7,Excellent
13694,Female,21,4.7,77.7,69.7,12,4.5,No,Postgraduate,No,Medium,10,Self Study,6,91.2,Excellent
13695,Female,21,2.7,82.3,53.7,7,6.6,Yes,Graduate,Yes,Low,8,Coaching,4,81.6,Excellent
13696,Male,16,3.6,,95.3,6,7.8,Yes,School,Yes,High,6,Online,5,96.0,Excellent
13697,Male,19,3.1,62.3,93.9,7,6.2,Yes,Graduate,No,Medium,5,Self Study,5,86.1,Excellent
13698,Male,15,0.5,79.6,39.0,14,5.8,Yes,Graduate,Yes,Low,2,Coaching,6,,
13699,Male,21,4.0,,70.5,7,6.9,Yes,School,Yes,Medium,8,Online,5,85.4,Excellent
13700,Male,20,3.5,84.1,,7,6.1,Yes,Postgraduate,Yes,Low,8,Self Study,6,84.8,Excellent
13701,Female,19,5.8,85.7,74.2,7,7.2,Yes,Graduate,Yes,Low,2,Coaching,4,90.6,Excellent
13702,Male,21,3.8,81.2,89.2,2,5.9,Yes,Postgraduate,No,High,10,Self Study,4,100.0,Excellent
13703,Female,20,1.8,80.8,86.3,2,6.9,Yes,School,No,Low,4,Coaching,7,70.5,Good
13704,Female,21,3.4,92.7,71.7,7,6.6,Yes,Graduate,Yes,High,7,Online,5,91.3,Excellent
13705,Male,15,0.5,85.0,99.9,2,7.0,Yes,School,Yes,High,2,Self Study,6,70.9,Good
13706,Male,15,1.9,82.4,81.1,12,8.8,Yes,School,Yes,Medium,2,Online,6,88.1,Excellent
13707,Male,21,4.8,83.5,63.1,7,7.2,Yes,School,No,Medium,7,Self Study,5,83.6,Excellent
13708,Female,16,3.4,100.0,60.3,9,7.6,Yes,School,No,Medium,5,Online,4,80.3,Excellent
13709,Male,17,5.3,83.7,85.4,6,6.3,No,Graduate,No,High,1,Self Study,3,88.8,Excellent
13710,Female,15,0.7,76.9,56.9,12,7.2,Yes,School,No,High,10,Self Study,5,72.6,Good
13711,Female,19,3.4,62.9,,7,6.7,Yes,School,Yes,Medium,9,Online,6,73.6,Good
13712,Female,20,3.0,67.7,64.6,2,7.0,No,Graduate,Yes,Low,2,Coaching,6,64.6,Average
13713,Female,20,5.3,77.3,73.0,8,7.7,Yes,Graduate,No,Low,7,Self Study,4,87.0,Excellent
13714,Female,19,4.9,80.9,65.3,4,6.4,Yes,Graduate,Yes,Low,2,Coaching,5,67.6,Good
13715,Female,19,4.8,76.4,49.6,10,6.6,Yes,Graduate,No,Low,8,Self Study,3,90.1,Excellent
13716,Female,18,6.3,85.5,84.3,9,6.5,Yes,School,Yes,Medium,8,Online,3,100.0,Excellent
13717,Female,18,3.2,76.3,62.3,8,6.4,Yes,Graduate,No,High,8,Self Study,6,79.0,Good
13718,Female,18,5.9,72.9,96.3,7,7.2,Yes,Graduate,No,Medium,6,Self Study,3,98.9,Excellent
13719,Female,21,2.1,88.1,72.3,10,6.6,Yes,School,No,Medium,1,Self Study,5,78.1,Good
13720,Male,16,2.1,95.7,85.7,11,8.6,Yes,School,Yes,Medium,3,Coaching,5,88.1,Excellent
13721,Female,18,5.0,70.9,76.8,14,9.9,Yes,Postgraduate,No,Medium,10,Self Study,4,99.2,Excellent
13722,Male,19,1.4,84.4,86.4,15,6.4,Yes,School,No,Medium,7,Self Study,7,80.3,Excellent
13723,Female,18,4.7,62.9,76.0,3,7.3,Yes,,No,High,4,Coaching,5,86.2,Excellent
13724,Male,15,4.0,67.3,71.3,11,8.1,Yes,School,No,Medium,10,Self Study,2,91.6,Excellent
13725,Female,17,5.5,76.1,83.3,3,6.7,Yes,Postgraduate,No,High,5,Coaching,5,91.0,Excellent
13726,Female,19,3.7,93.3,100.0,7,5.9,Yes,Graduate,No,Low,9,Self Study,4,93.8,Excellent
13727,Female,19,3.9,74.2,64.2,12,8.9,Yes,Postgraduate,Yes,Medium,9,Online,2,93.2,Excellent
13728,Male,20,4.6,73.8,79.1,9,7.8,Yes,Postgraduate,Yes,Medium,1,Coaching,6,91.2,Excellent
13729,Female,21,2.7,82.4,67.9,13,7.4,Yes,Graduate,No,Medium,10,Coaching,3,86.5,Excellent
13730,Female,19,2.7,82.4,75.1,14,8.6,Yes,School,No,Medium,9,Self Study,4,93.5,Excellent
13731,Female,19,4.6,74.1,68.6,15,7.8,Yes,Graduate,No,Low,10,Online,5,95.2,Excellent
13732,Female,17,3.8,100.0,37.8,11,6.9,Yes,Postgraduate,No,Medium,7,Coaching,5,81.5,Excellent
13733,Female,17,3.1,79.3,65.2,11,5.9,Yes,Postgraduate,Yes,Medium,7,Online,4,83.3,Excellent
13734,Female,20,3.7,83.1,82.0,13,6.5,Yes,Postgraduate,No,Medium,3,Self Study,3,83.3,Excellent
13735,Male,18,6.4,78.0,57.3,5,8.3,Yes,Postgraduate,Yes,High,2,Coaching,2,94.4,Excellent
13736,Female,20,3.1,86.4,80.9,6,7.8,Yes,Graduate,Yes,Medium,1,Coaching,3,76.8,Good
13737,Male,15,3.0,94.3,70.6,6,6.8,Yes,Graduate,No,High,2,Online,5,80.7,Excellent
13738,Female,15,1.1,98.6,65.3,12,8.9,Yes,Graduate,No,Low,10,Self Study,4,85.0,Excellent
13739,Female,16,3.7,74.4,80.7,6,6.8,Yes,Graduate,No,Medium,3,Self Study,2,88.6,Excellent
13740,Male,16,4.9,93.0,77.5,3,8.1,Yes,School,Yes,Low,1,Online,4,77.7,Good
13741,Male,19,5.1,87.5,73.9,13,7.2,Yes,Graduate,No,High,7,Self Study,3,93.7,Excellent
13742,Male,19,,91.7,82.2,12,9.1,Yes,School,No,Medium,2,Coaching,5,93.8,Excellent
13743,Female,18,5.3,81.1,70.8,10,7.8,Yes,School,No,High,6,Self Study,5,88.1,Excellent
13744,Male,17,5.0,80.1,45.0,14,7.1,No,Graduate,Yes,Medium,7,Online,7,67.0,Good
13745,Male,19,5.6,91.4,62.7,13,6.8,Yes,Graduate,Yes,Low,6,Self Study,5,88.9,Excellent
13746,Female,15,5.4,91.5,42.7,14,7.0,Yes,Graduate,No,Medium,8,Self Study,2,100.0,Excellent
13747,Male,18,6.3,97.7,77.2,5,6.2,Yes,Graduate,Yes,Medium,1,Online,1,99.0,Excellent
13748,Female,16,3.5,84.0,80.5,3,5.5,Yes,Graduate,No,Low,3,Self Study,2,73.5,Good
13749,Male,15,1.7,80.9,81.2,6,7.3,Yes,Graduate,Yes,Medium,5,Self Study,4,82.6,Excellent
13750,Male,16,4.9,57.4,74.8,13,6.4,Yes,Graduate,No,High,8,Online,2,100.0,Excellent
13751,Male,15,5.0,65.9,81.6,14,6.4,Yes,Graduate,No,Medium,6,Self Study,3,84.1,Excellent
13752,Male,18,6.3,78.1,45.9,3,6.9,Yes,School,No,Medium,8,Self Study,4,75.7,Good
13753,Male,18,5.9,71.0,66.5,13,7.1,Yes,Graduate,No,Medium,8,Coaching,3,100.0,Excellent
13754,Female,19,6.9,90.1,48.2,8,7.0,Yes,Graduate,Yes,Low,9,Self Study,4,79.9,Good
13755,Male,18,4.8,68.9,63.0,13,8.9,Yes,School,No,Medium,7,Online,3,87.3,Excellent
13756,Male,16,4.2,77.0,90.6,11,7.7,Yes,Postgraduate,No,Medium,8,Online,3,99.7,Excellent
13757,Male,15,1.6,77.4,83.3,2,9.3,Yes,School,No,Medium,7,Online,8,70.3,Good
13758,Male,19,4.3,94.0,77.3,8,6.5,Yes,Graduate,No,Medium,1,Online,5,91.8,Excellent
13759,Female,21,2.9,75.9,65.5,3,7.9,Yes,Postgraduate,Yes,Low,3,Online,5,78.5,Good
13760,Male,16,4.1,86.5,54.1,6,6.6,Yes,Graduate,Yes,Low,9,Self Study,6,74.2,Good
13761,Female,16,3.9,84.0,70.6,12,6.4,Yes,Graduate,No,Medium,1,Coaching,6,74.9,Good
13762,Male,17,4.6,91.0,83.5,11,9.4,No,Graduate,No,Medium,6,Online,3,100.0,Excellent
13763,Male,16,3.6,90.5,73.7,11,6.2,Yes,School,Yes,Medium,8,Coaching,7,89.6,Excellent
13764,Male,16,5.3,81.7,45.8,11,4.5,Yes,Graduate,No,Low,5,Online,4,76.0,Good
13765,Male,18,0.5,65.0,69.5,2,6.2,Yes,Graduate,Yes,Medium,2,Online,7,60.7,Average
13766,Female,20,4.1,79.7,41.2,10,4.8,Yes,,Yes,Medium,1,Self Study,3,71.0,Good
13767,Male,19,5.7,81.8,79.3,8,6.0,No,School,No,Low,7,Self Study,4,82.3,Excellent
13768,Male,21,6.8,84.9,58.3,9,6.1,Yes,Postgraduate,No,Medium,6,Self Study,4,86.7,Excellent
13769,Female,17,5.0,74.6,50.9,4,7.0,Yes,School,Yes,Medium,7,Online,5,74.5,Good
13770,Female,18,6.5,93.4,,11,4.7,Yes,Postgraduate,No,High,2,Online,3,88.9,Excellent
13771,Female,17,4.1,82.1,75.8,10,8.3,Yes,School,No,High,5,Coaching,2,92.3,Excellent
13772,Female,15,3.8,72.8,71.3,7,4.9,No,Graduate,No,Medium,6,Self Study,6,69.6,Good
13773,Female,17,4.6,77.4,98.7,2,6.9,No,Graduate,No,Medium,9,Self Study,4,93.8,Excellent
13774,Female,16,3.8,100.0,76.9,2,6.6,Yes,Graduate,No,Medium,2,Self Study,4,75.0,Good
13775,Female,18,2.5,88.6,59.0,7,7.9,Yes,Graduate,Yes,Medium,7,Self Study,8,74.7,Good
13776,Male,16,3.0,92.5,75.3,9,7.4,Yes,Graduate,No,Low,7,Online,4,88.0,Excellent
13777,Female,20,2.0,71.6,64.0,15,8.3,Yes,Graduate,Yes,Medium,6,Self Study,4,80.7,Excellent
13778,Male,20,4.6,75.1,85.7,12,6.6,Yes,Graduate,Yes,High,1,Coaching,1,100.0,Excellent
13779,Female,21,3.8,75.2,71.9,8,6.5,Yes,Graduate,Yes,Low,2,Online,3,83.0,Excellent
13780,Female,15,3.2,83.8,73.3,6,7.5,Yes,Graduate,Yes,Medium,7,Online,6,,
13781,Male,15,2.9,80.3,47.8,4,8.1,Yes,Graduate,No,Low,7,Self Study,3,71.3,Good
13782,Female,21,4.6,77.1,68.9,3,7.9,Yes,Graduate,No,Medium,7,Self Study,5,77.4,Good
13783,Female,20,5.0,78.4,67.2,3,7.4,Yes,School,Yes,Medium,8,Self Study,2,82.5,Excellent
13784,Male,19,2.0,74.1,53.7,14,7.3,Yes,School,No,Medium,4,Self Study,4,79.9,Good
13785,Female,17,1.7,80.2,64.9,2,7.0,Yes,Graduate,No,Medium,3,Self Study,4,66.4,Good
13786,Female,18,5.3,93.1,74.1,14,7.5,Yes,Postgraduate,Yes,High,10,Self Study,5,100.0,Excellent
13787,Female,18,1.6,66.9,67.9,10,9.2,Yes,School,No,Low,7,Coaching,4,75.6,Good
13788,Male,20,4.7,85.5,48.2,10,6.7,Yes,School,Yes,Medium,6,Self Study,3,82.5,Excellent
13789,Male,18,,95.8,64.2,15,6.6,Yes,Postgraduate,Yes,Medium,6,Coaching,5,96.7,Excellent
13790,Female,15,6.4,80.2,61.4,13,6.5,Yes,Graduate,No,Medium,8,Self Study,5,88.8,Excellent
13791,Male,19,5.0,76.7,70.7,4,7.4,Yes,Graduate,No,Medium,4,Self Study,5,85.3,Excellent
13792,Male,20,4.9,91.2,69.2,15,4.7,Yes,Graduate,Yes,High,5,Self Study,5,83.1,Excellent
13793,Male,17,7.4,72.2,62.2,4,6.9,No,Graduate,Yes,Medium,1,Self Study,2,84.9,Excellent
13794,Male,15,0.5,81.8,61.7,9,8.0,Yes,Graduate,No,Low,8,Self Study,7,62.9,Average
13795,Female,15,3.1,71.6,68.9,10,6.4,Yes,Postgraduate,No,Low,6,Coaching,5,68.4,Good
13796,Female,20,,63.3,81.5,5,7.2,Yes,Graduate,No,High,9,Self Study,5,88.9,Excellent
13797,Female,18,3.3,80.5,,10,9.3,Yes,Graduate,No,Low,3,Self Study,5,73.7,Good
13798,Female,18,5.8,69.4,87.9,10,7.4,Yes,School,No,Medium,5,Self Study,2,88.7,Excellent
13799,Male,21,3.7,81.9,83.9,15,4.5,Yes,School,No,Medium,1,Self Study,8,91.3,Excellent
13800,Male,15,4.0,93.2,89.0,14,,Yes,Postgraduate,Yes,Medium,10,Coaching,5,100.0,Excellent
13801,Male,16,3.4,100.0,87.2,7,6.7,Yes,Postgraduate,No,Medium,4,Coaching,5,94.7,Excellent
13802,Male,20,3.0,82.9,89.9,11,6.1,Yes,Postgraduate,Yes,Medium,2,Coaching,4,90.2,Excellent
13803,Male,18,2.9,92.2,51.9,13,7.1,Yes,School,No,Medium,7,Coaching,7,69.5,Good
13804,Male,15,4.2,86.0,77.1,2,6.7,No,Postgraduate,Yes,Low,9,Self Study,7,79.3,Good
13805,Male,19,2.6,78.2,85.1,11,8.3,Yes,School,Yes,Medium,2,Self Study,5,79.9,Good
13806,Male,15,5.3,62.8,87.6,14,5.8,Yes,Graduate,No,Low,6,Coaching,2,86.5,Excellent
13807,Female,20,4.8,98.3,57.2,3,6.8,No,Graduate,No,Medium,5,Coaching,4,90.7,Excellent
13808,Female,20,5.6,71.5,77.2,12,7.2,No,Graduate,No,Low,2,Coaching,4,86.7,Excellent
13809,Female,20,2.0,95.8,69.1,2,7.4,Yes,Graduate,No,Medium,3,Coaching,4,71.3,Good
13810,Female,18,1.1,87.4,93.9,7,7.2,Yes,Graduate,No,Low,7,Coaching,4,87.0,Excellent
13811,Female,16,3.8,72.2,,13,4.3,Yes,Postgraduate,Yes,Medium,10,Online,3,75.3,Good
13812,Male,21,8.4,85.1,57.2,15,7.1,Yes,School,No,Low,2,Coaching,6,84.1,Excellent
13813,Female,18,5.8,100.0,42.7,12,6.8,Yes,School,Yes,Medium,7,Online,5,93.5,Excellent
13814,Male,19,2.9,97.4,70.0,12,8.0,Yes,Graduate,No,High,9,Self Study,5,89.0,Excellent
13815,Male,15,4.5,76.9,99.7,5,7.8,Yes,School,Yes,Medium,8,Self Study,3,97.0,Excellent
13816,Male,19,5.0,74.9,67.4,13,7.3,No,School,No,Medium,9,Coaching,5,89.2,Excellent
13817,Male,19,1.6,83.0,69.4,11,7.3,No,School,Yes,Medium,10,Self Study,5,78.3,Good
13818,Male,17,,80.3,,15,8.5,No,School,No,Low,7,Self Study,3,93.3,Excellent
13819,Female,20,3.5,94.0,66.4,10,8.3,Yes,Graduate,No,Medium,1,Coaching,5,94.9,Excellent
13820,Female,15,3.7,89.4,73.1,2,7.3,Yes,Postgraduate,Yes,Medium,3,Self Study,5,75.5,Good
13821,Female,20,3.8,65.1,73.5,9,9.4,Yes,Postgraduate,No,Medium,5,Self Study,5,78.8,Good
13822,Female,21,5.6,86.6,56.2,12,6.3,Yes,Graduate,Yes,Low,10,Self Study,3,94.2,Excellent
13823,Female,18,2.6,80.2,66.7,13,5.7,Yes,School,No,High,3,Self Study,6,67.1,Good
13824,Male,15,1.1,82.4,78.4,7,7.0,Yes,Graduate,No,Medium,9,Coaching,7,83.6,Excellent
13825,Female,18,4.3,84.5,81.0,4,6.6,Yes,Graduate,Yes,Medium,7,Self Study,5,85.4,Excellent
13826,Female,18,0.5,94.0,86.2,14,4.3,No,Graduate,No,High,8,Self Study,10,76.8,Good
13827,Male,18,3.3,91.8,72.7,13,6.3,Yes,Graduate,No,Low,2,Coaching,5,84.2,Excellent
13828,Male,16,5.7,74.5,73.0,14,7.4,Yes,Graduate,No,Medium,4,Online,1,96.0,Excellent
13829,Female,19,4.7,81.4,78.5,11,6.9,Yes,School,No,Medium,5,Self Study,3,95.3,Excellent
13830,Female,16,5.5,77.5,59.7,13,6.1,Yes,Postgraduate,No,Medium,5,Self Study,3,92.3,Excellent
13831,Male,18,4.8,65.2,59.1,7,7.0,Yes,Graduate,Yes,Low,9,Self Study,5,81.0,Excellent
13832,Female,19,7.7,80.9,66.3,12,7.1,Yes,Graduate,Yes,High,4,Self Study,5,87.6,Excellent
13833,Male,19,2.9,100.0,50.1,8,7.8,Yes,Postgraduate,No,Medium,9,Coaching,5,81.2,Excellent
13834,Male,20,4.4,64.9,73.7,13,6.3,Yes,School,Yes,Medium,9,Self Study,5,85.5,Excellent
13835,Male,21,3.1,81.8,82.7,4,8.0,Yes,School,Yes,High,7,Self Study,8,89.1,Excellent
13836,Male,20,5.3,81.4,58.1,6,,No,Graduate,Yes,Low,4,Online,3,70.8,Good
13837,Female,20,3.7,84.9,74.1,5,6.4,Yes,Graduate,No,High,1,Self Study,5,74.4,Good
13838,Male,21,6.6,72.4,59.2,7,8.9,Yes,School,No,Medium,3,Self Study,3,90.0,Excellent
13839,Female,16,3.0,67.7,53.8,13,5.9,Yes,School,Yes,Medium,7,Online,3,71.7,Good
13840,Male,17,6.1,68.2,96.8,3,6.3,Yes,School,No,Medium,3,Self Study,1,89.6,Excellent
13841,Female,18,4.7,95.3,54.0,12,5.6,No,School,No,High,10,Self Study,7,91.1,Excellent
13842,Female,18,3.7,72.2,50.1,13,6.1,Yes,Graduate,No,High,5,Self Study,4,79.3,Good
13843,Female,19,4.7,77.0,71.0,11,7.2,Yes,School,No,Medium,3,Online,4,88.8,Excellent
13844,Female,15,4.2,100.0,71.8,11,7.8,Yes,Graduate,Yes,Medium,7,Online,5,97.8,Excellent
13845,Female,15,4.4,74.7,77.3,3,7.0,Yes,Graduate,Yes,High,2,Self Study,2,85.7,Excellent
13846,Male,20,3.5,85.4,96.0,10,6.6,Yes,Graduate,Yes,Medium,9,Coaching,3,100.0,Excellent
13847,Female,20,2.7,92.6,,5,5.6,No,Postgraduate,No,High,6,Self Study,5,79.0,Good
13848,Female,17,3.3,92.2,59.9,5,6.2,No,School,Yes,Medium,10,Self Study,4,74.0,Good
13849,Male,17,1.1,68.7,90.5,14,5.3,Yes,School,No,Medium,9,Online,3,96.1,Excellent
13850,Male,18,5.1,74.9,81.1,10,7.8,Yes,School,No,High,1,Self Study,5,83.0,Excellent
13851,Male,18,1.8,85.0,79.2,15,7.9,Yes,Graduate,No,Medium,9,Self Study,4,96.8,Excellent
13852,Male,16,3.5,100.0,,8,7.0,Yes,Graduate,Yes,Low,1,Self Study,5,77.7,Good
13853,Male,18,4.8,74.4,,7,7.5,Yes,School,No,Low,8,Online,4,86.1,Excellent
13854,Male,20,5.1,77.1,79.2,15,8.0,Yes,Graduate,No,Medium,4,Online,6,94.7,Excellent
13855,Female,20,1.0,86.2,70.7,10,7.1,Yes,Postgraduate,No,Medium,4,Coaching,6,76.9,Good
13856,Male,20,3.7,88.2,59.8,14,8.5,Yes,School,No,Medium,9,Coaching,3,82.1,Excellent
13857,Female,19,4.5,88.8,69.5,2,5.9,Yes,School,Yes,High,3,Coaching,7,75.4,Good
13858,Male,21,3.9,73.5,91.1,9,6.6,No,Graduate,No,Low,10,Online,4,85.0,Excellent
13859,Female,16,6.0,76.7,52.7,13,6.5,Yes,Graduate,No,Low,1,Coaching,3,85.1,Excellent
13860,Male,15,2.5,84.2,56.8,13,7.7,Yes,School,No,Medium,2,Coaching,3,76.7,Good
13861,Male,15,0.5,94.6,59.2,12,5.4,Yes,Graduate,Yes,Medium,4,Online,2,81.5,Excellent
13862,Male,21,5.1,79.6,62.2,4,8.6,Yes,School,Yes,High,3,Self Study,3,78.6,Good
13863,Female,19,2.9,81.8,67.8,9,7.6,Yes,Graduate,Yes,High,9,Self Study,5,78.5,Good
13864,Male,16,1.0,71.7,81.4,3,8.9,No,Graduate,No,Low,10,Online,3,73.1,Good
13865,Female,20,3.5,100.0,74.5,13,7.0,No,School,Yes,Medium,5,Online,8,93.8,Excellent
13866,Male,17,5.8,83.5,68.9,10,6.4,Yes,School,Yes,Medium,6,Self Study,1,100.0,Excellent
13867,Female,19,1.8,92.8,71.9,4,7.7,Yes,Graduate,No,High,4,Coaching,4,91.6,Excellent
13868,Male,16,7.5,82.3,76.7,12,8.1,Yes,Graduate,No,Medium,5,Online,1,98.3,Excellent
13869,Female,15,2.5,82.9,44.5,12,6.2,Yes,Postgraduate,Yes,Medium,4,Self Study,7,59.9,Average
13870,Male,16,3.9,67.0,83.0,2,4.8,Yes,Graduate,No,Medium,3,Self Study,6,66.2,Good
13871,Male,16,1.8,60.5,56.4,3,5.0,No,Postgraduate,Yes,Medium,7,Self Study,5,65.9,Good
13872,Male,18,3.9,94.5,61.8,4,7.3,Yes,Graduate,No,Medium,2,Self Study,2,91.9,Excellent
13873,Male,15,3.6,82.8,72.8,2,8.7,Yes,Graduate,Yes,Medium,3,Self Study,2,88.0,Excellent
13874,Male,16,1.4,84.1,66.9,9,5.6,Yes,School,No,High,2,Self Study,6,68.4,Good
13875,Female,18,8.3,69.5,74.8,14,6.7,Yes,School,Yes,Low,5,Coaching,2,96.5,Excellent
13876,Male,17,3.0,73.0,70.0,2,6.6,Yes,Graduate,No,High,7,Self Study,4,75.7,Good
13877,Male,19,3.0,92.6,63.9,10,9.1,Yes,School,Yes,Low,6,Self Study,4,82.6,Excellent
13878,Female,19,5.4,99.4,89.4,7,,Yes,School,Yes,Medium,8,Coaching,3,100.0,Excellent
13879,Male,21,6.7,75.8,77.9,13,7.5,No,School,No,High,6,Self Study,1,99.2,Excellent
13880,Male,20,5.6,88.7,72.2,8,8.0,Yes,Postgraduate,No,Low,4,Online,2,96.7,Excellent
13881,Female,16,1.9,83.9,77.7,11,8.0,Yes,Graduate,No,Medium,10,Self Study,3,91.9,Excellent
13882,Female,19,4.1,80.8,58.1,14,5.6,Yes,Postgraduate,No,Medium,7,Online,4,86.6,Excellent
13883,Female,19,0.8,100.0,98.4,3,7.8,Yes,Postgraduate,Yes,High,1,Self Study,5,,
13884,Male,19,5.2,77.5,52.8,6,5.9,Yes,Graduate,No,Low,2,Online,5,71.5,Good
13885,Female,20,1.2,94.4,69.6,5,6.8,Yes,Graduate,No,High,7,Self Study,7,73.3,Good
13886,Male,16,2.5,85.8,,4,8.3,Yes,Graduate,No,High,1,Online,2,74.0,Good
13887,Female,17,3.8,81.8,63.5,11,7.1,Yes,Graduate,Yes,Medium,2,Self Study,5,83.5,Excellent
13888,Female,20,4.5,95.7,61.6,2,8.2,No,,No,Medium,1,Coaching,3,89.9,Excellent
13889,Female,21,3.4,84.9,57.2,7,8.4,No,Postgraduate,Yes,Medium,9,Self Study,8,77.1,Good
13890,Male,15,6.2,81.0,84.6,3,5.1,Yes,Graduate,Yes,Low,2,Self Study,4,84.7,Excellent
13891,Male,18,5.0,95.8,51.1,10,4.6,Yes,Graduate,No,Medium,3,Self Study,4,82.9,Excellent
13892,Female,16,4.8,94.5,81.8,12,8.3,Yes,Graduate,Yes,Low,10,Coaching,5,100.0,Excellent
13893,Male,16,1.8,94.0,77.1,8,8.3,Yes,Graduate,Yes,Medium,2,Self Study,5,85.9,Excellent
13894,Female,15,6.5,45.0,62.7,8,7.3,Yes,School,Yes,Low,3,Coaching,3,79.3,Good
13895,Female,18,2.5,86.4,75.5,8,7.4,Yes,School,Yes,Medium,9,Self Study,6,84.9,Excellent
13896,Female,19,6.6,84.1,65.8,4,8.0,Yes,School,No,Medium,2,Self Study,6,89.2,Excellent
13897,Male,18,7.0,81.7,52.6,7,8.0,Yes,Graduate,No,Medium,3,Coaching,5,91.3,Excellent
13898,Male,17,4.6,88.1,52.7,15,6.7,Yes,School,No,Low,8,Self Study,4,82.8,Excellent
13899,Male,20,5.5,84.6,77.2,2,8.1,No,Postgraduate,No,Medium,1,Self Study,7,84.7,Excellent
13900,Male,19,0.5,88.8,76.4,13,6.6,Yes,School,Yes,Medium,4,Online,6,69.5,Good
13901,Male,21,3.5,79.3,71.4,4,7.3,Yes,School,Yes,Medium,3,Self Study,3,76.4,Good
13902,Female,17,5.6,97.0,62.5,3,7.2,Yes,Graduate,No,Low,3,Coaching,4,,
13903,Female,16,5.3,89.8,65.3,5,6.1,Yes,School,No,Medium,4,Self Study,4,,
13904,Female,18,1.8,87.4,63.4,5,6.2,Yes,School,Yes,Medium,3,Coaching,4,66.8,Good
13905,Male,18,3.3,86.9,43.5,6,9.5,Yes,School,No,High,8,Coaching,5,76.8,Good
13906,Female,18,0.5,93.6,68.9,13,6.0,Yes,Graduate,Yes,Medium,2,Coaching,2,80.6,Excellent
13907,Female,20,4.5,92.2,75.3,14,7.4,Yes,School,No,Low,4,Coaching,7,85.4,Excellent
13908,Female,15,0.8,80.9,68.9,11,7.6,No,Graduate,Yes,Low,1,Self Study,6,59.2,Average
13909,Female,18,5.6,91.9,92.8,4,6.9,Yes,School,No,Medium,2,Self Study,1,98.6,Excellent
13910,Female,18,,83.7,53.9,15,7.7,Yes,School,Yes,Low,7,Self Study,5,78.8,Good
13911,Male,16,3.0,100.0,58.7,13,7.4,Yes,School,No,Medium,5,Coaching,6,87.0,Excellent
13912,Male,19,4.6,,69.9,3,6.0,Yes,School,No,Medium,5,Self Study,7,82.8,Excellent
13913,Female,20,3.5,75.7,71.4,7,7.6,Yes,Postgraduate,No,Low,3,Self Study,8,68.0,Good
13914,Male,18,4.2,100.0,41.4,12,6.4,Yes,Graduate,Yes,High,2,Self Study,8,65.2,Good
13915,Male,15,2.0,61.0,76.4,3,8.9,Yes,Graduate,Yes,Low,9,Coaching,4,78.2,Good
13916,Male,15,4.8,88.4,71.5,3,7.5,No,Postgraduate,No,Medium,8,Self Study,5,82.9,Excellent
13917,Male,17,1.2,75.0,38.3,10,6.2,Yes,School,No,Low,5,Online,5,55.9,Average
13918,Female,19,0.9,100.0,66.4,6,7.4,Yes,Postgraduate,Yes,Medium,1,Online,7,70.2,Good
13919,Female,17,3.6,84.5,56.7,8,6.0,Yes,Graduate,Yes,Medium,9,Self Study,1,81.1,Excellent
13920,Male,17,3.5,74.1,61.7,12,7.3,Yes,Graduate,No,Medium,5,Online,2,93.7,Excellent
13921,Male,21,4.2,79.3,49.3,9,6.8,Yes,Postgraduate,No,Low,2,Coaching,4,,
13922,Female,15,2.8,74.9,73.8,11,6.1,Yes,School,No,Medium,2,Self Study,5,79.1,Good
13923,Male,15,6.8,78.9,92.7,3,6.1,Yes,Graduate,No,Medium,10,Coaching,4,96.9,Excellent
13924,Female,16,4.1,78.7,71.7,2,9.7,No,Graduate,Yes,High,1,Self Study,6,76.4,Good
13925,Male,21,4.2,74.5,37.8,5,7.1,Yes,Graduate,No,Medium,4,Coaching,3,73.0,Good
13926,Female,18,4.1,84.7,72.0,4,6.5,Yes,School,No,Low,6,Online,2,83.4,Excellent
13927,Female,16,5.4,85.9,65.3,6,6.3,Yes,School,Yes,Medium,3,Coaching,4,81.6,Excellent
13928,Female,17,4.7,72.0,52.6,12,7.5,Yes,Postgraduate,No,High,2,Coaching,3,81.6,Excellent
13929,Male,21,4.5,65.4,73.0,4,6.3,Yes,Graduate,Yes,Low,7,Coaching,6,75.6,Good
13930,Female,19,5.0,85.1,80.3,3,5.8,Yes,School,Yes,Low,1,Self Study,7,69.6,Good
13931,Female,16,0.9,87.3,58.6,4,7.0,Yes,School,No,Medium,10,Self Study,8,65.8,Good
13932,Female,16,0.9,89.3,45.0,6,7.0,Yes,Graduate,Yes,Medium,5,Coaching,7,72.3,Good
13933,Male,15,3.7,87.5,39.8,4,6.5,Yes,School,No,Medium,8,Coaching,4,73.5,Good
13934,Male,20,3.5,97.7,58.7,4,6.0,Yes,School,Yes,Medium,9,Coaching,5,83.1,Excellent
13935,Male,15,4.7,92.0,65.8,10,6.6,Yes,Postgraduate,Yes,Low,8,Self Study,5,94.5,Excellent
13936,Male,17,3.8,100.0,60.8,3,6.5,No,School,No,Medium,5,Self Study,3,74.5,Good
13937,Male,17,4.7,100.0,58.4,4,6.3,No,School,Yes,Medium,1,Self Study,3,66.1,Good
13938,Female,19,1.8,64.4,76.0,13,7.3,No,Graduate,No,Low,1,Coaching,6,70.3,Good
13939,Male,19,3.8,60.0,74.5,2,9.4,Yes,School,Yes,Medium,4,Self Study,2,83.8,Excellent
13940,Male,20,1.7,81.9,70.8,2,8.5,Yes,School,No,Medium,4,Self Study,7,76.9,Good
13941,Male,17,4.4,87.0,79.4,2,9.1,Yes,Graduate,No,Medium,9,Online,3,88.4,Excellent
13942,Male,17,0.8,81.2,58.8,9,6.4,No,Graduate,Yes,High,5,Online,6,74.2,Good
13943,Male,17,4.4,89.0,52.7,11,8.8,No,Graduate,Yes,High,10,Self Study,4,91.6,Excellent
13944,Female,15,1.4,79.3,60.7,11,7.3,Yes,Postgraduate,No,Medium,3,Coaching,7,68.2,Good
13945,Male,20,,75.1,59.7,11,8.1,Yes,Postgraduate,Yes,Medium,10,Self Study,1,85.6,Excellent
13946,Female,18,5.2,76.6,39.3,2,7.5,Yes,Graduate,Yes,High,4,Coaching,6,67.3,Good
13947,Male,18,4.2,80.0,60.4,6,6.6,Yes,Graduate,No,Medium,10,Self Study,7,80.8,Excellent
13948,Male,21,1.2,90.4,83.5,10,7.8,Yes,Postgraduate,Yes,Medium,6,Self Study,6,90.9,Excellent
13949,Female,16,2.7,77.1,79.2,11,7.5,Yes,School,No,Low,1,Coaching,6,60.2,Average
13950,Male,21,1.4,79.1,75.4,6,5.1,Yes,Graduate,Yes,High,10,Self Study,7,78.6,Good
13951,Male,19,1.1,87.7,69.8,13,6.9,Yes,School,No,Medium,3,Coaching,4,74.2,Good
13952,Female,16,4.0,80.0,88.3,13,8.0,Yes,School,No,Low,9,Self Study,4,92.1,Excellent
13953,Female,19,4.7,93.2,53.2,12,7.3,Yes,Postgraduate,No,Medium,9,Self Study,6,,
13954,Female,20,4.5,72.8,54.5,13,7.5,Yes,School,No,Low,3,Online,1,91.8,Excellent
13955,Male,17,4.8,70.6,83.7,15,6.2,Yes,Graduate,Yes,Low,6,Self Study,5,86.8,Excellent
13956,Female,17,3.8,85.0,68.4,13,7.3,Yes,School,Yes,Medium,8,Self Study,5,86.4,Excellent
13957,Female,20,3.4,,58.6,10,6.9,Yes,Graduate,No,Low,10,Self Study,6,70.3,Good
13958,Female,16,2.1,73.4,75.7,7,6.8,Yes,Postgraduate,No,High,4,Self Study,3,83.4,Excellent
13959,Male,15,3.1,95.4,61.9,7,6.3,Yes,Graduate,No,High,5,Coaching,4,79.0,Good
13960,Male,19,1.7,100.0,56.3,13,8.0,Yes,Postgraduate,No,Medium,9,Self Study,3,95.9,Excellent
13961,Male,21,2.4,75.7,55.9,6,7.4,Yes,Graduate,No,Medium,5,Online,3,75.4,Good
13962,Male,18,3.9,96.9,72.5,10,7.3,Yes,Postgraduate,No,Medium,7,Self Study,6,87.6,Excellent
13963,Female,15,3.6,58.2,70.9,9,9.3,Yes,Postgraduate,No,Low,2,Self Study,3,77.3,Good
13964,Male,18,8.7,92.8,89.2,7,7.5,Yes,School,Yes,Medium,7,Self Study,2,100.0,Excellent
13965,Male,16,1.6,73.4,63.9,8,8.3,Yes,Postgraduate,No,Medium,4,Self Study,7,72.6,Good
13966,Male,20,3.6,91.8,63.7,3,7.3,Yes,,Yes,Medium,4,Self Study,4,69.8,Good
13967,Male,19,1.5,72.4,88.2,11,6.6,Yes,Graduate,Yes,Low,10,Self Study,7,80.2,Excellent
13968,Male,17,3.2,81.3,81.8,2,5.8,Yes,School,No,High,8,Self Study,3,83.9,Excellent
13969,Male,19,3.2,73.9,70.0,3,7.3,No,Graduate,Yes,Low,6,Coaching,4,77.1,Good
13970,Male,19,5.2,79.9,46.1,5,4.1,Yes,Postgraduate,No,Medium,6,Online,3,83.9,Excellent
13971,Female,19,3.1,100.0,56.6,9,7.3,Yes,Graduate,No,Medium,9,Self Study,6,73.3,Good
13972,Male,17,3.5,80.9,53.2,6,7.3,Yes,Graduate,No,Medium,7,Self Study,4,81.2,Excellent
13973,Female,18,3.1,100.0,68.5,14,6.8,Yes,Postgraduate,No,High,3,Coaching,6,90.3,Excellent
13974,Male,15,1.6,78.1,60.9,14,6.9,No,Graduate,No,Low,6,Self Study,5,69.2,Good
13975,Male,17,2.8,96.9,90.4,7,5.6,Yes,School,Yes,Low,7,Self Study,2,94.9,Excellent
13976,Male,17,3.2,65.7,46.0,15,8.5,Yes,Postgraduate,No,Low,1,Online,4,69.6,Good
13977,Male,18,3.9,79.1,51.7,3,6.6,No,School,No,Medium,2,Self Study,2,58.1,Average
13978,Male,21,4.7,76.6,71.4,4,,Yes,Postgraduate,No,Medium,5,Self Study,5,61.3,Average
13979,Male,21,3.4,97.4,75.3,6,7.6,Yes,,No,High,6,Self Study,6,77.0,Good
13980,Female,18,3.4,83.9,31.8,15,7.1,Yes,School,No,High,1,Self Study,6,62.3,Average
13981,Male,19,1.0,61.1,43.7,9,6.6,Yes,Graduate,No,Low,5,Online,5,58.2,Average
13982,Male,15,4.7,68.9,64.3,11,6.5,Yes,Graduate,No,High,2,Self Study,2,87.6,Excellent
13983,Female,18,2.7,71.9,87.0,11,7.0,Yes,School,Yes,High,7,Self Study,5,85.5,Excellent
13984,Male,19,5.0,91.3,94.4,8,8.5,Yes,School,No,Medium,5,Self Study,5,87.9,Excellent
13985,Male,19,5.9,90.1,62.2,15,7.5,Yes,School,No,Medium,1,Online,4,86.5,Excellent
13986,Male,21,3.5,79.0,65.6,15,7.0,Yes,Graduate,No,Medium,5,Self Study,5,81.8,Excellent
13987,Male,18,2.2,76.5,56.3,8,7.9,Yes,Graduate,No,Medium,10,Self Study,2,90.5,Excellent
13988,Male,21,3.8,89.2,76.9,11,7.0,Yes,School,No,Medium,1,Self Study,5,84.5,Excellent
13989,Female,21,4.4,70.7,89.4,10,7.4,Yes,School,No,Low,5,Self Study,4,78.2,Good
13990,Female,19,3.3,86.6,85.6,10,7.2,Yes,School,Yes,Medium,2,Online,3,86.6,Excellent
13991,Female,15,2.9,85.7,67.6,3,7.6,Yes,Graduate,Yes,Medium,10,Self Study,6,83.0,Excellent
13992,Male,17,4.7,79.3,56.3,4,6.5,Yes,Graduate,Yes,Low,5,Self Study,4,74.9,Good
13993,Male,20,4.6,86.0,68.1,15,5.7,Yes,School,No,High,7,Online,5,81.3,Excellent
13994,Male,19,3.2,83.0,87.3,5,8.0,Yes,Postgraduate,No,Low,10,Online,5,94.9,Excellent
13995,Male,21,1.2,87.0,62.4,11,8.7,Yes,School,No,Medium,1,Self Study,6,69.9,Good
13996,Male,20,4.5,68.7,42.6,14,5.8,Yes,Graduate,No,Medium,5,Self Study,2,77.0,Good
13997,Male,15,2.6,88.1,63.0,10,7.2,Yes,Graduate,No,Medium,1,Online,4,72.0,Good
13998,Male,21,4.1,92.3,64.1,5,6.5,Yes,Graduate,No,Low,8,Self Study,8,80.5,Excellent
13999,Male,17,4.0,85.2,42.5,14,8.0,Yes,School,Yes,Medium,6,Self Study,7,63.9,Average
14000,Male,20,0.8,88.0,71.2,2,7.3,No,Graduate,Yes,Medium,5,Self Study,7,56.9,Average
